website,advertiser_name,advertiser_id,creative_id,format,first_shown,last_shown,ad_url
booking.com,Booking.com,AR02934798844673654785,CR12542089555622232065,TEXT,2021-10-25T07:00:00.000Z,2026-10-02T11:54:57.000Z,https://adstransparency.google.com/advertiser/AR02934798844673654785/creative/CR12542089555622232065?region=US
booking.com,Booking.com,AR02934798844673654785,CR13798926952142209025,TEXT,2025-03-13T17:40:56.000Z,2026-10-02T11:54:00.000Z,https://adstransparency.google.com/advertiser/AR02934798844673654785/creative/CR13798926952142209025?region=US
booking.com,Booking.com,AR02934798844673654785,CR17401220665880608769,TEXT,2021-10-25T07:00:00.000Z,2026-10-02T11:52:27.000Z,https://adstransparency.google.com/advertiser/AR02934798844673654785/creative/CR17401220665880608769?region=US
booking.com,Booking.com,AR02934798844673654785,CR02098850221478903809,TEXT,2023-11-15T02:18:21.000Z,2026-10-02T11:52:10.000Z,https://adstransparency.google.com/advertiser/AR02934798844673654785/creative/CR02098850221478903809?region=US
booking.com,Booking.com,AR02934798844673654785,CR15156638321397989377,TEXT,2021-10-25T07:00:00.000Z,2026-10-02T11:51:43.000Z,https://adstransparency.google.com/advertiser/AR02934798844673654785/creative/CR15156638321397989377?region=US
booking.com,Booking.com,AR02934798844673654785,CR03496671276699746305,TEXT,2021-10-25T07:00:00.000Z,2026-10-02T11:50:53.000Z,https://adstransparency.google.com/advertiser/AR02934798844673654785/creative/CR03496671276699746305?region=US
booking.com,Booking.com,AR02934798844673654785,CR01234465255472496641,TEXT,2025-03-10T14:01:25.000Z,2026-10-02T11:50:24.000Z,https://adstransparency.google.com/advertiser/AR02934798844673654785/creative/CR01234465255472496641?region=US
booking.com,Booking.com,AR02934798844673654785,CR13932756337789239297,TEXT,2026-01-27T15:17:32.000Z,2026-10-02T11:49:20.000Z,https://adstransparency.google.com/advertiser/AR02934798844673654785/creative/CR13932756337789239297?region=US
booking.com,Booking.com,AR02934798844673654785,CR02595190764057133057,TEXT,2021-10-25T07:00:00.000Z,2026-10-02T11:49:17.000Z,https://adstransparency.google.com/advertiser/AR02934798844673654785/creative/CR02595190764057133057?region=US
booking.com,Booking.com,AR02934798844673654785,CR08918703274673045505,TEXT,2021-10-25T07:00:00.000Z,2026-10-02T11:48:59.000Z,https://adstransparency.google.com/advertiser/AR02934798844673654785/creative/CR08918703274673045505?region=US
booking.com,Booking.com,AR02934798844673654785,CR09507002056355872769,TEXT,2021-10-25T07:00:00.000Z,2026-10-02T11:47:50.000Z,https://adstransparency.google.com/advertiser/AR02934798844673654785/creative/CR09507002056355872769?region=US
booking.com,Booking.com,AR02934798844673654785,CR08901332296624242689,TEXT,2021-10-27T07:00:00.000Z,2026-10-02T11:47:44.000Z,https://adstransparency.google.com/advertiser/AR02934798844673654785/creative/CR08901332296624242689?region=US
booking.com,Booking.com,AR02934798844673654785,CR12863210104131944449,TEXT,2023-04-16T22:20:26.000Z,2026-10-02T11:47:31.000Z,https://adstransparency.google.com/advertiser/AR02934798844673654785/creative/CR12863210104131944449?region=US
booking.com,Booking.com,AR02934798844673654785,CR10912766507561779201,TEXT,2026-06-16T10:53:44.000Z,2026-10-02T11:46:57.000Z,https://adstransparency.google.com/advertiser/AR02934798844673654785/creative/CR10912766507561779201?region=US
booking.com,Booking.com,AR02934798844673654785,CR05707014004459700225,TEXT,2021-10-25T07:00:00.000Z,2026-10-02T11:46:50.000Z,https://adstransparency.google.com/advertiser/AR02934798844673654785/creative/CR05707014004459700225?region=US
booking.com,Booking.com,AR02934798844673654785,CR17840712420033560577,TEXT,2021-11-03T02:43:50.000Z,2026-10-02T11:46:50.000Z,https://adstransparency.google.com/advertiser/AR02934798844673654785/creative/CR17840712420033560577?region=US
booking.com,Booking.com,AR02934798844673654785,CR08437401147764899841,TEXT,2021-10-25T07:00:00.000Z,2026-10-02T11:46:40.000Z,https://adstransparency.google.com/advertiser/AR02934798844673654785/creative/CR08437401147764899841?region=US
booking.com,Booking.com,AR02934798844673654785,CR18359172233164750849,TEXT,2021-10-26T07:00:00.000Z,2026-10-02T11:46:39.000Z,https://adstransparency.google.com/advertiser/AR02934798844673654785/creative/CR18359172233164750849?region=US
booking.com,Booking.com,AR02934798844673654785,CR05070419844541710337,TEXT,2025-03-10T14:44:54.000Z,2026-10-02T11:46:36.000Z,https://adstransparency.google.com/advertiser/AR02934798844673654785/creative/CR05070419844541710337?region=US
booking.com,Booking.com,AR02934798844673654785,CR15144101518019395585,TEXT,2022-10-10T02:37:12.000Z,2026-10-02T11:45:29.000Z,https://adstransparency.google.com/advertiser/AR02934798844673654785/creative/CR15144101518019395585?region=US
booking.com,Booking.com,AR02934798844673654785,CR01890834544332898305,TEXT,2021-10-27T07:00:00.000Z,2026-10-02T11:45:28.000Z,https://adstransparency.google.com/advertiser/AR02934798844673654785/creative/CR01890834544332898305?region=US
booking.com,Booking.com,AR02934798844673654785,CR12962758581240725505,TEXT,2021-10-25T07:00:00.000Z,2026-10-02T11:45:27.000Z,https://adstransparency.google.com/advertiser/AR02934798844673654785/creative/CR12962758581240725505?region=US
booking.com,Booking.com,AR02934798844673654785,CR02803681060859150337,TEXT,2025-08-20T17:58:13.000Z,2026-10-02T11:45:25.000Z,https://adstransparency.google.com/advertiser/AR02934798844673654785/creative/CR02803681060859150337?region=US
booking.com,Booking.com,AR02934798844673654785,CR15402811046347407361,TEXT,2026-02-28T11:01:16.000Z,2026-10-02T11:45:10.000Z,https://adstransparency.google.com/advertiser/AR02934798844673654785/creative/CR15402811046347407361?region=US
booking.com,Booking.com,AR02934798844673654785,CR09641405000525545473,TEXT,2022-02-16T20:45:28.000Z,2026-10-02T11:45:01.000Z,https://adstransparency.google.com/advertiser/AR02934798844673654785/creative/CR09641405000525545473?region=US
booking.com,Booking.com,AR02934798844673654785,CR02811402106387300353,TEXT,2026-06-16T09:45:53.000Z,2026-10-02T11:44:57.000Z,https://adstransparency.google.com/advertiser/AR02934798844673654785/creative/CR02811402106387300353?region=US
booking.com,Booking.com,AR02934798844673654785,CR08650027626921984001,TEXT,2022-07-21T14:25:33.000Z,2026-10-02T11:44:50.000Z,https://adstransparency.google.com/advertiser/AR02934798844673654785/creative/CR08650027626921984001?region=US
booking.com,Booking.com,AR02934798844673654785,CR05923513461786017793,TEXT,2024-06-23T15:34:51.000Z,2026-10-02T11:44:23.000Z,https://adstransparency.google.com/advertiser/AR02934798844673654785/creative/CR05923513461786017793?region=US
booking.com,Booking.com,AR02934798844673654785,CR03578841508675059713,TEXT,2024-11-21T16:56:26.000Z,2026-10-02T11:44:12.000Z,https://adstransparency.google.com/advertiser/AR02934798844673654785/creative/CR03578841508675059713?region=US
booking.com,Booking.com,AR02934798844673654785,CR11609551601886298113,TEXT,2021-10-29T07:00:00.000Z,2026-10-02T11:44:01.000Z,https://adstransparency.google.com/advertiser/AR02934798844673654785/creative/CR11609551601886298113?region=US
booking.com,Booking.com,AR02934798844673654785,CR15344430165778235393,TEXT,2021-10-26T07:00:00.000Z,2026-10-02T11:43:57.000Z,https://adstransparency.google.com/advertiser/AR02934798844673654785/creative/CR15344430165778235393?region=US
booking.com,Booking.com,AR02934798844673654785,CR16060403550483644417,TEXT,2023-04-16T23:06:09.000Z,2026-10-02T11:43:47.000Z,https://adstransparency.google.com/advertiser/AR02934798844673654785/creative/CR16060403550483644417?region=US
booking.com,Booking.com,AR02934798844673654785,CR13549624750812168193,TEXT,2025-05-28T03:16:21.000Z,2026-10-02T11:43:43.000Z,https://adstransparency.google.com/advertiser/AR02934798844673654785/creative/CR13549624750812168193?region=US
booking.com,Booking.com,AR02934798844673654785,CR04696964904781873153,TEXT,2025-05-28T23:32:43.000Z,2026-10-02T11:43:41.000Z,https://adstransparency.google.com/advertiser/AR02934798844673654785/creative/CR04696964904781873153?region=US
booking.com,Booking.com,AR02934798844673654785,CR05519619564813418497,TEXT,2021-10-25T07:00:00.000Z,2026-10-02T11:42:55.000Z,https://adstransparency.google.com/advertiser/AR02934798844673654785/creative/CR05519619564813418497?region=US
booking.com,Booking.com,AR02934798844673654785,CR13768133883465826305,TEXT,2026-06-16T10:37:46.000Z,2026-10-02T11:42:49.000Z,https://adstransparency.google.com/advertiser/AR02934798844673654785/creative/CR13768133883465826305?region=US
booking.com,Booking.com,AR02934798844673654785,CR13711753675972542465,TEXT,2026-06-16T11:00:42.000Z,2026-10-02T11:42:49.000Z,https://adstransparency.google.com/advertiser/AR02934798844673654785/creative/CR13711753675972542465?region=US
booking.com,Booking.com,AR05666126465557594113,CR01994369507006611457,TEXT,2021-11-17T08:00:00.000Z,2026-10-02T11:42:48.000Z,https://adstransparency.google.com/advertiser/AR05666126465557594113/creative/CR01994369507006611457?region=US
booking.com,Booking.com,AR02934798844673654785,CR10966312199848460289,TEXT,2023-03-09T14:38:02.000Z,2026-10-02T11:42:28.000Z,https://adstransparency.google.com/advertiser/AR02934798844673654785/creative/CR10966312199848460289?region=US
booking.com,Booking.com,AR02934798844673654785,CR17070609966223589377,TEXT,2026-06-16T10:51:01.000Z,2026-10-02T11:42:26.000Z,https://adstransparency.google.com/advertiser/AR02934798844673654785/creative/CR17070609966223589377?region=US
booking.com,Booking.com,AR02934798844673654785,CR00918994272584204289,TEXT,2022-04-29T05:33:16.000Z,2026-10-02T11:42:16.000Z,https://adstransparency.google.com/advertiser/AR02934798844673654785/creative/CR00918994272584204289?region=US
booking.com,Booking.com,AR02934798844673654785,CR11359314437715525633,TEXT,2021-11-02T07:00:00.000Z,2026-10-02T11:42:15.000Z,https://adstransparency.google.com/advertiser/AR02934798844673654785/creative/CR11359314437715525633?region=US
booking.com,Booking.com,AR02934798844673654785,CR17301567194001309697,TEXT,2023-06-20T02:42:34.000Z,2026-10-02T11:41:48.000Z,https://adstransparency.google.com/advertiser/AR02934798844673654785/creative/CR17301567194001309697?region=US
booking.com,Booking.com,AR02934798844673654785,CR02350183091936428033,TEXT,2023-01-11T22:22:14.000Z,2026-10-02T11:41:33.000Z,https://adstransparency.google.com/advertiser/AR02934798844673654785/creative/CR02350183091936428033?region=US
booking.com,Booking.com,AR02934798844673654785,CR13048238343215644673,TEXT,2021-11-28T08:00:00.000Z,2026-10-02T11:41:25.000Z,https://adstransparency.google.com/advertiser/AR02934798844673654785/creative/CR13048238343215644673?region=US
booking.com,Booking.com,AR02934798844673654785,CR08142635789893763073,TEXT,2024-11-18T13:41:21.000Z,2026-10-02T11:41:05.000Z,https://adstransparency.google.com/advertiser/AR02934798844673654785/creative/CR08142635789893763073?region=US
booking.com,Booking.com,AR02934798844673654785,CR16331137269253537793,TEXT,2026-06-16T09:34:39.000Z,2026-10-02T11:41:03.000Z,https://adstransparency.google.com/advertiser/AR02934798844673654785/creative/CR16331137269253537793?region=US
booking.com,Booking.com,AR02934798844673654785,CR17631243446213672961,TEXT,2021-10-25T07:00:00.000Z,2026-10-02T11:41:02.000Z,https://adstransparency.google.com/advertiser/AR02934798844673654785/creative/CR17631243446213672961?region=US
booking.com,Booking.com,AR02934798844673654785,CR05069359932512403457,TEXT,2021-10-25T07:00:00.000Z,2026-10-02T11:40:54.000Z,https://adstransparency.google.com/advertiser/AR02934798844673654785/creative/CR05069359932512403457?region=US
booking.com,Booking.com,AR02934798844673654785,CR06321353756973727745,TEXT,2021-10-25T07:00:00.000Z,2026-10-02T11:40:32.000Z,https://adstransparency.google.com/advertiser/AR02934798844673654785/creative/CR06321353756973727745?region=US
booking.com,Booking.com,AR02934798844673654785,CR12450595284654751745,TEXT,2021-10-28T07:00:00.000Z,2026-10-02T11:40:06.000Z,https://adstransparency.google.com/advertiser/AR02934798844673654785/creative/CR12450595284654751745?region=US
booking.com,Booking.com,AR02934798844673654785,CR13999823798304505857,TEXT,2025-06-02T12:15:14.000Z,2026-10-02T11:39:54.000Z,https://adstransparency.google.com/advertiser/AR02934798844673654785/creative/CR13999823798304505857?region=US
booking.com,Booking.com,AR02934798844673654785,CR17055164911639855105,TEXT,2021-10-25T07:00:00.000Z,2026-10-02T11:39:52.000Z,https://adstransparency.google.com/advertiser/AR02934798844673654785/creative/CR17055164911639855105?region=US
booking.com,Booking.com,AR02934798844673654785,CR01187009328595337217,TEXT,2025-06-18T21:44:51.000Z,2026-10-02T11:39:48.000Z,https://adstransparency.google.com/advertiser/AR02934798844673654785/creative/CR01187009328595337217?region=US
booking.com,Booking.com,AR02934798844673654785,CR02483441178213613569,TEXT,2023-11-14T14:13:17.000Z,2026-10-02T11:39:45.000Z,https://adstransparency.google.com/advertiser/AR02934798844673654785/creative/CR02483441178213613569?region=US
booking.com,Booking.com,AR02934798844673654785,CR03173916097996914689,TEXT,2022-04-26T20:57:51.000Z,2026-10-02T11:39:44.000Z,https://adstransparency.google.com/advertiser/AR02934798844673654785/creative/CR03173916097996914689?region=US
booking.com,Booking.com,AR02934798844673654785,CR15617549335154130945,TEXT,2021-10-25T07:00:00.000Z,2026-10-02T11:39:42.000Z,https://adstransparency.google.com/advertiser/AR02934798844673654785/creative/CR15617549335154130945?region=US
booking.com,Booking.com,AR02934798844673654785,CR16253493597800759297,TEXT,2022-11-01T11:52:10.000Z,2026-10-02T11:39:40.000Z,https://adstransparency.google.com/advertiser/AR02934798844673654785/creative/CR16253493597800759297?region=US
booking.com,Booking.com,AR02934798844673654785,CR09662407459322462209,TEXT,2021-10-26T07:00:00.000Z,2026-10-02T11:39:19.000Z,https://adstransparency.google.com/advertiser/AR02934798844673654785/creative/CR09662407459322462209?region=US
booking.com,Booking.com,AR02934798844673654785,CR03669959291399307265,TEXT,2021-10-25T07:00:00.000Z,2026-10-02T11:39:07.000Z,https://adstransparency.google.com/advertiser/AR02934798844673654785/creative/CR03669959291399307265?region=US
booking.com,Booking.com,AR02934798844673654785,CR01562388551142735873,TEXT,2025-06-12T00:51:47.000Z,2026-10-02T11:38:55.000Z,https://adstransparency.google.com/advertiser/AR02934798844673654785/creative/CR01562388551142735873?region=US
booking.com,Booking.com,AR02934798844673654785,CR00534210317199081473,TEXT,2024-12-02T20:13:19.000Z,2026-10-02T11:38:51.000Z,https://adstransparency.google.com/advertiser/AR02934798844673654785/creative/CR00534210317199081473?region=US
booking.com,Booking.com,AR02934798844673654785,CR02748347923442958337,TEXT,2021-10-26T07:00:00.000Z,2026-10-02T11:38:45.000Z,https://adstransparency.google.com/advertiser/AR02934798844673654785/creative/CR02748347923442958337?region=US
booking.com,Booking.com,AR02934798844673654785,CR08562479786654433281,TEXT,2021-10-25T07:00:00.000Z,2026-10-02T11:38:29.000Z,https://adstransparency.google.com/advertiser/AR02934798844673654785/creative/CR08562479786654433281?region=US
booking.com,Booking.com,AR02934798844673654785,CR01367637571252781057,TEXT,2021-11-29T09:53:20.000Z,2026-10-02T11:38:24.000Z,https://adstransparency.google.com/advertiser/AR02934798844673654785/creative/CR01367637571252781057?region=US
booking.com,Booking.com,AR02934798844673654785,CR17937197125171412993,TEXT,2021-10-25T07:00:00.000Z,2026-10-02T11:38:18.000Z,https://adstransparency.google.com/advertiser/AR02934798844673654785/creative/CR17937197125171412993?region=US
booking.com,Booking.com,AR02934798844673654785,CR05553366703406055425,TEXT,2023-03-09T16:46:23.000Z,2026-10-02T11:38:15.000Z,https://adstransparency.google.com/advertiser/AR02934798844673654785/creative/CR05553366703406055425?region=US
booking.com,Booking.com,AR02934798844673654785,CR08485154363688353793,TEXT,2023-04-16T22:12:08.000Z,2026-10-02T11:38:14.000Z,https://adstransparency.google.com/advertiser/AR02934798844673654785/creative/CR08485154363688353793?region=US
booking.com,Booking.com,AR02934798844673654785,CR13940040258725871617,TEXT,2024-08-04T19:38:45.000Z,2026-10-02T11:38:14.000Z,https://adstransparency.google.com/advertiser/AR02934798844673654785/creative/CR13940040258725871617?region=US
booking.com,Booking.com,AR02934798844673654785,CR05303464649763586049,TEXT,2021-10-25T07:00:00.000Z,2026-10-02T11:38:01.000Z,https://adstransparency.google.com/advertiser/AR02934798844673654785/creative/CR05303464649763586049?region=US
booking.com,Booking.com,AR02934798844673654785,CR01856841295524265985,TEXT,2026-06-16T10:34:55.000Z,2026-10-02T11:37:51.000Z,https://adstransparency.google.com/advertiser/AR02934798844673654785/creative/CR01856841295524265985?region=US
booking.com,Booking.com,AR02934798844673654785,CR13025294344452571137,TEXT,2026-06-13T09:29:01.000Z,2026-10-02T11:37:33.000Z,https://adstransparency.google.com/advertiser/AR02934798844673654785/creative/CR13025294344452571137?region=US
booking.com,Booking.com,AR02934798844673654785,CR03628982107939799041,TEXT,2021-10-25T07:00:00.000Z,2026-10-02T11:37:30.000Z,https://adstransparency.google.com/advertiser/AR02934798844673654785/creative/CR03628982107939799041?region=US
booking.com,Booking.com,AR02934798844673654785,CR09375304804143726593,TEXT,2025-04-17T14:00:37.000Z,2026-10-02T11:37:24.000Z,https://adstransparency.google.com/advertiser/AR02934798844673654785/creative/CR09375304804143726593?region=US
booking.com,Booking.com,AR02934798844673654785,CR07062688047388688385,TEXT,2025-08-25T13:06:11.000Z,2026-10-02T11:37:08.000Z,https://adstransparency.google.com/advertiser/AR02934798844673654785/creative/CR07062688047388688385?region=US
booking.com,Booking.com,AR02934798844673654785,CR11767774984435400705,TEXT,2021-10-26T07:00:00.000Z,2026-10-02T11:36:35.000Z,https://adstransparency.google.com/advertiser/AR02934798844673654785/creative/CR11767774984435400705?region=US
booking.com,Booking.com,AR02934798844673654785,CR01181361730068938753,TEXT,2021-11-06T07:00:00.000Z,2026-10-02T11:36:15.000Z,https://adstransparency.google.com/advertiser/AR02934798844673654785/creative/CR01181361730068938753?region=US
booking.com,Booking.com,AR02934798844673654785,CR09785415588967874561,TEXT,2025-03-10T12:14:07.000Z,2026-10-02T11:36:13.000Z,https://adstransparency.google.com/advertiser/AR02934798844673654785/creative/CR09785415588967874561?region=US
booking.com,Booking.com,AR02934798844673654785,CR00729912168488632321,TEXT,2021-10-25T07:00:00.000Z,2026-10-02T11:36:10.000Z,https://adstransparency.google.com/advertiser/AR02934798844673654785/creative/CR00729912168488632321?region=US
booking.com,Booking.com,AR02934798844673654785,CR13550687033663422465,TEXT,2021-10-27T07:00:00.000Z,2026-10-02T11:36:08.000Z,https://adstransparency.google.com/advertiser/AR02934798844673654785/creative/CR13550687033663422465?region=US
booking.com,Booking.com,AR02934798844673654785,CR01830838945038991361,TEXT,2025-08-25T15:06:11.000Z,2026-10-02T11:36:02.000Z,https://adstransparency.google.com/advertiser/AR02934798844673654785/creative/CR01830838945038991361?region=US
booking.com,Booking.com,AR02934798844673654785,CR07267381876568883201,TEXT,2022-11-04T16:50:23.000Z,2026-10-02T11:35:56.000Z,https://adstransparency.google.com/advertiser/AR02934798844673654785/creative/CR07267381876568883201?region=US
booking.com,Booking.com,AR02934798844673654785,CR05205557889543962625,TEXT,2026-06-16T14:19:10.000Z,2026-10-02T11:35:54.000Z,https://adstransparency.google.com/advertiser/AR02934798844673654785/creative/CR05205557889543962625?region=US
booking.com,Booking.com,AR02934798844673654785,CR05726887144555806721,TEXT,2021-12-29T08:00:00.000Z,2026-10-02T11:35:52.000Z,https://adstransparency.google.com/advertiser/AR02934798844673654785/creative/CR05726887144555806721?region=US
booking.com,Booking.com,AR02934798844673654785,CR05916431421492166657,TEXT,2021-10-25T07:00:00.000Z,2026-10-02T11:35:45.000Z,https://adstransparency.google.com/advertiser/AR02934798844673654785/creative/CR05916431421492166657?region=US
booking.com,Booking.com,AR02934798844673654785,CR06773212886635380737,TEXT,2023-05-21T04:44:48.000Z,2026-10-02T11:35:36.000Z,https://adstransparency.google.com/advertiser/AR02934798844673654785/creative/CR06773212886635380737?region=US
booking.com,Booking.com,AR02934798844673654785,CR02975587650867560449,TEXT,2023-10-25T21:51:57.000Z,2026-10-02T11:35:34.000Z,https://adstransparency.google.com/advertiser/AR02934798844673654785/creative/CR02975587650867560449?region=US
booking.com,Booking.com,AR02934798844673654785,CR07124476228592992257,TEXT,2024-12-06T23:46:11.000Z,2026-10-02T11:35:04.000Z,https://adstransparency.google.com/advertiser/AR02934798844673654785/creative/CR07124476228592992257?region=US
booking.com,Booking.com,AR02934798844673654785,CR13140342765827129345,TEXT,2021-10-25T07:00:00.000Z,2026-10-02T11:34:49.000Z,https://adstransparency.google.com/advertiser/AR02934798844673654785/creative/CR13140342765827129345?region=US
booking.com,Booking.com,AR02934798844673654785,CR04449536778071703553,TEXT,2021-10-25T07:00:00.000Z,2026-10-02T11:34:22.000Z,https://adstransparency.google.com/advertiser/AR02934798844673654785/creative/CR04449536778071703553?region=US
booking.com,Booking.com,AR02934798844673654785,CR09253158906362855425,TEXT,2021-10-25T07:00:00.000Z,2026-10-02T11:34:21.000Z,https://adstransparency.google.com/advertiser/AR02934798844673654785/creative/CR09253158906362855425?region=US
booking.com,Booking.com,AR02934798844673654785,CR11045166055646298113,TEXT,2021-11-30T08:00:00.000Z,2026-10-02T11:34:19.000Z,https://adstransparency.google.com/advertiser/AR02934798844673654785/creative/CR11045166055646298113?region=US
booking.com,Booking.com,AR02934798844673654785,CR01216111228129116161,TEXT,2021-10-25T07:00:00.000Z,2026-10-02T11:34:07.000Z,https://adstransparency.google.com/advertiser/AR02934798844673654785/creative/CR01216111228129116161?region=US
booking.com,Booking.com,AR02934798844673654785,CR10444720616824111105,TEXT,2021-10-26T07:00:00.000Z,2026-10-02T11:34:05.000Z,https://adstransparency.google.com/advertiser/AR02934798844673654785/creative/CR10444720616824111105?region=US
booking.com,Booking.com,AR02934798844673654785,CR11587827889231364097,TEXT,2023-09-27T00:31:32.000Z,2026-10-02T11:34:04.000Z,https://adstransparency.google.com/advertiser/AR02934798844673654785/creative/CR11587827889231364097?region=US
booking.com,Booking.com,AR02934798844673654785,CR17976874376649244673,TEXT,2021-10-25T07:00:00.000Z,2026-10-02T11:34:01.000Z,https://adstransparency.google.com/advertiser/AR02934798844673654785/creative/CR17976874376649244673?region=US
booking.com,Booking.com,AR02934798844673654785,CR15828764745755787265,TEXT,2023-02-13T05:10:46.000Z,2026-10-02T11:33:30.000Z,https://adstransparency.google.com/advertiser/AR02934798844673654785/creative/CR15828764745755787265?region=US
booking.com,Booking.com,AR02934798844673654785,CR06714842305397784577,TEXT,2021-10-25T07:00:00.000Z,2026-10-02T11:33:22.000Z,https://adstransparency.google.com/advertiser/AR02934798844673654785/creative/CR06714842305397784577?region=US
booking.com,Booking.com,AR02934798844673654785,CR00151962204994797569,TEXT,2026-06-16T11:32:51.000Z,2026-10-02T11:33:15.000Z,https://adstransparency.google.com/advertiser/AR02934798844673654785/creative/CR00151962204994797569?region=US
booking.com,Booking.com,AR02934798844673654785,CR17535690671669641217,TEXT,2022-01-19T08:00:00.000Z,2026-10-02T11:33:14.000Z,https://adstransparency.google.com/advertiser/AR02934798844673654785/creative/CR17535690671669641217?region=US
booking.com,Booking.com,AR02934798844673654785,CR05012186410199810049,TEXT,2024-09-23T15:20:14.000Z,2026-10-02T11:33:10.000Z,https://adstransparency.google.com/advertiser/AR02934798844673654785/creative/CR05012186410199810049?region=US
booking.com,Booking.com,AR02934798844673654785,CR02125683630956085249,TEXT,2021-10-25T07:00:00.000Z,2026-10-02T11:33:02.000Z,https://adstransparency.google.com/advertiser/AR02934798844673654785/creative/CR02125683630956085249?region=US
booking.com,Booking.com,AR05666126465557594113,CR18445303713477165057,TEXT,2021-11-17T08:00:00.000Z,2026-10-02T11:32:56.000Z,https://adstransparency.google.com/advertiser/AR05666126465557594113/creative/CR18445303713477165057?region=US
booking.com,Booking.com,AR02934798844673654785,CR18383783366433439745,TEXT,2025-03-10T12:58:00.000Z,2026-10-02T11:32:50.000Z,https://adstransparency.google.com/advertiser/AR02934798844673654785/creative/CR18383783366433439745?region=US
booking.com,Booking.com,AR02934798844673654785,CR04578232878936096769,TEXT,2021-11-02T07:00:00.000Z,2026-10-02T11:32:14.000Z,https://adstransparency.google.com/advertiser/AR02934798844673654785/creative/CR04578232878936096769?region=US
booking.com,Booking.com,AR02934798844673654785,CR11065237614641545217,TEXT,2025-05-30T16:11:52.000Z,2026-10-02T11:32:10.000Z,https://adstransparency.google.com/advertiser/AR02934798844673654785/creative/CR11065237614641545217?region=US
booking.com,Booking.com,AR02934798844673654785,CR00381474056018329601,TEXT,2021-11-04T07:00:00.000Z,2026-10-02T11:31:41.000Z,https://adstransparency.google.com/advertiser/AR02934798844673654785/creative/CR00381474056018329601?region=US
booking.com,Booking.com,AR02934798844673654785,CR02507912338498125825,TEXT,2025-10-29T20:59:02.000Z,2026-10-02T11:31:37.000Z,https://adstransparency.google.com/advertiser/AR02934798844673654785/creative/CR02507912338498125825?region=US
booking.com,Booking.com,AR02934798844673654785,CR14040200055709761537,TEXT,2021-10-25T07:00:00.000Z,2026-10-02T11:31:22.000Z,https://adstransparency.google.com/advertiser/AR02934798844673654785/creative/CR14040200055709761537?region=US
booking.com,Booking.com,AR02934798844673654785,CR01864258729814261761,TEXT,2022-10-01T06:39:07.000Z,2026-10-02T11:31:19.000Z,https://adstransparency.google.com/advertiser/AR02934798844673654785/creative/CR01864258729814261761?region=US
booking.com,Booking.com,AR02934798844673654785,CR09495505090329444353,TEXT,2025-03-10T22:20:58.000Z,2026-10-02T11:31:03.000Z,https://adstransparency.google.com/advertiser/AR02934798844673654785/creative/CR09495505090329444353?region=US
booking.com,Booking.com,AR02934798844673654785,CR09476940661128167425,TEXT,2026-06-16T13:32:38.000Z,2026-10-02T11:31:00.000Z,https://adstransparency.google.com/advertiser/AR02934798844673654785/creative/CR09476940661128167425?region=US
booking.com,Booking.com,AR02934798844673654785,CR02775994782546132993,TEXT,2022-10-25T07:42:32.000Z,2026-10-02T11:30:34.000Z,https://adstransparency.google.com/advertiser/AR02934798844673654785/creative/CR02775994782546132993?region=US
booking.com,Booking.com,AR02934798844673654785,CR03023163020785221633,TEXT,2021-10-25T07:00:00.000Z,2026-10-02T11:30:31.000Z,https://adstransparency.google.com/advertiser/AR02934798844673654785/creative/CR03023163020785221633?region=US
booking.com,Booking.com,AR02934798844673654785,CR10429265108289978369,TEXT,2025-05-27T02:23:46.000Z,2026-10-02T11:30:25.000Z,https://adstransparency.google.com/advertiser/AR02934798844673654785/creative/CR10429265108289978369?region=US
booking.com,Booking.com,AR02934798844673654785,CR06976812298019012609,TEXT,2026-06-16T11:11:49.000Z,2026-10-02T11:30:25.000Z,https://adstransparency.google.com/advertiser/AR02934798844673654785/creative/CR06976812298019012609?region=US
booking.com,Booking.com,AR02934798844673654785,CR02259606483681411073,TEXT,2021-10-25T07:00:00.000Z,2026-10-02T11:30:20.000Z,https://adstransparency.google.com/advertiser/AR02934798844673654785/creative/CR02259606483681411073?region=US
booking.com,Booking.com,AR02934798844673654785,CR08396618096827170817,TEXT,2021-10-25T07:00:00.000Z,2026-10-02T11:30:17.000Z,https://adstransparency.google.com/advertiser/AR02934798844673654785/creative/CR08396618096827170817?region=US
booking.com,Booking.com,AR02934798844673654785,CR06151452959642222593,TEXT,2021-10-26T07:00:00.000Z,2026-10-02T11:30:12.000Z,https://adstransparency.google.com/advertiser/AR02934798844673654785/creative/CR06151452959642222593?region=US
booking.com,Booking.com,AR02934798844673654785,CR16071643651695968257,TEXT,2021-10-25T07:00:00.000Z,2026-10-02T11:30:11.000Z,https://adstransparency.google.com/advertiser/AR02934798844673654785/creative/CR16071643651695968257?region=US
booking.com,Booking.com,AR02934798844673654785,CR12767824292146577409,TEXT,2025-03-10T14:32:14.000Z,2026-10-02T11:30:07.000Z,https://adstransparency.google.com/advertiser/AR02934798844673654785/creative/CR12767824292146577409?region=US
booking.com,Booking.com,AR02934798844673654785,CR05723548331469176833,TEXT,2025-08-25T16:07:15.000Z,2026-10-02T11:29:34.000Z,https://adstransparency.google.com/advertiser/AR02934798844673654785/creative/CR05723548331469176833?region=US
booking.com,Booking.com,AR02934798844673654785,CR04362319804904767489,TEXT,2021-10-25T07:00:00.000Z,2026-10-02T11:29:30.000Z,https://adstransparency.google.com/advertiser/AR02934798844673654785/creative/CR04362319804904767489?region=US
booking.com,Booking.com,AR02934798844673654785,CR00686357987471654913,TEXT,2021-12-13T08:00:00.000Z,2026-10-02T11:29:16.000Z,https://adstransparency.google.com/advertiser/AR02934798844673654785/creative/CR00686357987471654913?region=US
booking.com,Booking.com,AR02934798844673654785,CR10752684443555594241,TEXT,2022-05-07T07:00:00.000Z,2026-10-02T11:29:12.000Z,https://adstransparency.google.com/advertiser/AR02934798844673654785/creative/CR10752684443555594241?region=US
booking.com,Booking.com,AR02934798844673654785,CR17095561673218981889,TEXT,2024-11-11T21:58:41.000Z,2026-10-02T11:29:09.000Z,https://adstransparency.google.com/advertiser/AR02934798844673654785/creative/CR17095561673218981889?region=US
booking.com,Booking.com,AR02934798844673654785,CR08905634513825038337,TEXT,2023-09-13T18:33:30.000Z,2026-10-02T11:29:05.000Z,https://adstransparency.google.com/advertiser/AR02934798844673654785/creative/CR08905634513825038337?region=US
booking.com,Booking.com,AR02934798844673654785,CR04192972646037585921,TEXT,2021-10-25T07:00:00.000Z,2026-10-02T11:29:03.000Z,https://adstransparency.google.com/advertiser/AR02934798844673654785/creative/CR04192972646037585921?region=US
booking.com,Booking.com,AR02934798844673654785,CR17759970745720504321,TEXT,2021-12-21T16:39:51.000Z,2026-10-02T11:28:50.000Z,https://adstransparency.google.com/advertiser/AR02934798844673654785/creative/CR17759970745720504321?region=US
booking.com,Booking.com,AR02934798844673654785,CR06357898637262979073,TEXT,2021-10-25T07:00:00.000Z,2026-10-02T11:28:50.000Z,https://adstransparency.google.com/advertiser/AR02934798844673654785/creative/CR06357898637262979073?region=US
booking.com,Booking.com,AR02934798844673654785,CR11050954202682490881,TEXT,2021-10-28T07:00:00.000Z,2026-10-02T11:28:49.000Z,https://adstransparency.google.com/advertiser/AR02934798844673654785/creative/CR11050954202682490881?region=US
booking.com,Booking.com,AR02934798844673654785,CR10515217625905102849,TEXT,2024-02-07T03:12:15.000Z,2026-10-02T11:28:39.000Z,https://adstransparency.google.com/advertiser/AR02934798844673654785/creative/CR10515217625905102849?region=US
booking.com,Booking.com,AR02934798844673654785,CR02767250315030822913,TEXT,2021-10-25T07:00:00.000Z,2026-10-02T11:28:35.000Z,https://adstransparency.google.com/advertiser/AR02934798844673654785/creative/CR02767250315030822913?region=US
booking.com,Booking.com,AR02934798844673654785,CR17848672059584937985,TEXT,2022-05-03T13:26:47.000Z,2026-10-02T11:28:33.000Z,https://adstransparency.google.com/advertiser/AR02934798844673654785/creative/CR17848672059584937985?region=US
booking.com,Booking.com,AR02934798844673654785,CR02368918091468898305,TEXT,2021-11-27T08:00:00.000Z,2026-10-02T11:28:32.000Z,https://adstransparency.google.com/advertiser/AR02934798844673654785/creative/CR02368918091468898305?region=US
booking.com,Booking.com,AR02934798844673654785,CR04855559192116723713,TEXT,2025-03-10T18:57:09.000Z,2026-10-02T11:28:29.000Z,https://adstransparency.google.com/advertiser/AR02934798844673654785/creative/CR04855559192116723713?region=US
booking.com,Booking.com,AR02934798844673654785,CR10379676670020812801,TEXT,2021-10-26T07:00:00.000Z,2026-10-02T11:28:26.000Z,https://adstransparency.google.com/advertiser/AR02934798844673654785/creative/CR10379676670020812801?region=US
booking.com,Booking.com,AR02934798844673654785,CR11654785750771171329,TEXT,2021-11-03T07:00:00.000Z,2026-10-02T11:28:22.000Z,https://adstransparency.google.com/advertiser/AR02934798844673654785/creative/CR11654785750771171329?region=US
booking.com,Booking.com,AR02934798844673654785,CR10940623734163111937,TEXT,2026-04-16T23:42:40.000Z,2026-10-02T11:28:12.000Z,https://adstransparency.google.com/advertiser/AR02934798844673654785/creative/CR10940623734163111937?region=US
booking.com,Booking.com,AR02934798844673654785,CR07175997075727843329,TEXT,2021-11-06T07:00:00.000Z,2026-10-02T11:28:10.000Z,https://adstransparency.google.com/advertiser/AR02934798844673654785/creative/CR07175997075727843329?region=US
booking.com,Booking.com,AR02934798844673654785,CR11569181546413817857,TEXT,2026-06-16T11:46:44.000Z,2026-10-02T11:28:09.000Z,https://adstransparency.google.com/advertiser/AR02934798844673654785/creative/CR11569181546413817857?region=US
booking.com,Booking.com,AR02934798844673654785,CR03447210794096263169,TEXT,2024-06-26T12:05:02.000Z,2026-10-02T11:28:07.000Z,https://adstransparency.google.com/advertiser/AR02934798844673654785/creative/CR03447210794096263169?region=US
booking.com,Booking.com,AR02934798844673654785,CR07851768673189494785,TEXT,2021-11-08T08:00:00.000Z,2026-10-02T11:28:02.000Z,https://adstransparency.google.com/advertiser/AR02934798844673654785/creative/CR07851768673189494785?region=US
booking.com,Booking.com,AR02934798844673654785,CR11674202773930377217,TEXT,2022-10-13T07:00:00.000Z,2026-10-02T11:28:02.000Z,https://adstransparency.google.com/advertiser/AR02934798844673654785/creative/CR11674202773930377217?region=US
booking.com,Booking.com,AR02934798844673654785,CR11815944176531406849,TEXT,2021-10-25T07:00:00.000Z,2026-10-02T11:27:53.000Z,https://adstransparency.google.com/advertiser/AR02934798844673654785/creative/CR11815944176531406849?region=US
booking.com,Booking.com,AR02934798844673654785,CR07724155496789180417,TEXT,2021-10-25T07:00:00.000Z,2026-10-02T11:27:46.000Z,https://adstransparency.google.com/advertiser/AR02934798844673654785/creative/CR07724155496789180417?region=US
booking.com,Booking.com,AR02934798844673654785,CR00179947413031616513,TEXT,2023-05-16T07:00:00.000Z,2026-10-02T11:27:41.000Z,https://adstransparency.google.com/advertiser/AR02934798844673654785/creative/CR00179947413031616513?region=US
booking.com,Booking.com,AR02934798844673654785,CR08704921500852944897,TEXT,2023-01-15T02:55:32.000Z,2026-10-02T11:27:30.000Z,https://adstransparency.google.com/advertiser/AR02934798844673654785/creative/CR08704921500852944897?region=US
booking.com,Booking.com,AR02934798844673654785,CR17723198352423649281,TEXT,2021-10-25T07:00:00.000Z,2026-10-02T11:27:14.000Z,https://adstransparency.google.com/advertiser/AR02934798844673654785/creative/CR17723198352423649281?region=US
booking.com,Booking.com,AR02934798844673654785,CR14945445708482740225,TEXT,2023-03-09T13:41:34.000Z,2026-10-02T11:27:07.000Z,https://adstransparency.google.com/advertiser/AR02934798844673654785/creative/CR14945445708482740225?region=US
booking.com,Booking.com,AR02934798844673654785,CR04221588020266008577,TEXT,2021-11-20T08:00:00.000Z,2026-10-02T11:27:06.000Z,https://adstransparency.google.com/advertiser/AR02934798844673654785/creative/CR04221588020266008577?region=US
booking.com,Booking.com,AR02934798844673654785,CR16519973993277554689,TEXT,2026-06-16T11:00:12.000Z,2026-10-02T11:27:04.000Z,https://adstransparency.google.com/advertiser/AR02934798844673654785/creative/CR16519973993277554689?region=US
booking.com,Booking.com,AR02934798844673654785,CR00849144532254588929,TEXT,2023-01-02T22:56:38.000Z,2026-10-02T11:26:45.000Z,https://adstransparency.google.com/advertiser/AR02934798844673654785/creative/CR00849144532254588929?region=US
booking.com,Booking.com,AR02934798844673654785,CR09886500350108631041,TEXT,2023-03-09T12:43:11.000Z,2026-10-02T11:26:37.000Z,https://adstransparency.google.com/advertiser/AR02934798844673654785/creative/CR09886500350108631041?region=US
booking.com,Booking.com,AR02934798844673654785,CR02261585200884482049,TEXT,2025-08-25T20:25:53.000Z,2026-10-02T11:26:35.000Z,https://adstransparency.google.com/advertiser/AR02934798844673654785/creative/CR02261585200884482049?region=US
booking.com,Booking.com,AR02934798844673654785,CR01420395446278291457,TEXT,2026-01-19T12:13:20.000Z,2026-10-02T11:26:34.000Z,https://adstransparency.google.com/advertiser/AR02934798844673654785/creative/CR01420395446278291457?region=US
booking.com,Booking.com,AR02934798844673654785,CR03750252485227315201,TEXT,2021-10-25T07:00:00.000Z,2026-10-02T11:26:23.000Z,https://adstransparency.google.com/advertiser/AR02934798844673654785/creative/CR03750252485227315201?region=US
booking.com,Booking.com,AR02934798844673654785,CR16645038948401283073,TEXT,2022-02-11T03:35:15.000Z,2026-10-02T11:26:13.000Z,https://adstransparency.google.com/advertiser/AR02934798844673654785/creative/CR16645038948401283073?region=US
booking.com,Booking.com,AR02934798844673654785,CR03124617174883237889,TEXT,2021-10-31T07:00:00.000Z,2026-10-02T11:26:12.000Z,https://adstransparency.google.com/advertiser/AR02934798844673654785/creative/CR03124617174883237889?region=US
booking.com,Booking.com,AR02934798844673654785,CR15671770582846799873,TEXT,2021-12-19T08:00:00.000Z,2026-10-02T11:26:07.000Z,https://adstransparency.google.com/advertiser/AR02934798844673654785/creative/CR15671770582846799873?region=US
booking.com,Booking.com,AR02934798844673654785,CR00463303877475696641,TEXT,2025-03-10T15:50:00.000Z,2026-10-02T11:26:07.000Z,https://adstransparency.google.com/advertiser/AR02934798844673654785/creative/CR00463303877475696641?region=US
booking.com,Booking.com,AR02934798844673654785,CR17140111393295433729,TEXT,2021-10-25T07:00:00.000Z,2026-10-02T11:25:59.000Z,https://adstransparency.google.com/advertiser/AR02934798844673654785/creative/CR17140111393295433729?region=US
booking.com,Booking.com,AR02934798844673654785,CR11718577886406377473,TEXT,2021-10-25T07:00:00.000Z,2026-10-02T11:25:54.000Z,https://adstransparency.google.com/advertiser/AR02934798844673654785/creative/CR11718577886406377473?region=US
booking.com,Booking.com,AR02934798844673654785,CR01879613830602948609,TEXT,2026-06-16T12:22:13.000Z,2026-10-02T11:25:53.000Z,https://adstransparency.google.com/advertiser/AR02934798844673654785/creative/CR01879613830602948609?region=US
booking.com,Booking.com,AR02934798844673654785,CR11491220803295379457,TEXT,2021-10-25T07:00:00.000Z,2026-10-02T11:25:51.000Z,https://adstransparency.google.com/advertiser/AR02934798844673654785/creative/CR11491220803295379457?region=US
booking.com,Booking.com,AR02934798844673654785,CR04215941830488883201,TEXT,2026-02-04T21:38:36.000Z,2026-10-02T11:25:49.000Z,https://adstransparency.google.com/advertiser/AR02934798844673654785/creative/CR04215941830488883201?region=US
booking.com,Booking.com,AR02934798844673654785,CR11890099346697355265,TEXT,2021-10-28T07:00:00.000Z,2026-10-02T11:25:34.000Z,https://adstransparency.google.com/advertiser/AR02934798844673654785/creative/CR11890099346697355265?region=US
booking.com,Booking.com,AR02934798844673654785,CR09055203932409692161,TEXT,2021-10-25T07:00:00.000Z,2026-10-02T11:25:33.000Z,https://adstransparency.google.com/advertiser/AR02934798844673654785/creative/CR09055203932409692161?region=US
booking.com,Booking.com,AR02934798844673654785,CR16662480793410469889,TEXT,2021-10-25T07:00:00.000Z,2026-10-02T11:25:21.000Z,https://adstransparency.google.com/advertiser/AR02934798844673654785/creative/CR16662480793410469889?region=US
booking.com,Booking.com,AR02934798844673654785,CR01461686892494848001,TEXT,2022-02-19T17:42:02.000Z,2026-10-02T11:25:16.000Z,https://adstransparency.google.com/advertiser/AR02934798844673654785/creative/CR01461686892494848001?region=US
booking.com,Booking.com,AR02934798844673654785,CR07679248693131739137,TEXT,2021-10-25T07:00:00.000Z,2026-10-02T11:25:12.000Z,https://adstransparency.google.com/advertiser/AR02934798844673654785/creative/CR07679248693131739137?region=US
booking.com,Booking.com,AR02934798844673654785,CR00087498070186524673,TEXT,2021-11-17T08:00:00.000Z,2026-10-02T11:25:02.000Z,https://adstransparency.google.com/advertiser/AR02934798844673654785/creative/CR00087498070186524673?region=US
booking.com,Booking.com,AR02934798844673654785,CR06605729623315578881,TEXT,2021-10-26T07:00:00.000Z,2026-10-02T11:24:59.000Z,https://adstransparency.google.com/advertiser/AR02934798844673654785/creative/CR06605729623315578881?region=US
booking.com,Booking.com,AR02934798844673654785,CR02446338793989472257,TEXT,2022-11-05T21:55:55.000Z,2026-10-02T11:24:57.000Z,https://adstransparency.google.com/advertiser/AR02934798844673654785/creative/CR02446338793989472257?region=US
booking.com,Booking.com,AR02934798844673654785,CR10949315846027083777,TEXT,2021-10-25T07:00:00.000Z,2026-10-02T11:24:52.000Z,https://adstransparency.google.com/advertiser/AR02934798844673654785/creative/CR10949315846027083777?region=US
booking.com,Booking.com,AR02934798844673654785,CR13012030669398736897,TEXT,2022-02-08T00:38:20.000Z,2026-10-02T11:24:51.000Z,https://adstransparency.google.com/advertiser/AR02934798844673654785/creative/CR13012030669398736897?region=US
booking.com,Booking.com,AR02934798844673654785,CR14015076215015079937,TEXT,2021-10-25T07:00:00.000Z,2026-10-02T11:24:46.000Z,https://adstransparency.google.com/advertiser/AR02934798844673654785/creative/CR14015076215015079937?region=US
booking.com,Booking.com,AR02934798844673654785,CR13579031773412589569,TEXT,2021-12-29T02:13:48.000Z,2026-10-02T11:24:42.000Z,https://adstransparency.google.com/advertiser/AR02934798844673654785/creative/CR13579031773412589569?region=US
booking.com,Booking.com,AR02934798844673654785,CR04089464552679276545,TEXT,2021-11-09T08:00:00.000Z,2026-10-02T11:24:37.000Z,https://adstransparency.google.com/advertiser/AR02934798844673654785/creative/CR04089464552679276545?region=US
booking.com,Booking.com,AR02934798844673654785,CR08334800142909571073,TEXT,2021-11-28T08:00:00.000Z,2026-10-02T11:24:36.000Z,https://adstransparency.google.com/advertiser/AR02934798844673654785/creative/CR08334800142909571073?region=US
booking.com,Booking.com,AR02934798844673654785,CR06787487863278665729,TEXT,2021-10-25T07:00:00.000Z,2026-10-02T11:24:26.000Z,https://adstransparency.google.com/advertiser/AR02934798844673654785/creative/CR06787487863278665729?region=US
booking.com,Booking.com,AR02934798844673654785,CR06254764274778898433,TEXT,2021-11-29T14:03:12.000Z,2026-10-02T11:24:24.000Z,https://adstransparency.google.com/advertiser/AR02934798844673654785/creative/CR06254764274778898433?region=US
booking.com,Booking.com,AR02934798844673654785,CR09730654266317602817,TEXT,2021-10-25T07:00:00.000Z,2026-10-02T11:24:21.000Z,https://adstransparency.google.com/advertiser/AR02934798844673654785/creative/CR09730654266317602817?region=US
booking.com,Booking.com,AR02934798844673654785,CR05720279895716659201,TEXT,2025-03-10T15:28:26.000Z,2026-10-02T11:24:19.000Z,https://adstransparency.google.com/advertiser/AR02934798844673654785/creative/CR05720279895716659201?region=US
booking.com,Booking.com,AR02934798844673654785,CR07370643919840739329,TEXT,2021-12-09T08:00:00.000Z,2026-10-02T11:24:15.000Z,https://adstransparency.google.com/advertiser/AR02934798844673654785/creative/CR07370643919840739329?region=US
booking.com,Booking.com,AR02934798844673654785,CR17294668248163287041,TEXT,2021-10-30T07:00:00.000Z,2026-10-02T11:24:14.000Z,https://adstransparency.google.com/advertiser/AR02934798844673654785/creative/CR17294668248163287041?region=US
booking.com,Booking.com,AR02934798844673654785,CR14626456357105041409,TEXT,2021-10-25T07:00:00.000Z,2026-10-02T11:24:12.000Z,https://adstransparency.google.com/advertiser/AR02934798844673654785/creative/CR14626456357105041409?region=US
booking.com,Booking.com,AR02934798844673654785,CR13127864528622583809,TEXT,2022-08-29T14:04:14.000Z,2026-10-02T11:24:06.000Z,https://adstransparency.google.com/advertiser/AR02934798844673654785/creative/CR13127864528622583809?region=US
booking.com,Booking.com,AR02934798844673654785,CR10434259279081897985,TEXT,2021-10-27T07:00:00.000Z,2026-10-02T11:23:56.000Z,https://adstransparency.google.com/advertiser/AR02934798844673654785/creative/CR10434259279081897985?region=US
booking.com,Booking.com,AR02934798844673654785,CR17376878560773406721,TEXT,2025-03-10T16:12:16.000Z,2026-10-02T11:23:47.000Z,https://adstransparency.google.com/advertiser/AR02934798844673654785/creative/CR17376878560773406721?region=US
booking.com,Booking.com,AR02934798844673654785,CR17932085255095713793,TEXT,2022-09-30T20:55:03.000Z,2026-10-02T11:23:42.000Z,https://adstransparency.google.com/advertiser/AR02934798844673654785/creative/CR17932085255095713793?region=US
booking.com,Booking.com,AR02934798844673654785,CR10950716537941524481,TEXT,2025-03-10T13:01:47.000Z,2026-10-02T11:23:40.000Z,https://adstransparency.google.com/advertiser/AR02934798844673654785/creative/CR10950716537941524481?region=US
booking.com,Booking.com,AR02934798844673654785,CR07896627373213220865,TEXT,2021-11-03T07:00:00.000Z,2026-10-02T11:23:37.000Z,https://adstransparency.google.com/advertiser/AR02934798844673654785/creative/CR07896627373213220865?region=US
booking.com,Booking.com,AR02934798844673654785,CR03453430585345703937,TEXT,2026-06-16T10:52:22.000Z,2026-10-02T11:23:36.000Z,https://adstransparency.google.com/advertiser/AR02934798844673654785/creative/CR03453430585345703937?region=US
booking.com,Booking.com,AR02934798844673654785,CR13079409214395252737,TEXT,2022-04-12T18:02:52.000Z,2026-10-02T11:23:36.000Z,https://adstransparency.google.com/advertiser/AR02934798844673654785/creative/CR13079409214395252737?region=US
booking.com,Booking.com,AR02934798844673654785,CR10989268851585187841,TEXT,2021-11-16T08:00:00.000Z,2026-10-02T11:23:33.000Z,https://adstransparency.google.com/advertiser/AR02934798844673654785/creative/CR10989268851585187841?region=US
booking.com,Booking.com,AR02934798844673654785,CR13677500040476622849,TEXT,2026-06-16T13:22:24.000Z,2026-10-02T11:23:12.000Z,https://adstransparency.google.com/advertiser/AR02934798844673654785/creative/CR13677500040476622849?region=US
booking.com,Booking.com,AR02934798844673654785,CR17507709268973846529,TEXT,2026-06-16T10:41:54.000Z,2026-10-02T11:23:02.000Z,https://adstransparency.google.com/advertiser/AR02934798844673654785/creative/CR17507709268973846529?region=US
booking.com,Booking.com,AR02934798844673654785,CR05988179228128968705,TEXT,2021-11-07T07:00:00.000Z,2026-10-02T11:23:00.000Z,https://adstransparency.google.com/advertiser/AR02934798844673654785/creative/CR05988179228128968705?region=US
booking.com,Booking.com,AR02934798844673654785,CR11505985852887007233,TEXT,2023-03-04T03:03:36.000Z,2026-10-02T11:23:00.000Z,https://adstransparency.google.com/advertiser/AR02934798844673654785/creative/CR11505985852887007233?region=US
booking.com,Booking.com,AR02934798844673654785,CR12666104648940126209,TEXT,2026-04-28T16:14:52.000Z,2026-10-02T11:22:58.000Z,https://adstransparency.google.com/advertiser/AR02934798844673654785/creative/CR12666104648940126209?region=US
booking.com,Booking.com,AR02934798844673654785,CR04388930322759155713,TEXT,2021-10-26T07:00:00.000Z,2026-10-02T11:22:57.000Z,https://adstransparency.google.com/advertiser/AR02934798844673654785/creative/CR04388930322759155713?region=US
booking.com,Booking.com,AR02934798844673654785,CR00129685197472923649,TEXT,2021-10-27T07:00:00.000Z,2026-10-02T11:22:43.000Z,https://adstransparency.google.com/advertiser/AR02934798844673654785/creative/CR00129685197472923649?region=US
booking.com,Booking.com,AR02934798844673654785,CR16698521487488843777,TEXT,2026-06-16T11:21:22.000Z,2026-10-02T11:22:39.000Z,https://adstransparency.google.com/advertiser/AR02934798844673654785/creative/CR16698521487488843777?region=US
booking.com,Booking.com,AR02934798844673654785,CR05323526184305164289,TEXT,2025-03-11T16:19:23.000Z,2026-10-02T11:22:37.000Z,https://adstransparency.google.com/advertiser/AR02934798844673654785/creative/CR05323526184305164289?region=US
booking.com,Booking.com,AR02934798844673654785,CR09707148356983193601,TEXT,2021-10-25T07:00:00.000Z,2026-10-02T11:22:36.000Z,https://adstransparency.google.com/advertiser/AR02934798844673654785/creative/CR09707148356983193601?region=US
booking.com,Booking.com,AR02934798844673654785,CR14251847883618779137,TEXT,2022-03-09T21:10:56.000Z,2026-10-02T11:22:27.000Z,https://adstransparency.google.com/advertiser/AR02934798844673654785/creative/CR14251847883618779137?region=US
booking.com,Booking.com,AR02934798844673654785,CR10303506696336572417,TEXT,2021-10-25T07:00:00.000Z,2026-10-02T11:22:24.000Z,https://adstransparency.google.com/advertiser/AR02934798844673654785/creative/CR10303506696336572417?region=US
booking.com,Booking.com,AR02934798844673654785,CR13745951571382894593,TEXT,2021-10-26T07:00:00.000Z,2026-10-02T11:22:21.000Z,https://adstransparency.google.com/advertiser/AR02934798844673654785/creative/CR13745951571382894593?region=US
booking.com,Booking.com,AR02934798844673654785,CR17738992476179398657,TEXT,2022-01-03T08:00:00.000Z,2026-10-02T11:22:18.000Z,https://adstransparency.google.com/advertiser/AR02934798844673654785/creative/CR17738992476179398657?region=US
booking.com,Booking.com,AR02934798844673654785,CR01085979783554138113,TEXT,2022-02-24T08:00:00.000Z,2026-10-02T11:22:10.000Z,https://adstransparency.google.com/advertiser/AR02934798844673654785/creative/CR01085979783554138113?region=US
booking.com,Booking.com,AR02934798844673654785,CR03264517694371659777,TEXT,2025-03-10T13:21:58.000Z,2026-10-02T11:21:52.000Z,https://adstransparency.google.com/advertiser/AR02934798844673654785/creative/CR03264517694371659777?region=US
booking.com,Booking.com,AR02934798844673654785,CR10602096722584797185,TEXT,2022-04-28T04:53:28.000Z,2026-10-02T11:21:49.000Z,https://adstransparency.google.com/advertiser/AR02934798844673654785/creative/CR10602096722584797185?region=US
booking.com,Booking.com,AR02934798844673654785,CR07935567745742012417,TEXT,2022-03-30T01:36:44.000Z,2026-10-02T11:21:24.000Z,https://adstransparency.google.com/advertiser/AR02934798844673654785/creative/CR07935567745742012417?region=US
booking.com,Booking.com,AR02934798844673654785,CR17904268246568140801,TEXT,2022-06-03T07:00:00.000Z,2026-10-02T11:21:10.000Z,https://adstransparency.google.com/advertiser/AR02934798844673654785/creative/CR17904268246568140801?region=US
booking.com,Booking.com,AR02934798844673654785,CR16965434317452869633,TEXT,2021-10-31T07:00:00.000Z,2026-10-02T11:21:09.000Z,https://adstransparency.google.com/advertiser/AR02934798844673654785/creative/CR16965434317452869633?region=US
booking.com,Booking.com,AR02934798844673654785,CR15629822917167022081,TEXT,2021-12-04T05:30:05.000Z,2026-10-02T11:21:04.000Z,https://adstransparency.google.com/advertiser/AR02934798844673654785/creative/CR15629822917167022081?region=US
booking.com,Booking.com,AR02934798844673654785,CR08743929922843574273,TEXT,2021-11-20T01:00:58.000Z,2026-10-02T11:21:02.000Z,https://adstransparency.google.com/advertiser/AR02934798844673654785/creative/CR08743929922843574273?region=US
booking.com,Booking.com,AR02934798844673654785,CR06875567386137722881,TEXT,2025-06-18T17:25:09.000Z,2026-10-02T11:21:02.000Z,https://adstransparency.google.com/advertiser/AR02934798844673654785/creative/CR06875567386137722881?region=US
booking.com,Booking.com,AR02934798844673654785,CR16892392325500633089,TEXT,2025-03-17T13:02:10.000Z,2026-10-02T11:20:56.000Z,https://adstransparency.google.com/advertiser/AR02934798844673654785/creative/CR16892392325500633089?region=US
booking.com,Booking.com,AR02934798844673654785,CR06178445497657720833,TEXT,2022-12-06T04:22:04.000Z,2026-10-02T11:20:55.000Z,https://adstransparency.google.com/advertiser/AR02934798844673654785/creative/CR06178445497657720833?region=US
booking.com,Booking.com,AR02934798844673654785,CR16999342963995705345,TEXT,2021-12-02T00:19:59.000Z,2026-10-02T11:20:47.000Z,https://adstransparency.google.com/advertiser/AR02934798844673654785/creative/CR16999342963995705345?region=US
booking.com,Booking.com,AR02934798844673654785,CR05094517523060097025,TEXT,2026-06-16T14:56:45.000Z,2026-10-02T11:20:46.000Z,https://adstransparency.google.com/advertiser/AR02934798844673654785/creative/CR05094517523060097025?region=US
booking.com,Booking.com,AR02934798844673654785,CR06338743340820856833,TEXT,2025-03-11T04:56:24.000Z,2026-10-02T11:20:34.000Z,https://adstransparency.google.com/advertiser/AR02934798844673654785/creative/CR06338743340820856833?region=US
booking.com,Booking.com,AR02934798844673654785,CR03490483775014436865,TEXT,2021-10-25T07:00:00.000Z,2026-10-02T11:20:27.000Z,https://adstransparency.google.com/advertiser/AR02934798844673654785/creative/CR03490483775014436865?region=US
booking.com,Booking.com,AR02934798844673654785,CR18109385319005552641,TEXT,2021-10-25T07:00:00.000Z,2026-10-02T11:20:27.000Z,https://adstransparency.google.com/advertiser/AR02934798844673654785/creative/CR18109385319005552641?region=US
booking.com,Booking.com,AR02934798844673654785,CR15578318493987110913,TEXT,2025-08-27T16:33:22.000Z,2026-10-02T11:20:26.000Z,https://adstransparency.google.com/advertiser/AR02934798844673654785/creative/CR15578318493987110913?region=US
booking.com,Booking.com,AR02934798844673654785,CR10342758282195632129,TEXT,2021-10-26T07:00:00.000Z,2026-10-02T11:20:22.000Z,https://adstransparency.google.com/advertiser/AR02934798844673654785/creative/CR10342758282195632129?region=US
booking.com,Booking.com,AR02934798844673654785,CR01208169455641690113,TEXT,2021-10-29T07:00:00.000Z,2026-10-02T11:20:20.000Z,https://adstransparency.google.com/advertiser/AR02934798844673654785/creative/CR01208169455641690113?region=US
booking.com,Booking.com,AR02934798844673654785,CR11375816956197208065,TEXT,2021-10-25T07:00:00.000Z,2026-10-02T11:20:19.000Z,https://adstransparency.google.com/advertiser/AR02934798844673654785/creative/CR11375816956197208065?region=US
booking.com,Booking.com,AR02934798844673654785,CR06844785029109776385,TEXT,2021-10-25T07:00:00.000Z,2026-10-02T11:20:06.000Z,https://adstransparency.google.com/advertiser/AR02934798844673654785/creative/CR06844785029109776385?region=US
booking.com,Booking.com,AR02934798844673654785,CR05502137175312957441,TEXT,2025-03-10T21:16:53.000Z,2026-10-02T11:19:58.000Z,https://adstransparency.google.com/advertiser/AR02934798844673654785/creative/CR05502137175312957441?region=US
booking.com,Booking.com,AR02934798844673654785,CR07204666661033476097,TEXT,2021-12-03T15:26:57.000Z,2026-10-02T11:19:57.000Z,https://adstransparency.google.com/advertiser/AR02934798844673654785/creative/CR07204666661033476097?region=US
booking.com,Booking.com,AR02934798844673654785,CR10563891957694726145,TEXT,2024-12-05T15:13:13.000Z,2026-10-02T11:19:56.000Z,https://adstransparency.google.com/advertiser/AR02934798844673654785/creative/CR10563891957694726145?region=US
booking.com,Booking.com,AR02934798844673654785,CR01482892683633491969,VIDEO,2026-09-30T09:45:36.000Z,2026-10-02T11:19:52.000Z,https://adstransparency.google.com/advertiser/AR02934798844673654785/creative/CR01482892683633491969?region=US
booking.com,Booking.com,AR02934798844673654785,CR15212011513679183873,TEXT,2021-10-25T07:00:00.000Z,2026-10-02T11:19:52.000Z,https://adstransparency.google.com/advertiser/AR02934798844673654785/creative/CR15212011513679183873?region=US
booking.com,Booking.com,AR02934798844673654785,CR05601673214196449281,TEXT,2025-06-18T07:00:00.000Z,2026-10-02T11:19:51.000Z,https://adstransparency.google.com/advertiser/AR02934798844673654785/creative/CR05601673214196449281?region=US
booking.com,Booking.com,AR02934798844673654785,CR11624000644964155393,TEXT,2021-10-25T07:00:00.000Z,2026-10-02T11:19:51.000Z,https://adstransparency.google.com/advertiser/AR02934798844673654785/creative/CR11624000644964155393?region=US
booking.com,Booking.com,AR02934798844673654785,CR08965333064590819329,TEXT,2022-05-10T07:00:00.000Z,2026-10-02T11:19:40.000Z,https://adstransparency.google.com/advertiser/AR02934798844673654785/creative/CR08965333064590819329?region=US
booking.com,Booking.com,AR02934798844673654785,CR03267569182736121857,TEXT,2021-11-05T07:00:00.000Z,2026-10-02T11:19:35.000Z,https://adstransparency.google.com/advertiser/AR02934798844673654785/creative/CR03267569182736121857?region=US
booking.com,Booking.com,AR02934798844673654785,CR13212945769172041729,TEXT,2025-05-27T22:15:42.000Z,2026-10-02T11:19:34.000Z,https://adstransparency.google.com/advertiser/AR02934798844673654785/creative/CR13212945769172041729?region=US
booking.com,Booking.com,AR02934798844673654785,CR00351753569524776961,TEXT,2022-02-11T08:00:00.000Z,2026-10-02T11:19:27.000Z,https://adstransparency.google.com/advertiser/AR02934798844673654785/creative/CR00351753569524776961?region=US
booking.com,Booking.com,AR02934798844673654785,CR17105968267308040193,TEXT,2021-11-29T16:23:17.000Z,2026-10-02T11:19:16.000Z,https://adstransparency.google.com/advertiser/AR02934798844673654785/creative/CR17105968267308040193?region=US
booking.com,Booking.com,AR02934798844673654785,CR14083932546588999681,TEXT,2021-11-09T08:00:00.000Z,2026-10-02T11:19:07.000Z,https://adstransparency.google.com/advertiser/AR02934798844673654785/creative/CR14083932546588999681?region=US
booking.com,Booking.com,AR02934798844673654785,CR10604206393340723201,TEXT,2021-10-25T07:00:00.000Z,2026-10-02T11:19:06.000Z,https://adstransparency.google.com/advertiser/AR02934798844673654785/creative/CR10604206393340723201?region=US
booking.com,Booking.com,AR02934798844673654785,CR14392974839608508417,TEXT,2021-12-06T08:00:00.000Z,2026-10-02T11:19:05.000Z,https://adstransparency.google.com/advertiser/AR02934798844673654785/creative/CR14392974839608508417?region=US
booking.com,Booking.com,AR02934798844673654785,CR11011551330895396865,TEXT,2021-10-31T07:00:00.000Z,2026-10-02T11:18:52.000Z,https://adstransparency.google.com/advertiser/AR02934798844673654785/creative/CR11011551330895396865?region=US
booking.com,Booking.com,AR02934798844673654785,CR06776992200157822977,TEXT,2022-02-03T08:00:00.000Z,2026-10-02T11:18:34.000Z,https://adstransparency.google.com/advertiser/AR02934798844673654785/creative/CR06776992200157822977?region=US
booking.com,Booking.com,AR02934798844673654785,CR08474671533929791489,TEXT,2024-02-05T15:19:23.000Z,2026-10-02T11:18:33.000Z,https://adstransparency.google.com/advertiser/AR02934798844673654785/creative/CR08474671533929791489?region=US
booking.com,Booking.com,AR02934798844673654785,CR05935874609592139777,TEXT,2025-03-10T13:54:03.000Z,2026-10-02T11:18:30.000Z,https://adstransparency.google.com/advertiser/AR02934798844673654785/creative/CR05935874609592139777?region=US
booking.com,Booking.com,AR02934798844673654785,CR14050711867907637249,TEXT,2021-10-26T07:00:00.000Z,2026-10-02T11:18:30.000Z,https://adstransparency.google.com/advertiser/AR02934798844673654785/creative/CR14050711867907637249?region=US
booking.com,Booking.com,AR02934798844673654785,CR08097174660577230849,TEXT,2025-03-10T12:36:37.000Z,2026-10-02T11:18:25.000Z,https://adstransparency.google.com/advertiser/AR02934798844673654785/creative/CR08097174660577230849?region=US
booking.com,Booking.com,AR02934798844673654785,CR06454212522961534977,TEXT,2021-10-25T07:00:00.000Z,2026-10-02T11:18:24.000Z,https://adstransparency.google.com/advertiser/AR02934798844673654785/creative/CR06454212522961534977?region=US
booking.com,Booking.com,AR02934798844673654785,CR16030828010546397185,TEXT,2021-10-25T07:00:00.000Z,2026-10-02T11:18:19.000Z,https://adstransparency.google.com/advertiser/AR02934798844673654785/creative/CR16030828010546397185?region=US
booking.com,Booking.com,AR02934798844673654785,CR10302281848973164545,TEXT,2022-02-14T08:00:00.000Z,2026-10-02T11:18:15.000Z,https://adstransparency.google.com/advertiser/AR02934798844673654785/creative/CR10302281848973164545?region=US
booking.com,Booking.com,AR02934798844673654785,CR07901428983441391617,TEXT,2021-10-27T07:00:00.000Z,2026-10-02T11:18:00.000Z,https://adstransparency.google.com/advertiser/AR02934798844673654785/creative/CR07901428983441391617?region=US
booking.com,Booking.com,AR02934798844673654785,CR06425129856291307521,TEXT,2021-10-26T07:00:00.000Z,2026-10-02T11:17:52.000Z,https://adstransparency.google.com/advertiser/AR02934798844673654785/creative/CR06425129856291307521?region=US
booking.com,Booking.com,AR02934798844673654785,CR11126403205976555521,TEXT,2024-11-13T15:39:52.000Z,2026-10-02T11:17:38.000Z,https://adstransparency.google.com/advertiser/AR02934798844673654785/creative/CR11126403205976555521?region=US
booking.com,Booking.com,AR02934798844673654785,CR01615509153336262657,TEXT,2024-07-16T11:44:37.000Z,2026-10-02T11:17:32.000Z,https://adstransparency.google.com/advertiser/AR02934798844673654785/creative/CR01615509153336262657?region=US
booking.com,Booking.com,AR02934798844673654785,CR12428391858512592897,TEXT,2025-03-10T16:23:42.000Z,2026-10-02T11:17:31.000Z,https://adstransparency.google.com/advertiser/AR02934798844673654785/creative/CR12428391858512592897?region=US
booking.com,Booking.com,AR02934798844673654785,CR06091264885683912705,TEXT,2024-11-11T21:42:35.000Z,2026-10-02T11:17:31.000Z,https://adstransparency.google.com/advertiser/AR02934798844673654785/creative/CR06091264885683912705?region=US
booking.com,Booking.com,AR02934798844673654785,CR10548454573922582529,TEXT,2025-04-17T06:33:57.000Z,2026-10-02T11:17:30.000Z,https://adstransparency.google.com/advertiser/AR02934798844673654785/creative/CR10548454573922582529?region=US
booking.com,Booking.com,AR02934798844673654785,CR13097314374706528257,TEXT,2023-06-22T15:18:35.000Z,2026-10-02T11:17:27.000Z,https://adstransparency.google.com/advertiser/AR02934798844673654785/creative/CR13097314374706528257?region=US
booking.com,Booking.com,AR02934798844673654785,CR15052326356190756865,TEXT,2022-11-20T15:35:23.000Z,2026-10-02T11:17:22.000Z,https://adstransparency.google.com/advertiser/AR02934798844673654785/creative/CR15052326356190756865?region=US
booking.com,Booking.com,AR02934798844673654785,CR14940398237146677249,TEXT,2024-07-21T03:07:32.000Z,2026-10-02T11:17:17.000Z,https://adstransparency.google.com/advertiser/AR02934798844673654785/creative/CR14940398237146677249?region=US
booking.com,Booking.com,AR02934798844673654785,CR11025253006714077185,TEXT,2025-07-14T22:10:43.000Z,2026-10-02T11:17:10.000Z,https://adstransparency.google.com/advertiser/AR02934798844673654785/creative/CR11025253006714077185?region=US
booking.com,Booking.com,AR02934798844673654785,CR13718917741551812609,TEXT,2021-10-25T07:00:00.000Z,2026-10-02T11:17:09.000Z,https://adstransparency.google.com/advertiser/AR02934798844673654785/creative/CR13718917741551812609?region=US
booking.com,Booking.com,AR02934798844673654785,CR14704481481783246849,TEXT,2021-10-25T07:00:00.000Z,2026-10-02T11:16:59.000Z,https://adstransparency.google.com/advertiser/AR02934798844673654785/creative/CR14704481481783246849?region=US
booking.com,Booking.com,AR02934798844673654785,CR08111064576222560257,TEXT,2021-10-25T07:00:00.000Z,2026-10-02T11:16:51.000Z,https://adstransparency.google.com/advertiser/AR02934798844673654785/creative/CR08111064576222560257?region=US
booking.com,Booking.com,AR02934798844673654785,CR14541635563372412929,TEXT,2021-10-25T07:00:00.000Z,2026-10-02T11:16:43.000Z,https://adstransparency.google.com/advertiser/AR02934798844673654785/creative/CR14541635563372412929?region=US
booking.com,Booking.com,AR02934798844673654785,CR07615811579493220353,TEXT,2021-10-27T07:00:00.000Z,2026-10-02T11:16:40.000Z,https://adstransparency.google.com/advertiser/AR02934798844673654785/creative/CR07615811579493220353?region=US
booking.com,Booking.com,AR02934798844673654785,CR16891056891319287809,TEXT,2021-10-25T07:00:00.000Z,2026-10-02T11:16:35.000Z,https://adstransparency.google.com/advertiser/AR02934798844673654785/creative/CR16891056891319287809?region=US
booking.com,Booking.com,AR02934798844673654785,CR13840669962630332417,TEXT,2021-10-26T07:00:00.000Z,2026-10-02T11:16:33.000Z,https://adstransparency.google.com/advertiser/AR02934798844673654785/creative/CR13840669962630332417?region=US
booking.com,Booking.com,AR02934798844673654785,CR14866103832730927105,TEXT,2021-10-29T07:00:00.000Z,2026-10-02T11:16:24.000Z,https://adstransparency.google.com/advertiser/AR02934798844673654785/creative/CR14866103832730927105?region=US
booking.com,Booking.com,AR02934798844673654785,CR10818163075408986113,TEXT,2021-10-25T07:00:00.000Z,2026-10-02T11:16:15.000Z,https://adstransparency.google.com/advertiser/AR02934798844673654785/creative/CR10818163075408986113?region=US
booking.com,Booking.com,AR02934798844673654785,CR03905954086318505985,TEXT,2024-02-06T20:26:23.000Z,2026-10-02T11:16:02.000Z,https://adstransparency.google.com/advertiser/AR02934798844673654785/creative/CR03905954086318505985?region=US
booking.com,Booking.com,AR02934798844673654785,CR13806197867917869057,TEXT,2021-11-07T07:00:00.000Z,2026-10-02T11:15:58.000Z,https://adstransparency.google.com/advertiser/AR02934798844673654785/creative/CR13806197867917869057?region=US
booking.com,Booking.com,AR02934798844673654785,CR06994646728808857601,TEXT,2024-12-05T15:15:10.000Z,2026-10-02T11:15:53.000Z,https://adstransparency.google.com/advertiser/AR02934798844673654785/creative/CR06994646728808857601?region=US
booking.com,Booking.com,AR02934798844673654785,CR13329261266028462081,TEXT,2021-10-25T07:00:00.000Z,2026-10-02T11:15:50.000Z,https://adstransparency.google.com/advertiser/AR02934798844673654785/creative/CR13329261266028462081?region=US
booking.com,Booking.com,AR02934798844673654785,CR08885297508671029249,TEXT,2021-10-29T07:00:00.000Z,2026-10-02T11:15:35.000Z,https://adstransparency.google.com/advertiser/AR02934798844673654785/creative/CR08885297508671029249?region=US
booking.com,Booking.com,AR02934798844673654785,CR06457431592359952385,TEXT,2022-10-28T05:29:00.000Z,2026-10-02T11:15:30.000Z,https://adstransparency.google.com/advertiser/AR02934798844673654785/creative/CR06457431592359952385?region=US
booking.com,Booking.com,AR02934798844673654785,CR12623552380714090497,TEXT,2021-10-25T07:00:00.000Z,2026-10-02T11:15:26.000Z,https://adstransparency.google.com/advertiser/AR02934798844673654785/creative/CR12623552380714090497?region=US
booking.com,Booking.com,AR02934798844673654785,CR05546891507631390721,TEXT,2021-10-26T07:00:00.000Z,2026-10-02T11:15:21.000Z,https://adstransparency.google.com/advertiser/AR02934798844673654785/creative/CR05546891507631390721?region=US
booking.com,Booking.com,AR02934798844673654785,CR02624107722299146241,TEXT,2022-11-18T17:56:25.000Z,2026-10-02T11:15:21.000Z,https://adstransparency.google.com/advertiser/AR02934798844673654785/creative/CR02624107722299146241?region=US
booking.com,Booking.com,AR02934798844673654785,CR03180500394530832385,TEXT,2024-12-13T23:26:35.000Z,2026-10-02T11:15:20.000Z,https://adstransparency.google.com/advertiser/AR02934798844673654785/creative/CR03180500394530832385?region=US
booking.com,Booking.com,AR02934798844673654785,CR02979295186896551937,TEXT,2022-12-01T17:38:03.000Z,2026-10-02T11:15:18.000Z,https://adstransparency.google.com/advertiser/AR02934798844673654785/creative/CR02979295186896551937?region=US
booking.com,Booking.com,AR02934798844673654785,CR00290466112787709953,TEXT,2024-07-16T18:26:40.000Z,2026-10-02T11:15:15.000Z,https://adstransparency.google.com/advertiser/AR02934798844673654785/creative/CR00290466112787709953?region=US
booking.com,Booking.com,AR02934798844673654785,CR14431980083323338753,TEXT,2025-03-10T22:30:50.000Z,2026-10-02T11:15:11.000Z,https://adstransparency.google.com/advertiser/AR02934798844673654785/creative/CR14431980083323338753?region=US
booking.com,Booking.com,AR02934798844673654785,CR01794437413578211329,TEXT,2026-06-16T12:12:02.000Z,2026-10-02T11:15:04.000Z,https://adstransparency.google.com/advertiser/AR02934798844673654785/creative/CR01794437413578211329?region=US
booking.com,Booking.com,AR02934798844673654785,CR03223539325501177857,TEXT,2021-10-30T10:20:41.000Z,2026-10-02T11:15:02.000Z,https://adstransparency.google.com/advertiser/AR02934798844673654785/creative/CR03223539325501177857?region=US
booking.com,Booking.com,AR02934798844673654785,CR03944542993083531265,TEXT,2023-09-26T11:29:17.000Z,2026-10-02T11:14:59.000Z,https://adstransparency.google.com/advertiser/AR02934798844673654785/creative/CR03944542993083531265?region=US
booking.com,Booking.com,AR02934798844673654785,CR00840643366046662657,TEXT,2021-10-26T07:00:00.000Z,2026-10-02T11:14:50.000Z,https://adstransparency.google.com/advertiser/AR02934798844673654785/creative/CR00840643366046662657?region=US
booking.com,Booking.com,AR02934798844673654785,CR07553095401885138945,TEXT,2021-10-25T07:00:00.000Z,2026-10-02T11:14:44.000Z,https://adstransparency.google.com/advertiser/AR02934798844673654785/creative/CR07553095401885138945?region=US
booking.com,Booking.com,AR02934798844673654785,CR11832360967465861121,TEXT,2025-03-12T20:27:47.000Z,2026-10-02T11:14:43.000Z,https://adstransparency.google.com/advertiser/AR02934798844673654785/creative/CR11832360967465861121?region=US
booking.com,Booking.com,AR02934798844673654785,CR12194555834415448065,TEXT,2022-04-06T14:11:24.000Z,2026-10-02T11:14:42.000Z,https://adstransparency.google.com/advertiser/AR02934798844673654785/creative/CR12194555834415448065?region=US
booking.com,Booking.com,AR02934798844673654785,CR16488441760729530369,TEXT,2025-03-10T12:18:53.000Z,2026-10-02T11:14:36.000Z,https://adstransparency.google.com/advertiser/AR02934798844673654785/creative/CR16488441760729530369?region=US
booking.com,Booking.com,AR02934798844673654785,CR10331873958894239745,TEXT,2021-10-28T07:00:00.000Z,2026-10-02T11:14:31.000Z,https://adstransparency.google.com/advertiser/AR02934798844673654785/creative/CR10331873958894239745?region=US
booking.com,Booking.com,AR02934798844673654785,CR03172560821066661889,TEXT,2025-10-14T14:38:58.000Z,2026-10-02T11:14:21.000Z,https://adstransparency.google.com/advertiser/AR02934798844673654785/creative/CR03172560821066661889?region=US
booking.com,Booking.com,AR02934798844673654785,CR10284717631755780097,TEXT,2023-01-16T08:00:00.000Z,2026-10-02T11:14:10.000Z,https://adstransparency.google.com/advertiser/AR02934798844673654785/creative/CR10284717631755780097?region=US
booking.com,Booking.com,AR02934798844673654785,CR02461320078004584449,TEXT,2021-10-31T07:00:00.000Z,2026-10-02T11:13:58.000Z,https://adstransparency.google.com/advertiser/AR02934798844673654785/creative/CR02461320078004584449?region=US
booking.com,Booking.com,AR02934798844673654785,CR04335314768534437889,TEXT,2021-12-12T08:00:00.000Z,2026-10-02T11:13:51.000Z,https://adstransparency.google.com/advertiser/AR02934798844673654785/creative/CR04335314768534437889?region=US
booking.com,Booking.com,AR02934798844673654785,CR02594034112184451073,TEXT,2021-10-26T07:00:00.000Z,2026-10-02T11:13:26.000Z,https://adstransparency.google.com/advertiser/AR02934798844673654785/creative/CR02594034112184451073?region=US
booking.com,Booking.com,AR02934798844673654785,CR07513957332011712513,TEXT,2021-11-02T07:00:00.000Z,2026-10-02T11:13:21.000Z,https://adstransparency.google.com/advertiser/AR02934798844673654785/creative/CR07513957332011712513?region=US
booking.com,Booking.com,AR02934798844673654785,CR08782676076951240705,TEXT,2023-08-29T00:11:12.000Z,2026-10-02T11:13:14.000Z,https://adstransparency.google.com/advertiser/AR02934798844673654785/creative/CR08782676076951240705?region=US
booking.com,Booking.com,AR02934798844673654785,CR13361106558742691841,TEXT,2021-10-25T07:00:00.000Z,2026-10-02T11:13:01.000Z,https://adstransparency.google.com/advertiser/AR02934798844673654785/creative/CR13361106558742691841?region=US
booking.com,Booking.com,AR02934798844673654785,CR12972898964666843137,TEXT,2021-10-26T07:00:00.000Z,2026-10-02T11:12:53.000Z,https://adstransparency.google.com/advertiser/AR02934798844673654785/creative/CR12972898964666843137?region=US
booking.com,Booking.com,AR02934798844673654785,CR02250496686247903233,TEXT,2021-10-25T07:00:00.000Z,2026-10-02T11:12:53.000Z,https://adstransparency.google.com/advertiser/AR02934798844673654785/creative/CR02250496686247903233?region=US
booking.com,Booking.com,AR02934798844673654785,CR02440395658763436033,TEXT,2024-11-17T21:43:40.000Z,2026-10-02T11:12:43.000Z,https://adstransparency.google.com/advertiser/AR02934798844673654785/creative/CR02440395658763436033?region=US
booking.com,Booking.com,AR02934798844673654785,CR00088999934350589953,TEXT,2021-10-25T07:00:00.000Z,2026-10-02T11:12:29.000Z,https://adstransparency.google.com/advertiser/AR02934798844673654785/creative/CR00088999934350589953?region=US
booking.com,Booking.com,AR02934798844673654785,CR15135103845002117121,TEXT,2022-08-29T23:47:39.000Z,2026-10-02T11:12:09.000Z,https://adstransparency.google.com/advertiser/AR02934798844673654785/creative/CR15135103845002117121?region=US
booking.com,Booking.com,AR02934798844673654785,CR11050572345730138113,TEXT,2021-10-25T07:00:00.000Z,2026-10-02T11:12:09.000Z,https://adstransparency.google.com/advertiser/AR02934798844673654785/creative/CR11050572345730138113?region=US
booking.com,Booking.com,AR02934798844673654785,CR13536622020791369729,TEXT,2021-10-30T07:00:00.000Z,2026-10-02T11:12:08.000Z,https://adstransparency.google.com/advertiser/AR02934798844673654785/creative/CR13536622020791369729?region=US
booking.com,Booking.com,AR02934798844673654785,CR08553699842709258241,TEXT,2021-10-26T07:00:00.000Z,2026-10-02T11:12:00.000Z,https://adstransparency.google.com/advertiser/AR02934798844673654785/creative/CR08553699842709258241?region=US
booking.com,Booking.com,AR02934798844673654785,CR03058555475449610241,TEXT,2021-10-25T07:00:00.000Z,2026-10-02T11:11:52.000Z,https://adstransparency.google.com/advertiser/AR02934798844673654785/creative/CR03058555475449610241?region=US
booking.com,Booking.com,AR02934798844673654785,CR15317865363555745793,TEXT,2021-11-01T07:00:00.000Z,2026-10-02T11:11:51.000Z,https://adstransparency.google.com/advertiser/AR02934798844673654785/creative/CR15317865363555745793?region=US
booking.com,Booking.com,AR02934798844673654785,CR15719129099865686017,TEXT,2022-03-07T21:20:17.000Z,2026-10-02T11:11:44.000Z,https://adstransparency.google.com/advertiser/AR02934798844673654785/creative/CR15719129099865686017?region=US
booking.com,Booking.com,AR02934798844673654785,CR02663815150217199617,TEXT,2024-11-15T08:03:55.000Z,2026-10-02T11:11:41.000Z,https://adstransparency.google.com/advertiser/AR02934798844673654785/creative/CR02663815150217199617?region=US
booking.com,Booking.com,AR02934798844673654785,CR00789550967669391361,TEXT,2021-10-26T07:00:00.000Z,2026-10-02T11:11:33.000Z,https://adstransparency.google.com/advertiser/AR02934798844673654785/creative/CR00789550967669391361?region=US
booking.com,Booking.com,AR02934798844673654785,CR08415205272175247361,TEXT,2021-10-29T07:00:00.000Z,2026-10-02T11:11:22.000Z,https://adstransparency.google.com/advertiser/AR02934798844673654785/creative/CR08415205272175247361?region=US
booking.com,Booking.com,AR02934798844673654785,CR06428708225473839105,TEXT,2021-10-26T07:00:00.000Z,2026-10-02T11:11:19.000Z,https://adstransparency.google.com/advertiser/AR02934798844673654785/creative/CR06428708225473839105?region=US
booking.com,Booking.com,AR02934798844673654785,CR13990950730878418945,TEXT,2022-01-26T14:34:05.000Z,2026-10-02T11:10:51.000Z,https://adstransparency.google.com/advertiser/AR02934798844673654785/creative/CR13990950730878418945?region=US
booking.com,Booking.com,AR02934798844673654785,CR11097946161422532609,TEXT,2022-11-25T08:00:00.000Z,2026-10-02T11:10:50.000Z,https://adstransparency.google.com/advertiser/AR02934798844673654785/creative/CR11097946161422532609?region=US
booking.com,Booking.com,AR02934798844673654785,CR08125908524363415553,TEXT,2021-10-25T07:00:00.000Z,2026-10-02T11:10:49.000Z,https://adstransparency.google.com/advertiser/AR02934798844673654785/creative/CR08125908524363415553?region=US
booking.com,Booking.com,AR02934798844673654785,CR15943455284685438977,TEXT,2024-07-03T21:16:39.000Z,2026-10-02T11:10:43.000Z,https://adstransparency.google.com/advertiser/AR02934798844673654785/creative/CR15943455284685438977?region=US
booking.com,Booking.com,AR02934798844673654785,CR05537889608366292993,TEXT,2025-03-15T15:56:20.000Z,2026-10-02T11:10:31.000Z,https://adstransparency.google.com/advertiser/AR02934798844673654785/creative/CR05537889608366292993?region=US
booking.com,Booking.com,AR02934798844673654785,CR02654786407406501889,TEXT,2022-02-15T08:00:00.000Z,2026-10-02T11:10:16.000Z,https://adstransparency.google.com/advertiser/AR02934798844673654785/creative/CR02654786407406501889?region=US
booking.com,Booking.com,AR02934798844673654785,CR12727267585985347585,TEXT,2022-01-01T08:00:00.000Z,2026-10-02T11:10:07.000Z,https://adstransparency.google.com/advertiser/AR02934798844673654785/creative/CR12727267585985347585?region=US
booking.com,Booking.com,AR02934798844673654785,CR02181585276013379585,TEXT,2021-11-09T08:00:00.000Z,2026-10-02T11:10:04.000Z,https://adstransparency.google.com/advertiser/AR02934798844673654785/creative/CR02181585276013379585?region=US
booking.com,Booking.com,AR02934798844673654785,CR17102706488754831361,TEXT,2021-10-25T07:00:00.000Z,2026-10-02T11:09:49.000Z,https://adstransparency.google.com/advertiser/AR02934798844673654785/creative/CR17102706488754831361?region=US
booking.com,Booking.com,AR02934798844673654785,CR12767573148228911105,TEXT,2025-12-26T18:20:15.000Z,2026-10-02T11:09:49.000Z,https://adstransparency.google.com/advertiser/AR02934798844673654785/creative/CR12767573148228911105?region=US
booking.com,Booking.com,AR02934798844673654785,CR09338388048406118401,TEXT,2021-10-25T07:00:00.000Z,2026-10-02T11:09:35.000Z,https://adstransparency.google.com/advertiser/AR02934798844673654785/creative/CR09338388048406118401?region=US
booking.com,Booking.com,AR02934798844673654785,CR16448612596258439169,TEXT,2025-08-26T23:19:28.000Z,2026-10-02T11:09:35.000Z,https://adstransparency.google.com/advertiser/AR02934798844673654785/creative/CR16448612596258439169?region=US
booking.com,Booking.com,AR02934798844673654785,CR14555479660306628609,TEXT,2022-12-30T19:46:48.000Z,2026-10-02T11:09:23.000Z,https://adstransparency.google.com/advertiser/AR02934798844673654785/creative/CR14555479660306628609?region=US
booking.com,Booking.com,AR02934798844673654785,CR08073648410277707777,TEXT,2024-02-26T05:10:15.000Z,2026-10-02T11:09:19.000Z,https://adstransparency.google.com/advertiser/AR02934798844673654785/creative/CR08073648410277707777?region=US
booking.com,Booking.com,AR02934798844673654785,CR13428147819957452801,TEXT,2024-06-18T20:47:56.000Z,2026-10-02T11:09:16.000Z,https://adstransparency.google.com/advertiser/AR02934798844673654785/creative/CR13428147819957452801?region=US
booking.com,Booking.com,AR02934798844673654785,CR05718449277575888897,TEXT,2026-06-16T10:35:46.000Z,2026-10-02T11:09:12.000Z,https://adstransparency.google.com/advertiser/AR02934798844673654785/creative/CR05718449277575888897?region=US
booking.com,Booking.com,AR02934798844673654785,CR08087596230672121857,TEXT,2021-10-29T07:00:00.000Z,2026-10-02T11:08:55.000Z,https://adstransparency.google.com/advertiser/AR02934798844673654785/creative/CR08087596230672121857?region=US
booking.com,Booking.com,AR02934798844673654785,CR14301685301142093825,TEXT,2021-11-08T08:00:00.000Z,2026-10-02T11:08:55.000Z,https://adstransparency.google.com/advertiser/AR02934798844673654785/creative/CR14301685301142093825?region=US
booking.com,Booking.com,AR02934798844673654785,CR16095618210681847809,TEXT,2023-05-19T07:00:00.000Z,2026-10-02T11:08:54.000Z,https://adstransparency.google.com/advertiser/AR02934798844673654785/creative/CR16095618210681847809?region=US
booking.com,Booking.com,AR02934798844673654785,CR09113109420228739073,TEXT,2022-01-18T19:40:10.000Z,2026-10-02T11:08:42.000Z,https://adstransparency.google.com/advertiser/AR02934798844673654785/creative/CR09113109420228739073?region=US
booking.com,Booking.com,AR02934798844673654785,CR13238181648383606785,TEXT,2024-07-26T23:52:40.000Z,2026-10-02T11:08:40.000Z,https://adstransparency.google.com/advertiser/AR02934798844673654785/creative/CR13238181648383606785?region=US
booking.com,Booking.com,AR02934798844673654785,CR17585368848985489409,TEXT,2023-07-30T21:44:54.000Z,2026-10-02T11:08:39.000Z,https://adstransparency.google.com/advertiser/AR02934798844673654785/creative/CR17585368848985489409?region=US
booking.com,Booking.com,AR02934798844673654785,CR17650568307964641281,TEXT,2022-10-08T01:38:01.000Z,2026-10-02T11:08:38.000Z,https://adstransparency.google.com/advertiser/AR02934798844673654785/creative/CR17650568307964641281?region=US
booking.com,Booking.com,AR02934798844673654785,CR07870110382566670337,TEXT,2022-09-14T16:16:05.000Z,2026-10-02T11:08:36.000Z,https://adstransparency.google.com/advertiser/AR02934798844673654785/creative/CR07870110382566670337?region=US
booking.com,Booking.com,AR02934798844673654785,CR12224091328077627393,TEXT,2024-03-07T08:00:00.000Z,2026-10-02T11:08:25.000Z,https://adstransparency.google.com/advertiser/AR02934798844673654785/creative/CR12224091328077627393?region=US
booking.com,Booking.com,AR02934798844673654785,CR00639908019244630017,TEXT,2022-03-15T07:00:00.000Z,2026-10-02T11:08:19.000Z,https://adstransparency.google.com/advertiser/AR02934798844673654785/creative/CR00639908019244630017?region=US
booking.com,Booking.com,AR02934798844673654785,CR08434521767329923073,TEXT,2022-06-07T16:38:15.000Z,2026-10-02T11:08:18.000Z,https://adstransparency.google.com/advertiser/AR02934798844673654785/creative/CR08434521767329923073?region=US
booking.com,Booking.com,AR02934798844673654785,CR12713096642039906305,TEXT,2021-11-01T07:00:00.000Z,2026-10-02T11:08:14.000Z,https://adstransparency.google.com/advertiser/AR02934798844673654785/creative/CR12713096642039906305?region=US
booking.com,Booking.com,AR02934798844673654785,CR05968764163474849793,TEXT,2024-07-08T00:31:04.000Z,2026-10-02T11:08:13.000Z,https://adstransparency.google.com/advertiser/AR02934798844673654785/creative/CR05968764163474849793?region=US
booking.com,Booking.com,AR02934798844673654785,CR12305193393096491009,TEXT,2023-06-10T03:12:33.000Z,2026-10-02T11:08:10.000Z,https://adstransparency.google.com/advertiser/AR02934798844673654785/creative/CR12305193393096491009?region=US
booking.com,Booking.com,AR02934798844673654785,CR08451836421177606145,TEXT,2021-10-27T07:00:00.000Z,2026-10-02T11:07:43.000Z,https://adstransparency.google.com/advertiser/AR02934798844673654785/creative/CR08451836421177606145?region=US
booking.com,Booking.com,AR02934798844673654785,CR08800710971044659201,TEXT,2021-10-25T07:00:00.000Z,2026-10-02T11:07:43.000Z,https://adstransparency.google.com/advertiser/AR02934798844673654785/creative/CR08800710971044659201?region=US
booking.com,Booking.com,AR02934798844673654785,CR12841758503425015809,TEXT,2026-06-16T12:38:17.000Z,2026-10-02T11:07:36.000Z,https://adstransparency.google.com/advertiser/AR02934798844673654785/creative/CR12841758503425015809?region=US
booking.com,Booking.com,AR02934798844673654785,CR09021068941090357249,TEXT,2021-10-25T07:00:00.000Z,2026-10-02T11:07:32.000Z,https://adstransparency.google.com/advertiser/AR02934798844673654785/creative/CR09021068941090357249?region=US
booking.com,Booking.com,AR02934798844673654785,CR17022947880916221953,TEXT,2021-10-26T07:00:00.000Z,2026-10-02T11:07:11.000Z,https://adstransparency.google.com/advertiser/AR02934798844673654785/creative/CR17022947880916221953?region=US
booking.com,Booking.com,AR02934798844673654785,CR18019213459878576129,TEXT,2021-10-29T07:00:00.000Z,2026-10-02T11:07:10.000Z,https://adstransparency.google.com/advertiser/AR02934798844673654785/creative/CR18019213459878576129?region=US
booking.com,Booking.com,AR02934798844673654785,CR15542983480215339009,TEXT,2021-10-25T07:00:00.000Z,2026-10-02T11:06:58.000Z,https://adstransparency.google.com/advertiser/AR02934798844673654785/creative/CR15542983480215339009?region=US
booking.com,Booking.com,AR02934798844673654785,CR17541709467039563777,TEXT,2026-06-16T11:56:52.000Z,2026-10-02T11:06:51.000Z,https://adstransparency.google.com/advertiser/AR02934798844673654785/creative/CR17541709467039563777?region=US
booking.com,Booking.com,AR02934798844673654785,CR04239708040611233793,TEXT,2021-10-25T07:00:00.000Z,2026-10-02T11:06:51.000Z,https://adstransparency.google.com/advertiser/AR02934798844673654785/creative/CR04239708040611233793?region=US
booking.com,Booking.com,AR02934798844673654785,CR12929937549266255873,TEXT,2024-11-21T18:00:31.000Z,2026-10-02T11:06:38.000Z,https://adstransparency.google.com/advertiser/AR02934798844673654785/creative/CR12929937549266255873?region=US
booking.com,Booking.com,AR02934798844673654785,CR07533811909259165697,TEXT,2022-03-27T20:13:32.000Z,2026-10-02T11:06:26.000Z,https://adstransparency.google.com/advertiser/AR02934798844673654785/creative/CR07533811909259165697?region=US
booking.com,Booking.com,AR02934798844673654785,CR09792512996654710785,TEXT,2023-03-09T11:45:26.000Z,2026-10-02T11:06:23.000Z,https://adstransparency.google.com/advertiser/AR02934798844673654785/creative/CR09792512996654710785?region=US
booking.com,Booking.com,AR02934798844673654785,CR13990681728486735873,TEXT,2022-04-15T07:00:00.000Z,2026-10-02T11:06:16.000Z,https://adstransparency.google.com/advertiser/AR02934798844673654785/creative/CR13990681728486735873?region=US
booking.com,Booking.com,AR02934798844673654785,CR04927612130410102785,TEXT,2021-11-12T08:00:00.000Z,2026-10-02T11:06:07.000Z,https://adstransparency.google.com/advertiser/AR02934798844673654785/creative/CR04927612130410102785?region=US
booking.com,Booking.com,AR02934798844673654785,CR15601411261827383297,TEXT,2025-05-13T13:30:03.000Z,2026-10-02T11:06:06.000Z,https://adstransparency.google.com/advertiser/AR02934798844673654785/creative/CR15601411261827383297?region=US
booking.com,Booking.com,AR02934798844673654785,CR00350310666671751169,TEXT,2023-04-12T07:00:00.000Z,2026-10-02T11:06:05.000Z,https://adstransparency.google.com/advertiser/AR02934798844673654785/creative/CR00350310666671751169?region=US
booking.com,Booking.com,AR02934798844673654785,CR13398201272155242497,TEXT,2025-06-02T18:48:42.000Z,2026-10-02T11:05:59.000Z,https://adstransparency.google.com/advertiser/AR02934798844673654785/creative/CR13398201272155242497?region=US
booking.com,Booking.com,AR02934798844673654785,CR08698284865847558145,TEXT,2021-10-25T07:00:00.000Z,2026-10-02T11:05:58.000Z,https://adstransparency.google.com/advertiser/AR02934798844673654785/creative/CR08698284865847558145?region=US
booking.com,Booking.com,AR02934798844673654785,CR09353226816816414721,TEXT,2021-10-31T07:00:00.000Z,2026-10-02T11:05:58.000Z,https://adstransparency.google.com/advertiser/AR02934798844673654785/creative/CR09353226816816414721?region=US
booking.com,Booking.com,AR02934798844673654785,CR04786127936220561409,TEXT,2021-10-25T07:00:00.000Z,2026-10-02T11:05:55.000Z,https://adstransparency.google.com/advertiser/AR02934798844673654785/creative/CR04786127936220561409?region=US
booking.com,Booking.com,AR02934798844673654785,CR06038492570978353153,TEXT,2021-10-25T07:00:00.000Z,2026-10-02T11:05:43.000Z,https://adstransparency.google.com/advertiser/AR02934798844673654785/creative/CR06038492570978353153?region=US
booking.com,Booking.com,AR02934798844673654785,CR15640639775122128897,TEXT,2023-01-24T21:44:10.000Z,2026-10-02T11:05:42.000Z,https://adstransparency.google.com/advertiser/AR02934798844673654785/creative/CR15640639775122128897?region=US
booking.com,Booking.com,AR02934798844673654785,CR12767346416905355265,TEXT,2025-05-11T15:00:07.000Z,2026-10-02T11:05:36.000Z,https://adstransparency.google.com/advertiser/AR02934798844673654785/creative/CR12767346416905355265?region=US
booking.com,Booking.com,AR02934798844673654785,CR17514194394712899585,TEXT,2021-10-25T07:00:00.000Z,2026-10-02T11:05:34.000Z,https://adstransparency.google.com/advertiser/AR02934798844673654785/creative/CR17514194394712899585?region=US
booking.com,Booking.com,AR02934798844673654785,CR14184258052001103873,TEXT,2024-11-13T21:55:06.000Z,2026-10-02T11:05:34.000Z,https://adstransparency.google.com/advertiser/AR02934798844673654785/creative/CR14184258052001103873?region=US
booking.com,Booking.com,AR02934798844673654785,CR12145393809089363969,TEXT,2026-06-16T10:59:42.000Z,2026-10-02T11:05:33.000Z,https://adstransparency.google.com/advertiser/AR02934798844673654785/creative/CR12145393809089363969?region=US
booking.com,Booking.com,AR02934798844673654785,CR11970331457500479489,TEXT,2025-05-13T15:36:31.000Z,2026-10-02T11:05:23.000Z,https://adstransparency.google.com/advertiser/AR02934798844673654785/creative/CR11970331457500479489?region=US
booking.com,Booking.com,AR02934798844673654785,CR15021185566962089985,TEXT,2022-02-18T08:00:00.000Z,2026-10-02T11:05:22.000Z,https://adstransparency.google.com/advertiser/AR02934798844673654785/creative/CR15021185566962089985?region=US
booking.com,Booking.com,AR02934798844673654785,CR10157111000885624833,TEXT,2021-10-28T07:00:00.000Z,2026-10-02T11:05:13.000Z,https://adstransparency.google.com/advertiser/AR02934798844673654785/creative/CR10157111000885624833?region=US
booking.com,Booking.com,AR02934798844673654785,CR00431083273339273217,TEXT,2025-04-17T06:16:02.000Z,2026-10-02T11:05:10.000Z,https://adstransparency.google.com/advertiser/AR02934798844673654785/creative/CR00431083273339273217?region=US
booking.com,Booking.com,AR02934798844673654785,CR07567868697813975041,TEXT,2025-03-11T07:08:01.000Z,2026-10-02T11:05:09.000Z,https://adstransparency.google.com/advertiser/AR02934798844673654785/creative/CR07567868697813975041?region=US
booking.com,Booking.com,AR02934798844673654785,CR04313796999561347073,TEXT,2021-11-29T20:39:26.000Z,2026-10-02T11:05:09.000Z,https://adstransparency.google.com/advertiser/AR02934798844673654785/creative/CR04313796999561347073?region=US
booking.com,Booking.com,AR02934798844673654785,CR09060328120451596289,TEXT,2024-11-14T02:27:30.000Z,2026-10-02T11:05:05.000Z,https://adstransparency.google.com/advertiser/AR02934798844673654785/creative/CR09060328120451596289?region=US
booking.com,Booking.com,AR02934798844673654785,CR01226996702481743873,TEXT,2021-10-25T07:00:00.000Z,2026-10-02T11:05:01.000Z,https://adstransparency.google.com/advertiser/AR02934798844673654785/creative/CR01226996702481743873?region=US
booking.com,Booking.com,AR02934798844673654785,CR09484745544417935361,TEXT,2026-06-16T11:19:09.000Z,2026-10-02T11:04:47.000Z,https://adstransparency.google.com/advertiser/AR02934798844673654785/creative/CR09484745544417935361?region=US
booking.com,Booking.com,AR02934798844673654785,CR11377991103002181633,TEXT,2021-10-25T07:00:00.000Z,2026-10-02T11:04:45.000Z,https://adstransparency.google.com/advertiser/AR02934798844673654785/creative/CR11377991103002181633?region=US
booking.com,Booking.com,AR05666126465557594113,CR09829704321061617665,TEXT,2021-11-17T08:00:00.000Z,2026-10-02T11:04:44.000Z,https://adstransparency.google.com/advertiser/AR05666126465557594113/creative/CR09829704321061617665?region=US
booking.com,Booking.com,AR02934798844673654785,CR07138762312021704705,TEXT,2021-10-25T07:00:00.000Z,2026-10-02T11:04:41.000Z,https://adstransparency.google.com/advertiser/AR02934798844673654785/creative/CR07138762312021704705?region=US
booking.com,Booking.com,AR02934798844673654785,CR06178532024068866049,TEXT,2021-10-25T07:00:00.000Z,2026-10-02T11:04:32.000Z,https://adstransparency.google.com/advertiser/AR02934798844673654785/creative/CR06178532024068866049?region=US
booking.com,Booking.com,AR02934798844673654785,CR08626959830021570561,TEXT,2021-10-29T07:00:00.000Z,2026-10-02T11:04:27.000Z,https://adstransparency.google.com/advertiser/AR02934798844673654785/creative/CR08626959830021570561?region=US
booking.com,Booking.com,AR02934798844673654785,CR14552713486619639809,TEXT,2022-11-02T15:19:28.000Z,2026-10-02T11:04:23.000Z,https://adstransparency.google.com/advertiser/AR02934798844673654785/creative/CR14552713486619639809?region=US
booking.com,Booking.com,AR02934798844673654785,CR12433980006101680129,TEXT,2023-05-16T07:00:00.000Z,2026-10-02T11:04:19.000Z,https://adstransparency.google.com/advertiser/AR02934798844673654785/creative/CR12433980006101680129?region=US
booking.com,Booking.com,AR02934798844673654785,CR16269843060827881473,TEXT,2021-10-26T07:00:00.000Z,2026-10-02T11:04:15.000Z,https://adstransparency.google.com/advertiser/AR02934798844673654785/creative/CR16269843060827881473?region=US
booking.com,Booking.com,AR02934798844673654785,CR03363541111728504833,TEXT,2022-04-02T13:34:17.000Z,2026-10-02T11:04:09.000Z,https://adstransparency.google.com/advertiser/AR02934798844673654785/creative/CR03363541111728504833?region=US
booking.com,Booking.com,AR02934798844673654785,CR07699532483640950785,TEXT,2021-10-25T07:00:00.000Z,2026-10-02T11:04:06.000Z,https://adstransparency.google.com/advertiser/AR02934798844673654785/creative/CR07699532483640950785?region=US
booking.com,Booking.com,AR02934798844673654785,CR05059964519753711617,TEXT,2021-11-06T07:00:00.000Z,2026-10-02T11:04:03.000Z,https://adstransparency.google.com/advertiser/AR02934798844673654785/creative/CR05059964519753711617?region=US
booking.com,Booking.com,AR02934798844673654785,CR10632793730022637569,TEXT,2021-10-26T07:00:00.000Z,2026-10-02T11:04:03.000Z,https://adstransparency.google.com/advertiser/AR02934798844673654785/creative/CR10632793730022637569?region=US
booking.com,Booking.com,AR02934798844673654785,CR12795504729304072193,TEXT,2025-03-10T14:05:52.000Z,2026-10-02T11:04:02.000Z,https://adstransparency.google.com/advertiser/AR02934798844673654785/creative/CR12795504729304072193?region=US
booking.com,Booking.com,AR02934798844673654785,CR01293227984404086785,TEXT,2021-10-25T07:00:00.000Z,2026-10-02T11:04:01.000Z,https://adstransparency.google.com/advertiser/AR02934798844673654785/creative/CR01293227984404086785?region=US
booking.com,Booking.com,AR02934798844673654785,CR15248815449215860737,TEXT,2025-08-25T14:55:16.000Z,2026-10-02T11:03:45.000Z,https://adstransparency.google.com/advertiser/AR02934798844673654785/creative/CR15248815449215860737?region=US
expedia.com,Expedia Inc,AR12910272019299303425,CR04618986715506278401,TEXT,2026-03-02T03:23:51.000Z,2026-10-02T11:51:59.000Z,https://adstransparency.google.com/advertiser/AR12910272019299303425/creative/CR04618986715506278401?region=US
expedia.com,Expedia Inc,AR12910272019299303425,CR10005884858796081153,TEXT,2024-11-11T18:59:23.000Z,2026-10-02T11:50:29.000Z,https://adstransparency.google.com/advertiser/AR12910272019299303425/creative/CR10005884858796081153?region=US
expedia.com,Expedia Inc,AR12910272019299303425,CR13670612931568467969,TEXT,2023-05-15T19:41:51.000Z,2026-10-02T11:49:37.000Z,https://adstransparency.google.com/advertiser/AR12910272019299303425/creative/CR13670612931568467969?region=US
expedia.com,Expedia Inc,AR12910272019299303425,CR12155636721974771713,VIDEO,2026-07-28T22:57:50.000Z,2026-10-02T11:48:57.000Z,https://adstransparency.google.com/advertiser/AR12910272019299303425/creative/CR12155636721974771713?region=US
expedia.com,Expedia Inc,AR12910272019299303425,CR12263246998727032833,TEXT,2023-12-01T01:23:44.000Z,2026-10-02T11:47:05.000Z,https://adstransparency.google.com/advertiser/AR12910272019299303425/creative/CR12263246998727032833?region=US
expedia.com,VIRGO COMMUNICATIONS (WI) INC,AR13169823421346873345,CR02517283982907801601,IMAGE,2026-08-17T20:47:22.000Z,2026-10-02T11:46:54.000Z,https://adstransparency.google.com/advertiser/AR13169823421346873345/creative/CR02517283982907801601?region=US
expedia.com,Expedia Inc,AR12910272019299303425,CR10202542606596964353,VIDEO,2026-08-24T23:54:25.000Z,2026-10-02T11:44:35.000Z,https://adstransparency.google.com/advertiser/AR12910272019299303425/creative/CR10202542606596964353?region=US
expedia.com,VIRGO COMMUNICATIONS (WI) INC,AR13169823421346873345,CR13905285726964023297,IMAGE,2026-08-17T20:47:05.000Z,2026-10-02T11:41:36.000Z,https://adstransparency.google.com/advertiser/AR13169823421346873345/creative/CR13905285726964023297?region=US
expedia.com,"HongKong Luckstar Technology Co., Ltd.",AR17859763194151567361,CR13514932435946569729,TEXT,2026-09-01T10:23:55.000Z,2026-10-02T11:41:02.000Z,https://adstransparency.google.com/advertiser/AR17859763194151567361/creative/CR13514932435946569729?region=US
expedia.com,Expedia Inc,AR12910272019299303425,CR07834490921700818945,TEXT,2025-09-03T19:26:26.000Z,2026-10-02T11:38:55.000Z,https://adstransparency.google.com/advertiser/AR12910272019299303425/creative/CR07834490921700818945?region=US
expedia.com,Expedia Inc,AR12910272019299303425,CR04256663901480943617,TEXT,2024-11-11T18:58:54.000Z,2026-10-02T11:38:27.000Z,https://adstransparency.google.com/advertiser/AR12910272019299303425/creative/CR04256663901480943617?region=US
expedia.com,Expedia Inc,AR12910272019299303425,CR17851772433267163137,VIDEO,2026-08-21T22:57:19.000Z,2026-10-02T11:38:10.000Z,https://adstransparency.google.com/advertiser/AR12910272019299303425/creative/CR17851772433267163137?region=US
expedia.com,Click Tech Limited,AR11133654742859776001,CR10497877477131550721,TEXT,2026-08-19T03:27:02.000Z,2026-10-02T11:38:01.000Z,https://adstransparency.google.com/advertiser/AR11133654742859776001/creative/CR10497877477131550721?region=US
expedia.com,Expedia Inc,AR12910272019299303425,CR08560241919714656257,TEXT,2024-11-15T05:29:53.000Z,2026-10-02T11:37:46.000Z,https://adstransparency.google.com/advertiser/AR12910272019299303425/creative/CR08560241919714656257?region=US
expedia.com,Expedia Inc,AR12910272019299303425,CR01154823470744338433,TEXT,2024-04-02T12:22:49.000Z,2026-10-02T11:37:40.000Z,https://adstransparency.google.com/advertiser/AR12910272019299303425/creative/CR01154823470744338433?region=US
expedia.com,Expedia Inc,AR12910272019299303425,CR10994292133665439745,VIDEO,2026-08-21T23:30:02.000Z,2026-10-02T11:35:36.000Z,https://adstransparency.google.com/advertiser/AR12910272019299303425/creative/CR10994292133665439745?region=US
expedia.com,Expedia Inc,AR12910272019299303425,CR17166889045507178497,VIDEO,2026-03-25T17:12:35.000Z,2026-10-02T11:33:39.000Z,https://adstransparency.google.com/advertiser/AR12910272019299303425/creative/CR17166889045507178497?region=US
expedia.com,Expedia Inc,AR12910272019299303425,CR05428921606552420353,TEXT,2023-05-15T16:01:58.000Z,2026-10-02T11:31:05.000Z,https://adstransparency.google.com/advertiser/AR12910272019299303425/creative/CR05428921606552420353?region=US
expedia.com,Expedia Inc,AR12910272019299303425,CR00996986497812922369,TEXT,2023-05-15T17:14:25.000Z,2026-10-02T11:30:58.000Z,https://adstransparency.google.com/advertiser/AR12910272019299303425/creative/CR00996986497812922369?region=US
expedia.com,Expedia Inc,AR12910272019299303425,CR07841124687668051969,TEXT,2025-03-20T14:17:16.000Z,2026-10-02T11:30:43.000Z,https://adstransparency.google.com/advertiser/AR12910272019299303425/creative/CR07841124687668051969?region=US
expedia.com,Expedia Inc,AR12910272019299303425,CR16076995739292532737,VIDEO,2026-08-21T23:01:44.000Z,2026-10-02T11:30:35.000Z,https://adstransparency.google.com/advertiser/AR12910272019299303425/creative/CR16076995739292532737?region=US
expedia.com,Expedia Inc,AR11988547745242677249,CR02794611601758486529,IMAGE,2026-08-01T07:00:00.000Z,2026-10-02T11:30:00.000Z,https://adstransparency.google.com/advertiser/AR11988547745242677249/creative/CR02794611601758486529?region=US
expedia.com,Expedia Inc,AR12910272019299303425,CR11113908656486219777,TEXT,2026-02-26T16:37:45.000Z,2026-10-02T11:29:45.000Z,https://adstransparency.google.com/advertiser/AR12910272019299303425/creative/CR11113908656486219777?region=US
expedia.com,Expedia Inc,AR12910272019299303425,CR09643166864829841409,TEXT,2024-11-13T02:43:57.000Z,2026-10-02T11:22:46.000Z,https://adstransparency.google.com/advertiser/AR12910272019299303425/creative/CR09643166864829841409?region=US
expedia.com,Expedia Inc,AR12910272019299303425,CR00162427485516988417,TEXT,2023-05-15T23:35:49.000Z,2026-10-02T11:19:37.000Z,https://adstransparency.google.com/advertiser/AR12910272019299303425/creative/CR00162427485516988417?region=US
expedia.com,Expedia Inc,AR12910272019299303425,CR04291153313501544449,TEXT,2023-05-22T20:02:57.000Z,2026-10-02T11:16:02.000Z,https://adstransparency.google.com/advertiser/AR12910272019299303425/creative/CR04291153313501544449?region=US
expedia.com,Expedia Inc,AR12910272019299303425,CR00516534971997880321,TEXT,2024-11-12T19:35:17.000Z,2026-10-02T11:15:00.000Z,https://adstransparency.google.com/advertiser/AR12910272019299303425/creative/CR00516534971997880321?region=US
expedia.com,Expedia Inc,AR12910272019299303425,CR10058613373425156097,TEXT,2024-11-12T16:39:07.000Z,2026-10-02T11:11:55.000Z,https://adstransparency.google.com/advertiser/AR12910272019299303425/creative/CR10058613373425156097?region=US
expedia.com,Expedia Inc,AR12910272019299303425,CR00025338674958827521,TEXT,2025-02-10T17:20:43.000Z,2026-10-02T11:06:18.000Z,https://adstransparency.google.com/advertiser/AR12910272019299303425/creative/CR00025338674958827521?region=US
expedia.com,Expedia Inc,AR12910272019299303425,CR16694339881559654401,TEXT,2024-11-12T19:41:47.000Z,2026-10-02T11:05:54.000Z,https://adstransparency.google.com/advertiser/AR12910272019299303425/creative/CR16694339881559654401?region=US
expedia.com,Expedia Inc,AR12910272019299303425,CR16646778057968844801,VIDEO,2026-08-21T23:02:14.000Z,2026-10-02T11:05:24.000Z,https://adstransparency.google.com/advertiser/AR12910272019299303425/creative/CR16646778057968844801?region=US
expedia.com,Expedia Inc,AR12910272019299303425,CR07910991186960056321,TEXT,2026-02-27T18:50:32.000Z,2026-10-02T11:05:21.000Z,https://adstransparency.google.com/advertiser/AR12910272019299303425/creative/CR07910991186960056321?region=US
expedia.com,Expedia Inc,AR12910272019299303425,CR16213161466889502721,TEXT,2025-03-20T10:02:33.000Z,2026-10-02T11:05:12.000Z,https://adstransparency.google.com/advertiser/AR12910272019299303425/creative/CR16213161466889502721?region=US
expedia.com,Expedia Inc,AR12910272019299303425,CR13118392528007069697,TEXT,2021-10-25T07:00:00.000Z,2026-10-02T11:04:44.000Z,https://adstransparency.google.com/advertiser/AR12910272019299303425/creative/CR13118392528007069697?region=US
expedia.com,Expedia Inc,AR12910272019299303425,CR13698108642182561793,TEXT,2025-10-24T11:00:51.000Z,2026-10-02T11:04:30.000Z,https://adstransparency.google.com/advertiser/AR12910272019299303425/creative/CR13698108642182561793?region=US
expedia.com,Expedia Inc,AR12910272019299303425,CR10787380237344702465,TEXT,2024-11-12T13:02:58.000Z,2026-10-02T11:04:27.000Z,https://adstransparency.google.com/advertiser/AR12910272019299303425/creative/CR10787380237344702465?region=US
expedia.com,Expedia Inc,AR12910272019299303425,CR06754262803730661377,TEXT,2025-10-24T11:03:51.000Z,2026-10-02T11:03:34.000Z,https://adstransparency.google.com/advertiser/AR12910272019299303425/creative/CR06754262803730661377?region=US
expedia.com,Expedia Inc,AR12910272019299303425,CR05516468441797623809,VIDEO,2026-07-02T17:50:48.000Z,2026-10-02T11:03:08.000Z,https://adstransparency.google.com/advertiser/AR12910272019299303425/creative/CR05516468441797623809?region=US
expedia.com,VIRGO COMMUNICATIONS (WI) INC,AR13169823421346873345,CR02964688458389389313,IMAGE,2026-08-17T20:51:58.000Z,2026-10-02T11:02:49.000Z,https://adstransparency.google.com/advertiser/AR13169823421346873345/creative/CR02964688458389389313?region=US
expedia.com,Expedia Inc,AR12910272019299303425,CR02626011114365779969,VIDEO,2026-07-28T23:06:49.000Z,2026-10-02T11:02:43.000Z,https://adstransparency.google.com/advertiser/AR12910272019299303425/creative/CR02626011114365779969?region=US
expedia.com,Expedia Inc,AR12910272019299303425,CR04727847712504938497,VIDEO,2026-08-17T20:18:01.000Z,2026-10-02T11:02:40.000Z,https://adstransparency.google.com/advertiser/AR12910272019299303425/creative/CR04727847712504938497?region=US
expedia.com,Expedia Inc,AR12910272019299303425,CR17135773484916408321,VIDEO,2026-07-28T22:59:59.000Z,2026-10-02T11:02:37.000Z,https://adstransparency.google.com/advertiser/AR12910272019299303425/creative/CR17135773484916408321?region=US
expedia.com,Expedia Inc,AR12910272019299303425,CR17489688273394597889,VIDEO,2026-06-26T17:28:19.000Z,2026-10-02T11:02:11.000Z,https://adstransparency.google.com/advertiser/AR12910272019299303425/creative/CR17489688273394597889?region=US
expedia.com,Expedia Inc,AR12910272019299303425,CR04331085273719898113,TEXT,2024-11-12T13:27:30.000Z,2026-10-02T11:02:04.000Z,https://adstransparency.google.com/advertiser/AR12910272019299303425/creative/CR04331085273719898113?region=US
expedia.com,Expedia Inc,AR12910272019299303425,CR04055517174121365505,TEXT,2025-03-21T02:14:44.000Z,2026-10-02T11:01:38.000Z,https://adstransparency.google.com/advertiser/AR12910272019299303425/creative/CR04055517174121365505?region=US
expedia.com,Expedia Inc,AR12910272019299303425,CR02526988272534552577,VIDEO,2026-08-21T23:02:00.000Z,2026-10-02T11:01:26.000Z,https://adstransparency.google.com/advertiser/AR12910272019299303425/creative/CR02526988272534552577?region=US
expedia.com,Expedia Inc,AR12910272019299303425,CR09201275641297633281,VIDEO,2026-06-26T22:50:56.000Z,2026-10-02T11:01:18.000Z,https://adstransparency.google.com/advertiser/AR12910272019299303425/creative/CR09201275641297633281?region=US
expedia.com,Expedia Inc,AR12910272019299303425,CR12360260233950396417,VIDEO,2026-07-28T22:52:14.000Z,2026-10-02T11:00:54.000Z,https://adstransparency.google.com/advertiser/AR12910272019299303425/creative/CR12360260233950396417?region=US
expedia.com,Expedia Inc,AR12910272019299303425,CR05065343631284502529,VIDEO,2026-07-28T22:58:12.000Z,2026-10-02T11:00:48.000Z,https://adstransparency.google.com/advertiser/AR12910272019299303425/creative/CR05065343631284502529?region=US
expedia.com,Expedia Inc,AR12910272019299303425,CR06884099965736452097,VIDEO,2026-08-21T22:56:24.000Z,2026-10-02T11:00:45.000Z,https://adstransparency.google.com/advertiser/AR12910272019299303425/creative/CR06884099965736452097?region=US
expedia.com,Expedia Inc,AR12910272019299303425,CR15936186963070025729,TEXT,2024-11-12T14:13:50.000Z,2026-10-02T11:00:35.000Z,https://adstransparency.google.com/advertiser/AR12910272019299303425/creative/CR15936186963070025729?region=US
expedia.com,Expedia Inc,AR12910272019299303425,CR06977599136027639809,VIDEO,2026-08-21T22:57:26.000Z,2026-10-02T11:00:27.000Z,https://adstransparency.google.com/advertiser/AR12910272019299303425/creative/CR06977599136027639809?region=US
expedia.com,Expedia Inc,AR12910272019299303425,CR00861107046966099969,TEXT,2024-11-06T01:35:12.000Z,2026-10-02T11:00:22.000Z,https://adstransparency.google.com/advertiser/AR12910272019299303425/creative/CR00861107046966099969?region=US
expedia.com,Expedia Inc,AR12910272019299303425,CR06601444388415471617,IMAGE,2026-08-04T16:30:00.000Z,2026-10-02T11:00:00.000Z,https://adstransparency.google.com/advertiser/AR12910272019299303425/creative/CR06601444388415471617?region=US
expedia.com,Expedia Inc,AR12910272019299303425,CR08033684727430905857,IMAGE,2026-08-08T16:00:00.000Z,2026-10-02T11:00:00.000Z,https://adstransparency.google.com/advertiser/AR12910272019299303425/creative/CR08033684727430905857?region=US
expedia.com,Expedia Inc,AR01394971275700469761,CR07529119666078220289,IMAGE,2026-06-15T13:00:00.000Z,2026-10-02T11:00:00.000Z,https://adstransparency.google.com/advertiser/AR01394971275700469761/creative/CR07529119666078220289?region=US
expedia.com,Expedia Inc,AR12910272019299303425,CR03273398123371692033,TEXT,2021-10-25T07:00:00.000Z,2026-10-02T10:59:47.000Z,https://adstransparency.google.com/advertiser/AR12910272019299303425/creative/CR03273398123371692033?region=US
expedia.com,Expedia Inc,AR12910272019299303425,CR17958790657367605249,TEXT,2025-03-20T10:32:12.000Z,2026-10-02T10:59:17.000Z,https://adstransparency.google.com/advertiser/AR12910272019299303425/creative/CR17958790657367605249?region=US
expedia.com,Expedia Inc,AR12910272019299303425,CR08647442013660119041,VIDEO,2026-07-28T22:59:53.000Z,2026-10-02T10:58:54.000Z,https://adstransparency.google.com/advertiser/AR12910272019299303425/creative/CR08647442013660119041?region=US
expedia.com,Expedia Inc,AR12910272019299303425,CR14990579295003344897,VIDEO,2026-08-21T22:56:34.000Z,2026-10-02T10:58:51.000Z,https://adstransparency.google.com/advertiser/AR12910272019299303425/creative/CR14990579295003344897?region=US
expedia.com,Expedia Inc,AR12910272019299303425,CR16767990899874463745,VIDEO,2026-04-09T17:29:46.000Z,2026-10-02T10:58:49.000Z,https://adstransparency.google.com/advertiser/AR12910272019299303425/creative/CR16767990899874463745?region=US
expedia.com,Expedia Inc,AR12910272019299303425,CR18053161912178311169,TEXT,2024-11-12T13:33:42.000Z,2026-10-02T10:58:48.000Z,https://adstransparency.google.com/advertiser/AR12910272019299303425/creative/CR18053161912178311169?region=US
expedia.com,Expedia Inc,AR12910272019299303425,CR10487044263940980737,VIDEO,2026-07-28T23:08:06.000Z,2026-10-02T10:58:00.000Z,https://adstransparency.google.com/advertiser/AR12910272019299303425/creative/CR10487044263940980737?region=US
expedia.com,Expedia Inc,AR12910272019299303425,CR17902963839230541825,TEXT,2023-05-19T11:36:41.000Z,2026-10-02T10:57:56.000Z,https://adstransparency.google.com/advertiser/AR12910272019299303425/creative/CR17902963839230541825?region=US
expedia.com,Expedia Inc,AR12910272019299303425,CR11598597743064383489,VIDEO,2026-07-28T22:58:59.000Z,2026-10-02T10:57:55.000Z,https://adstransparency.google.com/advertiser/AR12910272019299303425/creative/CR11598597743064383489?region=US
expedia.com,Expedia Inc,AR12910272019299303425,CR04614285753541722113,VIDEO,2026-08-21T22:57:14.000Z,2026-10-02T10:57:09.000Z,https://adstransparency.google.com/advertiser/AR12910272019299303425/creative/CR04614285753541722113?region=US
expedia.com,Expedia Inc,AR12910272019299303425,CR09847316418574417921,TEXT,2024-11-12T16:48:34.000Z,2026-10-02T10:57:02.000Z,https://adstransparency.google.com/advertiser/AR12910272019299303425/creative/CR09847316418574417921?region=US
expedia.com,Expedia Inc,AR12910272019299303425,CR08521158430285627393,VIDEO,2026-08-21T22:57:05.000Z,2026-10-02T10:56:52.000Z,https://adstransparency.google.com/advertiser/AR12910272019299303425/creative/CR08521158430285627393?region=US
expedia.com,Expedia Inc,AR12910272019299303425,CR04243367979812651009,VIDEO,2026-07-28T23:01:38.000Z,2026-10-02T10:56:18.000Z,https://adstransparency.google.com/advertiser/AR12910272019299303425/creative/CR04243367979812651009?region=US
expedia.com,Expedia Inc,AR12910272019299303425,CR12852776846885912577,VIDEO,2026-08-21T22:56:33.000Z,2026-10-02T10:55:23.000Z,https://adstransparency.google.com/advertiser/AR12910272019299303425/creative/CR12852776846885912577?region=US
expedia.com,Expedia Inc,AR12910272019299303425,CR06228826219954044929,VIDEO,2026-08-21T22:56:30.000Z,2026-10-02T10:55:12.000Z,https://adstransparency.google.com/advertiser/AR12910272019299303425/creative/CR06228826219954044929?region=US
expedia.com,Expedia Inc,AR12910272019299303425,CR04746431589318131713,VIDEO,2026-04-09T17:00:05.000Z,2026-10-02T10:55:05.000Z,https://adstransparency.google.com/advertiser/AR12910272019299303425/creative/CR04746431589318131713?region=US
expedia.com,Expedia Inc,AR12910272019299303425,CR14693471315940081665,TEXT,2022-08-02T00:52:51.000Z,2026-10-02T10:54:22.000Z,https://adstransparency.google.com/advertiser/AR12910272019299303425/creative/CR14693471315940081665?region=US
expedia.com,Expedia Inc,AR12910272019299303425,CR07432413220368809985,VIDEO,2026-08-21T22:52:15.000Z,2026-10-02T10:54:20.000Z,https://adstransparency.google.com/advertiser/AR12910272019299303425/creative/CR07432413220368809985?region=US
expedia.com,Expedia Inc,AR12910272019299303425,CR04527664853115994113,VIDEO,2026-07-28T23:04:48.000Z,2026-10-02T10:53:43.000Z,https://adstransparency.google.com/advertiser/AR12910272019299303425/creative/CR04527664853115994113?region=US
expedia.com,Expedia Inc,AR12910272019299303425,CR02137097875912392705,VIDEO,2026-07-28T22:53:43.000Z,2026-10-02T10:53:37.000Z,https://adstransparency.google.com/advertiser/AR12910272019299303425/creative/CR02137097875912392705?region=US
expedia.com,Expedia Inc,AR12910272019299303425,CR00556542489280905217,VIDEO,2026-08-21T22:52:24.000Z,2026-10-02T10:53:11.000Z,https://adstransparency.google.com/advertiser/AR12910272019299303425/creative/CR00556542489280905217?region=US
expedia.com,Expedia Inc,AR12910272019299303425,CR16832837003304239105,VIDEO,2026-04-09T22:03:36.000Z,2026-10-02T10:53:08.000Z,https://adstransparency.google.com/advertiser/AR12910272019299303425/creative/CR16832837003304239105?region=US
expedia.com,Expedia Inc,AR12910272019299303425,CR05870362064676978689,VIDEO,2026-07-28T22:57:02.000Z,2026-10-02T10:52:55.000Z,https://adstransparency.google.com/advertiser/AR12910272019299303425/creative/CR05870362064676978689?region=US
expedia.com,Expedia Inc,AR12910272019299303425,CR06149226517315452929,TEXT,2023-05-15T16:04:35.000Z,2026-10-02T10:52:12.000Z,https://adstransparency.google.com/advertiser/AR12910272019299303425/creative/CR06149226517315452929?region=US
expedia.com,Expedia Inc,AR12910272019299303425,CR16995379310476918785,TEXT,2023-05-15T16:02:11.000Z,2026-10-02T10:50:38.000Z,https://adstransparency.google.com/advertiser/AR12910272019299303425/creative/CR16995379310476918785?region=US
expedia.com,Expedia Inc,AR12910272019299303425,CR11953433647408742401,TEXT,2023-10-17T16:12:34.000Z,2026-10-02T10:50:00.000Z,https://adstransparency.google.com/advertiser/AR12910272019299303425/creative/CR11953433647408742401?region=US
expedia.com,Expedia Inc,AR12910272019299303425,CR14816628584029880321,TEXT,2024-11-12T16:21:08.000Z,2026-10-02T10:49:47.000Z,https://adstransparency.google.com/advertiser/AR12910272019299303425/creative/CR14816628584029880321?region=US
expedia.com,Expedia Inc,AR12910272019299303425,CR17348385077716844545,TEXT,2022-10-26T19:31:44.000Z,2026-10-02T10:49:36.000Z,https://adstransparency.google.com/advertiser/AR12910272019299303425/creative/CR17348385077716844545?region=US
expedia.com,Expedia Inc,AR12910272019299303425,CR09896299970829484033,TEXT,2025-01-29T21:05:54.000Z,2026-10-02T10:49:15.000Z,https://adstransparency.google.com/advertiser/AR12910272019299303425/creative/CR09896299970829484033?region=US
expedia.com,Expedia Inc,AR12910272019299303425,CR07777809611230281729,VIDEO,2026-03-25T17:02:05.000Z,2026-10-02T10:49:08.000Z,https://adstransparency.google.com/advertiser/AR12910272019299303425/creative/CR07777809611230281729?region=US
expedia.com,Expedia Inc,AR12910272019299303425,CR07884922324611235841,TEXT,2023-11-30T18:34:38.000Z,2026-10-02T10:48:19.000Z,https://adstransparency.google.com/advertiser/AR12910272019299303425/creative/CR07884922324611235841?region=US
expedia.com,Expedia Inc,AR12910272019299303425,CR15704712638409736193,TEXT,2023-05-15T16:20:21.000Z,2026-10-02T10:48:03.000Z,https://adstransparency.google.com/advertiser/AR12910272019299303425/creative/CR15704712638409736193?region=US
expedia.com,Expedia Inc,AR12910272019299303425,CR02832446320856268801,TEXT,2024-11-12T20:05:22.000Z,2026-10-02T10:46:53.000Z,https://adstransparency.google.com/advertiser/AR12910272019299303425/creative/CR02832446320856268801?region=US
expedia.com,Expedia Inc,AR12910272019299303425,CR01673085234343575553,TEXT,2022-08-13T17:00:00.000Z,2026-10-02T10:45:28.000Z,https://adstransparency.google.com/advertiser/AR12910272019299303425/creative/CR01673085234343575553?region=US
expedia.com,Expedia Inc,AR12910272019299303425,CR13429681209181470721,TEXT,2023-05-15T17:20:17.000Z,2026-10-02T10:44:24.000Z,https://adstransparency.google.com/advertiser/AR12910272019299303425/creative/CR13429681209181470721?region=US
expedia.com,Expedia Inc,AR12910272019299303425,CR10407777421267828737,TEXT,2024-11-12T14:30:01.000Z,2026-10-02T10:44:03.000Z,https://adstransparency.google.com/advertiser/AR12910272019299303425/creative/CR10407777421267828737?region=US
expedia.com,Expedia Inc,AR12910272019299303425,CR10667123652727668737,VIDEO,2026-08-21T22:57:15.000Z,2026-10-02T10:43:59.000Z,https://adstransparency.google.com/advertiser/AR12910272019299303425/creative/CR10667123652727668737?region=US
expedia.com,Expedia Inc,AR12910272019299303425,CR01709463993887752193,VIDEO,2026-08-21T22:57:08.000Z,2026-10-02T10:43:19.000Z,https://adstransparency.google.com/advertiser/AR12910272019299303425/creative/CR01709463993887752193?region=US
expedia.com,Expedia Inc,AR12910272019299303425,CR13063025460349239297,VIDEO,2026-08-17T20:19:36.000Z,2026-10-02T10:43:13.000Z,https://adstransparency.google.com/advertiser/AR12910272019299303425/creative/CR13063025460349239297?region=US
expedia.com,Expedia Inc,AR12910272019299303425,CR04904811849842688001,TEXT,2025-01-29T21:20:25.000Z,2026-10-02T10:43:03.000Z,https://adstransparency.google.com/advertiser/AR12910272019299303425/creative/CR04904811849842688001?region=US
expedia.com,Expedia Inc,AR12910272019299303425,CR13900068269412319233,VIDEO,2026-08-21T23:14:56.000Z,2026-10-02T10:42:29.000Z,https://adstransparency.google.com/advertiser/AR12910272019299303425/creative/CR13900068269412319233?region=US
expedia.com,Expedia Inc,AR12910272019299303425,CR17474102635941330945,TEXT,2024-12-10T18:21:22.000Z,2026-10-02T10:42:19.000Z,https://adstransparency.google.com/advertiser/AR12910272019299303425/creative/CR17474102635941330945?region=US
expedia.com,Expedia Inc,AR12910272019299303425,CR05924909360516956161,TEXT,2023-11-30T21:55:40.000Z,2026-10-02T10:41:51.000Z,https://adstransparency.google.com/advertiser/AR12910272019299303425/creative/CR05924909360516956161?region=US
expedia.com,Expedia Inc,AR12910272019299303425,CR18280583385439010817,TEXT,2024-11-12T17:03:32.000Z,2026-10-02T10:41:14.000Z,https://adstransparency.google.com/advertiser/AR12910272019299303425/creative/CR18280583385439010817?region=US
expedia.com,Expedia Inc,AR12910272019299303425,CR09221468172341739521,VIDEO,2026-08-21T22:42:01.000Z,2026-10-02T10:39:54.000Z,https://adstransparency.google.com/advertiser/AR12910272019299303425/creative/CR09221468172341739521?region=US
expedia.com,Expedia Inc,AR12910272019299303425,CR17673503244346720257,TEXT,2022-08-30T20:03:40.000Z,2026-10-02T10:39:24.000Z,https://adstransparency.google.com/advertiser/AR12910272019299303425/creative/CR17673503244346720257?region=US
expedia.com,Expedia Inc,AR12910272019299303425,CR10858559596469944321,TEXT,2024-11-06T10:50:15.000Z,2026-10-02T10:39:00.000Z,https://adstransparency.google.com/advertiser/AR12910272019299303425/creative/CR10858559596469944321?region=US
expedia.com,Expedia Inc,AR12910272019299303425,CR11835807756030312449,VIDEO,2026-08-21T22:56:46.000Z,2026-10-02T10:38:49.000Z,https://adstransparency.google.com/advertiser/AR12910272019299303425/creative/CR11835807756030312449?region=US
expedia.com,Expedia Inc,AR12910272019299303425,CR05577306206868865025,VIDEO,2026-08-21T22:56:28.000Z,2026-10-02T10:38:31.000Z,https://adstransparency.google.com/advertiser/AR12910272019299303425/creative/CR05577306206868865025?region=US
expedia.com,Expedia Inc,AR12910272019299303425,CR15436370718207508481,VIDEO,2026-04-09T17:11:52.000Z,2026-10-02T10:38:26.000Z,https://adstransparency.google.com/advertiser/AR12910272019299303425/creative/CR15436370718207508481?region=US
expedia.com,Expedia Inc,AR12910272019299303425,CR09591739158355771393,TEXT,2024-12-22T02:16:51.000Z,2026-10-02T10:37:42.000Z,https://adstransparency.google.com/advertiser/AR12910272019299303425/creative/CR09591739158355771393?region=US
expedia.com,Expedia Inc,AR12910272019299303425,CR01604573324787056641,TEXT,2023-05-15T18:46:46.000Z,2026-10-02T10:37:40.000Z,https://adstransparency.google.com/advertiser/AR12910272019299303425/creative/CR01604573324787056641?region=US
expedia.com,Expedia Inc,AR12910272019299303425,CR02909418414042775553,VIDEO,2026-03-25T17:02:21.000Z,2026-10-02T10:37:25.000Z,https://adstransparency.google.com/advertiser/AR12910272019299303425/creative/CR02909418414042775553?region=US
expedia.com,Expedia Inc,AR12910272019299303425,CR10730455522487566337,VIDEO,2026-08-21T22:56:33.000Z,2026-10-02T10:37:16.000Z,https://adstransparency.google.com/advertiser/AR12910272019299303425/creative/CR10730455522487566337?region=US
expedia.com,Expedia Inc,AR12910272019299303425,CR13184219129520848897,VIDEO,2026-08-24T23:41:07.000Z,2026-10-02T10:36:06.000Z,https://adstransparency.google.com/advertiser/AR12910272019299303425/creative/CR13184219129520848897?region=US
expedia.com,Expedia Inc,AR12910272019299303425,CR11571502752899006465,VIDEO,2026-08-21T22:57:08.000Z,2026-10-02T10:35:44.000Z,https://adstransparency.google.com/advertiser/AR12910272019299303425/creative/CR11571502752899006465?region=US
expedia.com,Expedia Inc,AR12910272019299303425,CR00145766585821298689,TEXT,2023-05-15T16:22:04.000Z,2026-10-02T10:35:16.000Z,https://adstransparency.google.com/advertiser/AR12910272019299303425/creative/CR00145766585821298689?region=US
expedia.com,Expedia Inc,AR12910272019299303425,CR06958646235624374273,TEXT,2023-12-01T19:42:21.000Z,2026-10-02T10:34:37.000Z,https://adstransparency.google.com/advertiser/AR12910272019299303425/creative/CR06958646235624374273?region=US
expedia.com,Expedia Inc,AR12910272019299303425,CR04645276038526402561,TEXT,2025-05-31T12:01:44.000Z,2026-10-02T10:34:33.000Z,https://adstransparency.google.com/advertiser/AR12910272019299303425/creative/CR04645276038526402561?region=US
expedia.com,Expedia Inc,AR12910272019299303425,CR07889738941455138817,TEXT,2024-12-04T17:43:15.000Z,2026-10-02T10:33:19.000Z,https://adstransparency.google.com/advertiser/AR12910272019299303425/creative/CR07889738941455138817?region=US
expedia.com,Expedia Inc,AR12910272019299303425,CR13450247608538759169,TEXT,2023-05-15T18:41:36.000Z,2026-10-02T10:33:08.000Z,https://adstransparency.google.com/advertiser/AR12910272019299303425/creative/CR13450247608538759169?region=US
expedia.com,Expedia Inc,AR12910272019299303425,CR01203819083267571713,TEXT,2024-12-11T02:43:12.000Z,2026-10-02T10:30:14.000Z,https://adstransparency.google.com/advertiser/AR12910272019299303425/creative/CR01203819083267571713?region=US
expedia.com,Expedia Inc,AR12910272019299303425,CR12781742210978676737,TEXT,2026-02-27T16:13:15.000Z,2026-10-02T10:30:09.000Z,https://adstransparency.google.com/advertiser/AR12910272019299303425/creative/CR12781742210978676737?region=US
expedia.com,Expedia Inc,AR12910272019299303425,CR02217878823406403585,TEXT,2026-05-20T00:31:12.000Z,2026-10-02T10:30:06.000Z,https://adstransparency.google.com/advertiser/AR12910272019299303425/creative/CR02217878823406403585?region=US
expedia.com,Expedia Inc,AR11988547745242677249,CR10701649692229369857,IMAGE,2026-08-05T11:30:00.000Z,2026-10-02T10:30:00.000Z,https://adstransparency.google.com/advertiser/AR11988547745242677249/creative/CR10701649692229369857?region=US
expedia.com,Expedia Inc,AR05571039196748972033,CR07642548171817615361,IMAGE,2026-04-10T16:30:00.000Z,2026-10-02T10:30:00.000Z,https://adstransparency.google.com/advertiser/AR05571039196748972033/creative/CR07642548171817615361?region=US
expedia.com,Expedia Inc,AR12910272019299303425,CR01237339542076260353,VIDEO,2026-03-03T05:30:00.000Z,2026-10-02T10:30:00.000Z,https://adstransparency.google.com/advertiser/AR12910272019299303425/creative/CR01237339542076260353?region=US
expedia.com,Expedia Inc,AR12910272019299303425,CR16088617345269891073,TEXT,2024-11-12T13:34:42.000Z,2026-10-02T10:29:07.000Z,https://adstransparency.google.com/advertiser/AR12910272019299303425/creative/CR16088617345269891073?region=US
expedia.com,Expedia Inc,AR12910272019299303425,CR09239764045827932161,VIDEO,2026-08-21T22:56:53.000Z,2026-10-02T10:28:44.000Z,https://adstransparency.google.com/advertiser/AR12910272019299303425/creative/CR09239764045827932161?region=US
expedia.com,Expedia Inc,AR12910272019299303425,CR12901190542880145409,VIDEO,2026-08-21T23:01:34.000Z,2026-10-02T10:26:40.000Z,https://adstransparency.google.com/advertiser/AR12910272019299303425/creative/CR12901190542880145409?region=US
expedia.com,Expedia Inc,AR12910272019299303425,CR16326747546389053441,TEXT,2025-01-30T00:01:13.000Z,2026-10-02T10:26:27.000Z,https://adstransparency.google.com/advertiser/AR12910272019299303425/creative/CR16326747546389053441?region=US
expedia.com,Expedia Inc,AR12910272019299303425,CR04975640250010304513,VIDEO,2026-08-21T22:57:20.000Z,2026-10-02T10:26:07.000Z,https://adstransparency.google.com/advertiser/AR12910272019299303425/creative/CR04975640250010304513?region=US
expedia.com,Expedia Inc,AR12910272019299303425,CR11246590289432805377,TEXT,2021-10-26T07:00:00.000Z,2026-10-02T10:24:48.000Z,https://adstransparency.google.com/advertiser/AR12910272019299303425/creative/CR11246590289432805377?region=US
expedia.com,Expedia Inc,AR12910272019299303425,CR17399449610346299393,TEXT,2024-11-12T18:18:25.000Z,2026-10-02T10:24:18.000Z,https://adstransparency.google.com/advertiser/AR12910272019299303425/creative/CR17399449610346299393?region=US
expedia.com,Expedia Inc,AR12910272019299303425,CR14618003724027559937,TEXT,2023-05-15T16:15:47.000Z,2026-10-02T10:22:34.000Z,https://adstransparency.google.com/advertiser/AR12910272019299303425/creative/CR14618003724027559937?region=US
expedia.com,Expedia Inc,AR12910272019299303425,CR06360837984031342593,VIDEO,2026-08-21T23:01:35.000Z,2026-10-02T10:21:12.000Z,https://adstransparency.google.com/advertiser/AR12910272019299303425/creative/CR06360837984031342593?region=US
expedia.com,Expedia Inc,AR12910272019299303425,CR01016427117522452481,TEXT,2025-01-29T21:27:27.000Z,2026-10-02T10:20:59.000Z,https://adstransparency.google.com/advertiser/AR12910272019299303425/creative/CR01016427117522452481?region=US
expedia.com,Expedia Inc,AR12910272019299303425,CR13988943993308708865,VIDEO,2026-08-24T23:39:08.000Z,2026-10-02T10:20:40.000Z,https://adstransparency.google.com/advertiser/AR12910272019299303425/creative/CR13988943993308708865?region=US
expedia.com,Expedia Inc,AR12910272019299303425,CR06602626337645527041,TEXT,2024-11-12T13:09:53.000Z,2026-10-02T10:18:56.000Z,https://adstransparency.google.com/advertiser/AR12910272019299303425/creative/CR06602626337645527041?region=US
expedia.com,Expedia Inc,AR12910272019299303425,CR02953621324100009985,IMAGE,2026-09-09T19:31:08.000Z,2026-10-02T10:18:30.000Z,https://adstransparency.google.com/advertiser/AR12910272019299303425/creative/CR02953621324100009985?region=US
expedia.com,Expedia Inc,AR12910272019299303425,CR17057707274581049345,TEXT,2025-01-29T21:16:40.000Z,2026-10-02T10:18:12.000Z,https://adstransparency.google.com/advertiser/AR12910272019299303425/creative/CR17057707274581049345?region=US
expedia.com,Expedia Inc,AR12910272019299303425,CR01839147516323430401,TEXT,2024-11-12T13:55:35.000Z,2026-10-02T10:17:31.000Z,https://adstransparency.google.com/advertiser/AR12910272019299303425/creative/CR01839147516323430401?region=US
expedia.com,Expedia Inc,AR12910272019299303425,CR03994477854824857601,VIDEO,2026-08-21T23:01:35.000Z,2026-10-02T10:15:32.000Z,https://adstransparency.google.com/advertiser/AR12910272019299303425/creative/CR03994477854824857601?region=US
expedia.com,Expedia Inc,AR12910272019299303425,CR12060348646265192449,VIDEO,2026-07-29T01:00:52.000Z,2026-10-02T10:15:12.000Z,https://adstransparency.google.com/advertiser/AR12910272019299303425/creative/CR12060348646265192449?region=US
expedia.com,Expedia Inc,AR12910272019299303425,CR15062073939087851521,VIDEO,2026-08-21T22:56:37.000Z,2026-10-02T10:14:59.000Z,https://adstransparency.google.com/advertiser/AR12910272019299303425/creative/CR15062073939087851521?region=US
expedia.com,Expedia Inc,AR12910272019299303425,CR18331328320962035713,TEXT,2024-04-02T19:46:35.000Z,2026-10-02T10:13:54.000Z,https://adstransparency.google.com/advertiser/AR12910272019299303425/creative/CR18331328320962035713?region=US
expedia.com,Expedia Inc,AR12910272019299303425,CR16352937466686078977,TEXT,2024-11-12T14:46:54.000Z,2026-10-02T10:12:30.000Z,https://adstransparency.google.com/advertiser/AR12910272019299303425/creative/CR16352937466686078977?region=US
expedia.com,Expedia Inc,AR12910272019299303425,CR02379424680986542081,TEXT,2024-11-14T18:31:59.000Z,2026-10-02T10:12:16.000Z,https://adstransparency.google.com/advertiser/AR12910272019299303425/creative/CR02379424680986542081?region=US
expedia.com,Expedia Inc,AR12910272019299303425,CR04141970742621241345,VIDEO,2026-08-21T22:56:34.000Z,2026-10-02T10:11:34.000Z,https://adstransparency.google.com/advertiser/AR12910272019299303425/creative/CR04141970742621241345?region=US
expedia.com,Expedia Inc,AR12910272019299303425,CR14509351479619354625,TEXT,2024-11-06T01:09:05.000Z,2026-10-02T10:11:12.000Z,https://adstransparency.google.com/advertiser/AR12910272019299303425/creative/CR14509351479619354625?region=US
expedia.com,Expedia Inc,AR12910272019299303425,CR03826251931530035201,TEXT,2024-11-06T11:52:11.000Z,2026-10-02T10:10:47.000Z,https://adstransparency.google.com/advertiser/AR12910272019299303425/creative/CR03826251931530035201?region=US
expedia.com,Expedia Inc,AR12910272019299303425,CR13198278713554239489,TEXT,2022-08-02T02:50:57.000Z,2026-10-02T10:10:34.000Z,https://adstransparency.google.com/advertiser/AR12910272019299303425/creative/CR13198278713554239489?region=US
expedia.com,Expedia Inc,AR12910272019299303425,CR13289752445988110337,TEXT,2023-05-15T16:01:27.000Z,2026-10-02T10:09:26.000Z,https://adstransparency.google.com/advertiser/AR12910272019299303425/creative/CR13289752445988110337?region=US
expedia.com,Expedia Inc,AR12910272019299303425,CR15120520120339791873,TEXT,2023-05-15T17:32:58.000Z,2026-10-02T10:07:59.000Z,https://adstransparency.google.com/advertiser/AR12910272019299303425/creative/CR15120520120339791873?region=US
expedia.com,Expedia Inc,AR12910272019299303425,CR09622574661309038593,TEXT,2024-11-12T17:20:42.000Z,2026-10-02T10:07:57.000Z,https://adstransparency.google.com/advertiser/AR12910272019299303425/creative/CR09622574661309038593?region=US
expedia.com,Expedia Inc,AR12910272019299303425,CR02633104338754469889,VIDEO,2026-08-21T23:01:45.000Z,2026-10-02T10:07:41.000Z,https://adstransparency.google.com/advertiser/AR12910272019299303425/creative/CR02633104338754469889?region=US
expedia.com,Expedia Inc,AR12910272019299303425,CR01708984598228107265,TEXT,2023-03-17T22:28:12.000Z,2026-10-02T10:05:50.000Z,https://adstransparency.google.com/advertiser/AR12910272019299303425/creative/CR01708984598228107265?region=US
expedia.com,Expedia Inc,AR12910272019299303425,CR13597505200846798849,TEXT,2023-05-15T18:06:19.000Z,2026-10-02T10:04:35.000Z,https://adstransparency.google.com/advertiser/AR12910272019299303425/creative/CR13597505200846798849?region=US
expedia.com,Expedia Inc,AR12910272019299303425,CR17017445005607829505,TEXT,2024-11-12T19:29:53.000Z,2026-10-02T10:00:57.000Z,https://adstransparency.google.com/advertiser/AR12910272019299303425/creative/CR17017445005607829505?region=US
expedia.com,Expedia Inc,AR11988547745242677249,CR16584737014859956225,IMAGE,2026-08-05T11:00:00.000Z,2026-10-02T10:00:00.000Z,https://adstransparency.google.com/advertiser/AR11988547745242677249/creative/CR16584737014859956225?region=US
expedia.com,Expedia Inc,AR11988547745242677249,CR05770073959840088065,IMAGE,2026-08-05T11:00:00.000Z,2026-10-02T10:00:00.000Z,https://adstransparency.google.com/advertiser/AR11988547745242677249/creative/CR05770073959840088065?region=US
expedia.com,Expedia Inc,AR01394971275700469761,CR06780437459713916929,IMAGE,2026-06-15T16:00:00.000Z,2026-10-02T10:00:00.000Z,https://adstransparency.google.com/advertiser/AR01394971275700469761/creative/CR06780437459713916929?region=US
expedia.com,Expedia Inc,AR12910272019299303425,CR07788670149002788865,TEXT,2025-10-24T10:42:11.000Z,2026-10-02T09:59:10.000Z,https://adstransparency.google.com/advertiser/AR12910272019299303425/creative/CR07788670149002788865?region=US
expedia.com,Expedia Inc,AR12910272019299303425,CR07028215153812307969,VIDEO,2026-08-21T22:57:04.000Z,2026-10-02T09:58:32.000Z,https://adstransparency.google.com/advertiser/AR12910272019299303425/creative/CR07028215153812307969?region=US
expedia.com,Expedia Inc,AR12910272019299303425,CR10109313340640591873,TEXT,2024-07-28T12:57:43.000Z,2026-10-02T09:58:20.000Z,https://adstransparency.google.com/advertiser/AR12910272019299303425/creative/CR10109313340640591873?region=US
expedia.com,Expedia Inc,AR12910272019299303425,CR16429897198956707841,TEXT,2025-03-20T10:05:20.000Z,2026-10-02T09:58:11.000Z,https://adstransparency.google.com/advertiser/AR12910272019299303425/creative/CR16429897198956707841?region=US
expedia.com,Expedia Inc,AR12910272019299303425,CR15446408228576952321,VIDEO,2026-08-21T23:02:11.000Z,2026-10-02T09:57:37.000Z,https://adstransparency.google.com/advertiser/AR12910272019299303425/creative/CR15446408228576952321?region=US
expedia.com,Expedia Inc,AR12910272019299303425,CR00434933342152949761,TEXT,2024-11-12T12:37:15.000Z,2026-10-02T09:57:31.000Z,https://adstransparency.google.com/advertiser/AR12910272019299303425/creative/CR00434933342152949761?region=US
expedia.com,Expedia Inc,AR12910272019299303425,CR07691676662039052289,TEXT,2024-11-12T12:47:42.000Z,2026-10-02T09:57:26.000Z,https://adstransparency.google.com/advertiser/AR12910272019299303425/creative/CR07691676662039052289?region=US
expedia.com,Expedia Inc,AR12910272019299303425,CR05012707664610721793,TEXT,2022-08-30T17:02:25.000Z,2026-10-02T09:57:26.000Z,https://adstransparency.google.com/advertiser/AR12910272019299303425/creative/CR05012707664610721793?region=US
expedia.com,Expedia Inc,AR12910272019299303425,CR05940877318779043841,VIDEO,2026-08-21T22:57:09.000Z,2026-10-02T09:56:59.000Z,https://adstransparency.google.com/advertiser/AR12910272019299303425/creative/CR05940877318779043841?region=US
expedia.com,Expedia Inc,AR12910272019299303425,CR03335606919313227777,VIDEO,2026-06-26T17:38:09.000Z,2026-10-02T09:56:11.000Z,https://adstransparency.google.com/advertiser/AR12910272019299303425/creative/CR03335606919313227777?region=US
expedia.com,Expedia Inc,AR12910272019299303425,CR18436114484918484993,VIDEO,2026-08-21T22:56:51.000Z,2026-10-02T09:55:17.000Z,https://adstransparency.google.com/advertiser/AR12910272019299303425/creative/CR18436114484918484993?region=US
expedia.com,Expedia Inc,AR12910272019299303425,CR10662229245436100609,TEXT,2025-12-26T10:42:25.000Z,2026-10-02T09:54:26.000Z,https://adstransparency.google.com/advertiser/AR12910272019299303425/creative/CR10662229245436100609?region=US
expedia.com,Expedia Inc,AR12910272019299303425,CR16512795969054572545,VIDEO,2026-08-21T22:51:56.000Z,2026-10-02T09:54:19.000Z,https://adstransparency.google.com/advertiser/AR12910272019299303425/creative/CR16512795969054572545?region=US
expedia.com,Expedia Inc,AR12910272019299303425,CR09437463726925021185,TEXT,2024-12-06T13:55:34.000Z,2026-10-02T09:52:48.000Z,https://adstransparency.google.com/advertiser/AR12910272019299303425/creative/CR09437463726925021185?region=US
expedia.com,Expedia Inc,AR12910272019299303425,CR05121222186597613569,VIDEO,2026-08-21T22:57:15.000Z,2026-10-02T09:52:01.000Z,https://adstransparency.google.com/advertiser/AR12910272019299303425/creative/CR05121222186597613569?region=US
expedia.com,Expedia Inc,AR12910272019299303425,CR07709638713487130625,TEXT,2022-08-02T00:12:56.000Z,2026-10-02T09:51:44.000Z,https://adstransparency.google.com/advertiser/AR12910272019299303425/creative/CR07709638713487130625?region=US
expedia.com,Expedia Inc,AR12910272019299303425,CR06911971760866852865,TEXT,2024-11-12T14:11:58.000Z,2026-10-02T09:50:38.000Z,https://adstransparency.google.com/advertiser/AR12910272019299303425/creative/CR06911971760866852865?region=US
expedia.com,Expedia Inc,AR12910272019299303425,CR04960186880369885185,TEXT,2022-09-20T07:00:00.000Z,2026-10-02T09:49:50.000Z,https://adstransparency.google.com/advertiser/AR12910272019299303425/creative/CR04960186880369885185?region=US
expedia.com,Expedia Inc,AR12910272019299303425,CR16499285170172461057,VIDEO,2026-08-21T22:52:03.000Z,2026-10-02T09:49:50.000Z,https://adstransparency.google.com/advertiser/AR12910272019299303425/creative/CR16499285170172461057?region=US
expedia.com,Expedia Inc,AR12910272019299303425,CR14959030458111754241,TEXT,2026-05-19T11:53:23.000Z,2026-10-02T09:49:49.000Z,https://adstransparency.google.com/advertiser/AR12910272019299303425/creative/CR14959030458111754241?region=US
expedia.com,Expedia Inc,AR12910272019299303425,CR03677683266095153153,VIDEO,2026-08-24T23:29:43.000Z,2026-10-02T09:49:36.000Z,https://adstransparency.google.com/advertiser/AR12910272019299303425/creative/CR03677683266095153153?region=US
expedia.com,Expedia Inc,AR12910272019299303425,CR15917194918334824449,VIDEO,2026-08-21T23:01:42.000Z,2026-10-02T09:48:17.000Z,https://adstransparency.google.com/advertiser/AR12910272019299303425/creative/CR15917194918334824449?region=US
expedia.com,Expedia Inc,AR12910272019299303425,CR12248213676888162305,VIDEO,2026-08-21T22:58:21.000Z,2026-10-02T09:47:55.000Z,https://adstransparency.google.com/advertiser/AR12910272019299303425/creative/CR12248213676888162305?region=US
expedia.com,Expedia Inc,AR12910272019299303425,CR08734019698124914689,TEXT,2024-12-10T18:53:49.000Z,2026-10-02T09:47:38.000Z,https://adstransparency.google.com/advertiser/AR12910272019299303425/creative/CR08734019698124914689?region=US
expedia.com,Expedia Inc,AR12910272019299303425,CR06978951114423009281,TEXT,2022-08-30T14:12:15.000Z,2026-10-02T09:46:57.000Z,https://adstransparency.google.com/advertiser/AR12910272019299303425/creative/CR06978951114423009281?region=US
expedia.com,Expedia Inc,AR12910272019299303425,CR06917876962941730817,VIDEO,2026-08-21T22:57:02.000Z,2026-10-02T09:46:14.000Z,https://adstransparency.google.com/advertiser/AR12910272019299303425/creative/CR06917876962941730817?region=US
expedia.com,Expedia Inc,AR12910272019299303425,CR02523321203687424001,TEXT,2024-11-11T18:55:38.000Z,2026-10-02T09:46:10.000Z,https://adstransparency.google.com/advertiser/AR12910272019299303425/creative/CR02523321203687424001?region=US
expedia.com,Expedia Inc,AR12910272019299303425,CR11833837431193337857,VIDEO,2026-08-21T22:52:05.000Z,2026-10-02T09:45:48.000Z,https://adstransparency.google.com/advertiser/AR12910272019299303425/creative/CR11833837431193337857?region=US
expedia.com,Expedia Inc,AR12910272019299303425,CR00181899295279022081,VIDEO,2026-08-21T22:56:34.000Z,2026-10-02T09:45:09.000Z,https://adstransparency.google.com/advertiser/AR12910272019299303425/creative/CR00181899295279022081?region=US
expedia.com,Expedia Inc,AR12910272019299303425,CR06193284231708278785,VIDEO,2026-07-29T01:01:37.000Z,2026-10-02T09:44:11.000Z,https://adstransparency.google.com/advertiser/AR12910272019299303425/creative/CR06193284231708278785?region=US
expedia.com,Click Tech Limited,AR11133654742859776001,CR15084559226753777665,TEXT,2026-07-25T00:18:17.000Z,2026-10-02T09:44:11.000Z,https://adstransparency.google.com/advertiser/AR11133654742859776001/creative/CR15084559226753777665?region=US
expedia.com,Expedia Inc,AR12910272019299303425,CR03486134046885412865,VIDEO,2026-08-21T22:57:08.000Z,2026-10-02T09:43:30.000Z,https://adstransparency.google.com/advertiser/AR12910272019299303425/creative/CR03486134046885412865?region=US
expedia.com,Expedia Inc,AR12910272019299303425,CR04360370035781271553,VIDEO,2026-08-27T23:59:17.000Z,2026-10-02T09:42:56.000Z,https://adstransparency.google.com/advertiser/AR12910272019299303425/creative/CR04360370035781271553?region=US
expedia.com,Expedia Inc,AR12910272019299303425,CR01231332566456336385,VIDEO,2026-08-21T22:56:47.000Z,2026-10-02T09:42:53.000Z,https://adstransparency.google.com/advertiser/AR12910272019299303425/creative/CR01231332566456336385?region=US
expedia.com,Expedia Inc,AR12910272019299303425,CR07612476674826829825,TEXT,2023-11-30T20:22:22.000Z,2026-10-02T09:42:42.000Z,https://adstransparency.google.com/advertiser/AR12910272019299303425/creative/CR07612476674826829825?region=US
expedia.com,"HongKong Luckstar Technology Co., Ltd.",AR17859763194151567361,CR10536256755132792833,TEXT,2026-08-10T08:02:23.000Z,2026-10-02T09:42:35.000Z,https://adstransparency.google.com/advertiser/AR17859763194151567361/creative/CR10536256755132792833?region=US
expedia.com,Expedia Inc,AR12910272019299303425,CR13326872508297641985,TEXT,2023-05-17T00:55:14.000Z,2026-10-02T09:42:20.000Z,https://adstransparency.google.com/advertiser/AR12910272019299303425/creative/CR13326872508297641985?region=US
expedia.com,VIRGO COMMUNICATIONS (WI) INC,AR13169823421346873345,CR07123340501800976385,IMAGE,2026-08-17T20:49:08.000Z,2026-10-02T09:41:14.000Z,https://adstransparency.google.com/advertiser/AR13169823421346873345/creative/CR07123340501800976385?region=US
expedia.com,Expedia Inc,AR12910272019299303425,CR01861370261228486657,TEXT,2024-11-12T15:50:46.000Z,2026-10-02T09:41:02.000Z,https://adstransparency.google.com/advertiser/AR12910272019299303425/creative/CR01861370261228486657?region=US
expedia.com,Expedia Inc,AR12910272019299303425,CR17046669268759871489,TEXT,2024-11-12T16:45:30.000Z,2026-10-02T09:40:38.000Z,https://adstransparency.google.com/advertiser/AR12910272019299303425/creative/CR17046669268759871489?region=US
expedia.com,Expedia Inc,AR12910272019299303425,CR09768005921853669377,VIDEO,2026-03-25T17:25:33.000Z,2026-10-02T09:40:09.000Z,https://adstransparency.google.com/advertiser/AR12910272019299303425/creative/CR09768005921853669377?region=US
expedia.com,Expedia Inc,AR12910272019299303425,CR18382071289390039041,VIDEO,2026-08-21T23:07:03.000Z,2026-10-02T09:39:56.000Z,https://adstransparency.google.com/advertiser/AR12910272019299303425/creative/CR18382071289390039041?region=US
expedia.com,Expedia Inc,AR12910272019299303425,CR00615867180323438593,TEXT,2023-06-20T16:27:26.000Z,2026-10-02T09:39:42.000Z,https://adstransparency.google.com/advertiser/AR12910272019299303425/creative/CR00615867180323438593?region=US
expedia.com,Expedia Inc,AR12910272019299303425,CR17058985285049647105,TEXT,2024-11-06T01:08:11.000Z,2026-10-02T09:39:32.000Z,https://adstransparency.google.com/advertiser/AR12910272019299303425/creative/CR17058985285049647105?region=US
expedia.com,Expedia Inc,AR12910272019299303425,CR01749151965603954689,VIDEO,2026-08-21T22:57:14.000Z,2026-10-02T09:39:02.000Z,https://adstransparency.google.com/advertiser/AR12910272019299303425/creative/CR01749151965603954689?region=US
expedia.com,Expedia Inc,AR12910272019299303425,CR02103810436259381249,VIDEO,2026-08-21T22:56:26.000Z,2026-10-02T09:38:50.000Z,https://adstransparency.google.com/advertiser/AR12910272019299303425/creative/CR02103810436259381249?region=US
expedia.com,Expedia Inc,AR12910272019299303425,CR11505732166348701697,VIDEO,2026-08-21T22:57:29.000Z,2026-10-02T09:38:35.000Z,https://adstransparency.google.com/advertiser/AR12910272019299303425/creative/CR11505732166348701697?region=US
expedia.com,Expedia Inc,AR12910272019299303425,CR10936955119127756801,TEXT,2025-10-24T15:33:26.000Z,2026-10-02T09:38:22.000Z,https://adstransparency.google.com/advertiser/AR12910272019299303425/creative/CR10936955119127756801?region=US
expedia.com,Expedia Inc,AR12910272019299303425,CR10084109742403223553,TEXT,2024-11-06T01:52:30.000Z,2026-10-02T09:37:48.000Z,https://adstransparency.google.com/advertiser/AR12910272019299303425/creative/CR10084109742403223553?region=US
expedia.com,Expedia Inc,AR12910272019299303425,CR13463296071371325441,VIDEO,2026-08-21T23:06:30.000Z,2026-10-02T09:37:43.000Z,https://adstransparency.google.com/advertiser/AR12910272019299303425/creative/CR13463296071371325441?region=US
expedia.com,Expedia Inc,AR12910272019299303425,CR14786714446050885633,VIDEO,2026-08-21T23:07:17.000Z,2026-10-02T09:37:09.000Z,https://adstransparency.google.com/advertiser/AR12910272019299303425/creative/CR14786714446050885633?region=US
expedia.com,Expedia Inc,AR12910272019299303425,CR12574881545027846145,TEXT,2024-12-04T18:35:00.000Z,2026-10-02T09:37:03.000Z,https://adstransparency.google.com/advertiser/AR12910272019299303425/creative/CR12574881545027846145?region=US
expedia.com,Expedia Inc,AR12910272019299303425,CR01360250236093595649,TEXT,2024-07-22T20:49:04.000Z,2026-10-02T09:35:18.000Z,https://adstransparency.google.com/advertiser/AR12910272019299303425/creative/CR01360250236093595649?region=US
expedia.com,Expedia Inc,AR12910272019299303425,CR14057725085645537281,TEXT,2025-10-24T11:21:10.000Z,2026-10-02T09:35:10.000Z,https://adstransparency.google.com/advertiser/AR12910272019299303425/creative/CR14057725085645537281?region=US
expedia.com,Expedia Inc,AR12910272019299303425,CR02497448234796974081,TEXT,2023-05-16T00:46:46.000Z,2026-10-02T09:34:25.000Z,https://adstransparency.google.com/advertiser/AR12910272019299303425/creative/CR02497448234796974081?region=US
expedia.com,Expedia Inc,AR12910272019299303425,CR07935290256494952449,TEXT,2024-07-22T18:18:55.000Z,2026-10-02T09:34:03.000Z,https://adstransparency.google.com/advertiser/AR12910272019299303425/creative/CR07935290256494952449?region=US
expedia.com,Expedia Inc,AR12910272019299303425,CR07718207843257548801,TEXT,2024-11-14T18:09:19.000Z,2026-10-02T09:32:35.000Z,https://adstransparency.google.com/advertiser/AR12910272019299303425/creative/CR07718207843257548801?region=US
expedia.com,Expedia Inc,AR12910272019299303425,CR08942980920911069185,TEXT,2024-12-04T17:23:13.000Z,2026-10-02T09:31:18.000Z,https://adstransparency.google.com/advertiser/AR12910272019299303425/creative/CR08942980920911069185?region=US
expedia.com,Expedia Inc,AR12910272019299303425,CR10998169621550333953,TEXT,2021-10-25T07:00:00.000Z,2026-10-02T09:31:06.000Z,https://adstransparency.google.com/advertiser/AR12910272019299303425/creative/CR10998169621550333953?region=US
expedia.com,Expedia Inc,AR12910272019299303425,CR15500425035826331649,VIDEO,2026-08-21T23:01:42.000Z,2026-10-02T09:30:31.000Z,https://adstransparency.google.com/advertiser/AR12910272019299303425/creative/CR15500425035826331649?region=US
expedia.com,Expedia Inc,AR12910272019299303425,CR03178669905239080961,TEXT,2023-05-15T16:03:53.000Z,2026-10-02T09:30:12.000Z,https://adstransparency.google.com/advertiser/AR12910272019299303425/creative/CR03178669905239080961?region=US
expedia.com,Expedia Inc,AR12910272019299303425,CR03332077349549113345,VIDEO,2026-07-28T22:57:13.000Z,2026-10-02T09:30:00.000Z,https://adstransparency.google.com/advertiser/AR12910272019299303425/creative/CR03332077349549113345?region=US
expedia.com,Expedia Inc,AR11988547745242677249,CR18269166013746511873,IMAGE,2026-08-05T11:30:00.000Z,2026-10-02T09:30:00.000Z,https://adstransparency.google.com/advertiser/AR11988547745242677249/creative/CR18269166013746511873?region=US
expedia.com,Expedia Inc,AR15577874634886873089,CR08803144130147385345,IMAGE,2026-09-01T10:30:00.000Z,2026-10-02T09:30:00.000Z,https://adstransparency.google.com/advertiser/AR15577874634886873089/creative/CR08803144130147385345?region=US
expedia.com,Expedia Inc,AR12910272019299303425,CR08223712634864664577,TEXT,2024-11-12T14:56:23.000Z,2026-10-02T09:29:29.000Z,https://adstransparency.google.com/advertiser/AR12910272019299303425/creative/CR08223712634864664577?region=US
expedia.com,Expedia Inc,AR12910272019299303425,CR14605775788927090689,TEXT,2024-07-22T18:20:45.000Z,2026-10-02T09:29:28.000Z,https://adstransparency.google.com/advertiser/AR12910272019299303425/creative/CR14605775788927090689?region=US
expedia.com,Expedia Inc,AR12910272019299303425,CR11890040617314549761,TEXT,2024-11-12T13:16:01.000Z,2026-10-02T09:29:23.000Z,https://adstransparency.google.com/advertiser/AR12910272019299303425/creative/CR11890040617314549761?region=US
expedia.com,Expedia Inc,AR12910272019299303425,CR05324959397711970305,TEXT,2023-11-30T19:13:09.000Z,2026-10-02T09:29:14.000Z,https://adstransparency.google.com/advertiser/AR12910272019299303425/creative/CR05324959397711970305?region=US
expedia.com,Expedia Inc,AR12910272019299303425,CR09378821755293925377,TEXT,2024-11-12T13:22:35.000Z,2026-10-02T09:27:55.000Z,https://adstransparency.google.com/advertiser/AR12910272019299303425/creative/CR09378821755293925377?region=US
expedia.com,Expedia Inc,AR12910272019299303425,CR03860214290933874689,VIDEO,2026-08-21T22:57:19.000Z,2026-10-02T09:27:46.000Z,https://adstransparency.google.com/advertiser/AR12910272019299303425/creative/CR03860214290933874689?region=US
expedia.com,Expedia Inc,AR12910272019299303425,CR10533786530462302209,VIDEO,2026-10-01T07:34:14.000Z,2026-10-02T09:27:42.000Z,https://adstransparency.google.com/advertiser/AR12910272019299303425/creative/CR10533786530462302209?region=US
expedia.com,Expedia Inc,AR12910272019299303425,CR08762663401957621761,TEXT,2023-05-15T16:09:20.000Z,2026-10-02T09:27:40.000Z,https://adstransparency.google.com/advertiser/AR12910272019299303425/creative/CR08762663401957621761?region=US
expedia.com,Expedia Inc,AR12910272019299303425,CR01393182258612928513,TEXT,2026-02-25T20:13:18.000Z,2026-10-02T09:27:10.000Z,https://adstransparency.google.com/advertiser/AR12910272019299303425/creative/CR01393182258612928513?region=US
expedia.com,Expedia Inc,AR12910272019299303425,CR07139960719566438401,VIDEO,2026-08-21T23:01:46.000Z,2026-10-02T09:26:14.000Z,https://adstransparency.google.com/advertiser/AR12910272019299303425/creative/CR07139960719566438401?region=US
expedia.com,Expedia Inc,AR12910272019299303425,CR08120794163206684673,TEXT,2024-11-11T18:59:14.000Z,2026-10-02T09:26:06.000Z,https://adstransparency.google.com/advertiser/AR12910272019299303425/creative/CR08120794163206684673?region=US
expedia.com,Expedia Inc,AR12910272019299303425,CR05962712906742104065,TEXT,2025-05-24T00:12:30.000Z,2026-10-02T09:24:58.000Z,https://adstransparency.google.com/advertiser/AR12910272019299303425/creative/CR05962712906742104065?region=US
expedia.com,Expedia Inc,AR12910272019299303425,CR08568397976710414337,TEXT,2022-08-02T00:33:19.000Z,2026-10-02T09:23:00.000Z,https://adstransparency.google.com/advertiser/AR12910272019299303425/creative/CR08568397976710414337?region=US
expedia.com,Expedia Inc,AR12910272019299303425,CR11291145678866087937,TEXT,2025-06-18T20:01:15.000Z,2026-10-02T09:21:57.000Z,https://adstransparency.google.com/advertiser/AR12910272019299303425/creative/CR11291145678866087937?region=US
expedia.com,Expedia Inc,AR12910272019299303425,CR08906494727054950401,TEXT,2024-12-04T17:42:09.000Z,2026-10-02T09:20:50.000Z,https://adstransparency.google.com/advertiser/AR12910272019299303425/creative/CR08906494727054950401?region=US
expedia.com,Expedia Inc,AR12910272019299303425,CR02853600409178603521,TEXT,2025-03-20T10:20:22.000Z,2026-10-02T09:20:17.000Z,https://adstransparency.google.com/advertiser/AR12910272019299303425/creative/CR02853600409178603521?region=US
expedia.com,Expedia Inc,AR12910272019299303425,CR09526121060324343809,VIDEO,2026-03-25T17:02:44.000Z,2026-10-02T09:19:50.000Z,https://adstransparency.google.com/advertiser/AR12910272019299303425/creative/CR09526121060324343809?region=US
expedia.com,Expedia Inc,AR12910272019299303425,CR10597545010733776897,VIDEO,2026-10-01T07:00:46.000Z,2026-10-02T09:19:28.000Z,https://adstransparency.google.com/advertiser/AR12910272019299303425/creative/CR10597545010733776897?region=US
expedia.com,Expedia Inc,AR12910272019299303425,CR11640482358624256001,TEXT,2023-05-15T22:58:27.000Z,2026-10-02T09:19:07.000Z,https://adstransparency.google.com/advertiser/AR12910272019299303425/creative/CR11640482358624256001?region=US
expedia.com,Expedia Inc,AR12910272019299303425,CR17262867416950505473,TEXT,2025-03-20T10:16:08.000Z,2026-10-02T09:18:54.000Z,https://adstransparency.google.com/advertiser/AR12910272019299303425/creative/CR17262867416950505473?region=US
expedia.com,Expedia Inc,AR12910272019299303425,CR04975537308234153985,VIDEO,2026-06-26T17:28:01.000Z,2026-10-02T09:18:54.000Z,https://adstransparency.google.com/advertiser/AR12910272019299303425/creative/CR04975537308234153985?region=US
expedia.com,Expedia Inc,AR12910272019299303425,CR03997155414746595329,TEXT,2024-11-12T14:29:58.000Z,2026-10-02T09:18:53.000Z,https://adstransparency.google.com/advertiser/AR12910272019299303425/creative/CR03997155414746595329?region=US
expedia.com,Expedia Inc,AR12910272019299303425,CR09956816042850254849,TEXT,2023-05-15T15:59:35.000Z,2026-10-02T09:18:19.000Z,https://adstransparency.google.com/advertiser/AR12910272019299303425/creative/CR09956816042850254849?region=US
expedia.com,Expedia Inc,AR12910272019299303425,CR16800217353756344321,TEXT,2024-01-25T01:01:59.000Z,2026-10-02T09:18:10.000Z,https://adstransparency.google.com/advertiser/AR12910272019299303425/creative/CR16800217353756344321?region=US
expedia.com,Expedia Inc,AR12910272019299303425,CR07546621898327588865,VIDEO,2026-03-25T17:35:45.000Z,2026-10-02T09:17:37.000Z,https://adstransparency.google.com/advertiser/AR12910272019299303425/creative/CR07546621898327588865?region=US
expedia.com,Expedia Inc,AR12910272019299303425,CR18159028011301601281,TEXT,2024-12-04T17:16:24.000Z,2026-10-02T09:17:03.000Z,https://adstransparency.google.com/advertiser/AR12910272019299303425/creative/CR18159028011301601281?region=US
expedia.com,Expedia Inc,AR12910272019299303425,CR04531434898099011585,TEXT,2023-05-15T17:44:55.000Z,2026-10-02T09:16:57.000Z,https://adstransparency.google.com/advertiser/AR12910272019299303425/creative/CR04531434898099011585?region=US
expedia.com,Expedia Inc,AR12910272019299303425,CR05926322636685574145,VIDEO,2026-10-01T07:01:10.000Z,2026-10-02T09:16:05.000Z,https://adstransparency.google.com/advertiser/AR12910272019299303425/creative/CR05926322636685574145?region=US
expedia.com,Expedia Inc,AR12910272019299303425,CR15659480327770865665,TEXT,2025-01-29T21:38:06.000Z,2026-10-02T09:15:40.000Z,https://adstransparency.google.com/advertiser/AR12910272019299303425/creative/CR15659480327770865665?region=US
expedia.com,Expedia Inc,AR12910272019299303425,CR10352191095529537537,TEXT,2024-07-22T17:54:49.000Z,2026-10-02T09:15:35.000Z,https://adstransparency.google.com/advertiser/AR12910272019299303425/creative/CR10352191095529537537?region=US
expedia.com,Expedia Inc,AR12910272019299303425,CR14508776151570186241,VIDEO,2026-10-01T07:02:29.000Z,2026-10-02T09:15:23.000Z,https://adstransparency.google.com/advertiser/AR12910272019299303425/creative/CR14508776151570186241?region=US
expedia.com,Expedia Inc,AR12910272019299303425,CR03600975837383360513,VIDEO,2026-08-21T23:01:35.000Z,2026-10-02T09:14:59.000Z,https://adstransparency.google.com/advertiser/AR12910272019299303425/creative/CR03600975837383360513?region=US
expedia.com,Expedia Inc,AR12910272019299303425,CR16857403357243899905,VIDEO,2026-10-01T07:01:07.000Z,2026-10-02T09:14:57.000Z,https://adstransparency.google.com/advertiser/AR12910272019299303425/creative/CR16857403357243899905?region=US
expedia.com,Expedia Inc,AR12910272019299303425,CR13868041187912318977,TEXT,2023-12-01T06:39:25.000Z,2026-10-02T09:14:19.000Z,https://adstransparency.google.com/advertiser/AR12910272019299303425/creative/CR13868041187912318977?region=US
expedia.com,Expedia Inc,AR12910272019299303425,CR04504407699697434625,TEXT,2023-05-15T16:04:55.000Z,2026-10-02T09:14:16.000Z,https://adstransparency.google.com/advertiser/AR12910272019299303425/creative/CR04504407699697434625?region=US
expedia.com,Expedia Inc,AR12910272019299303425,CR02076589380213932033,VIDEO,2026-10-01T07:00:54.000Z,2026-10-02T09:13:13.000Z,https://adstransparency.google.com/advertiser/AR12910272019299303425/creative/CR02076589380213932033?region=US
expedia.com,Expedia Inc,AR12910272019299303425,CR09158499794254036993,VIDEO,2026-10-01T07:04:34.000Z,2026-10-02T09:13:11.000Z,https://adstransparency.google.com/advertiser/AR12910272019299303425/creative/CR09158499794254036993?region=US
expedia.com,Expedia Inc,AR12910272019299303425,CR14739842806524674049,TEXT,2023-05-15T16:14:11.000Z,2026-10-02T09:12:33.000Z,https://adstransparency.google.com/advertiser/AR12910272019299303425/creative/CR14739842806524674049?region=US
expedia.com,Expedia Inc,AR12910272019299303425,CR14981736816334340097,TEXT,2023-09-18T23:26:11.000Z,2026-10-02T09:12:33.000Z,https://adstransparency.google.com/advertiser/AR12910272019299303425/creative/CR14981736816334340097?region=US
expedia.com,Expedia Inc,AR12910272019299303425,CR06165857841866342401,VIDEO,2026-10-01T07:01:18.000Z,2026-10-02T09:12:29.000Z,https://adstransparency.google.com/advertiser/AR12910272019299303425/creative/CR06165857841866342401?region=US
expedia.com,Expedia Inc,AR12910272019299303425,CR15065586603860688897,VIDEO,2026-07-28T22:50:23.000Z,2026-10-02T09:10:55.000Z,https://adstransparency.google.com/advertiser/AR12910272019299303425/creative/CR15065586603860688897?region=US
expedia.com,Expedia Inc,AR12910272019299303425,CR00191921438255480833,TEXT,2023-05-15T21:45:30.000Z,2026-10-02T09:10:42.000Z,https://adstransparency.google.com/advertiser/AR12910272019299303425/creative/CR00191921438255480833?region=US
expedia.com,Expedia Inc,AR12910272019299303425,CR13489881154429386753,TEXT,2023-05-15T15:59:41.000Z,2026-10-02T09:09:52.000Z,https://adstransparency.google.com/advertiser/AR12910272019299303425/creative/CR13489881154429386753?region=US
expedia.com,Expedia Inc,AR12910272019299303425,CR09346992061900914689,TEXT,2024-11-12T16:42:27.000Z,2026-10-02T09:09:36.000Z,https://adstransparency.google.com/advertiser/AR12910272019299303425/creative/CR09346992061900914689?region=US
expedia.com,Expedia Inc,AR12910272019299303425,CR09146943617808465921,TEXT,2024-11-12T16:27:06.000Z,2026-10-02T09:08:55.000Z,https://adstransparency.google.com/advertiser/AR12910272019299303425/creative/CR09146943617808465921?region=US
expedia.com,Expedia Inc,AR12910272019299303425,CR01247838435012509697,VIDEO,2026-08-24T23:29:41.000Z,2026-10-02T09:08:45.000Z,https://adstransparency.google.com/advertiser/AR12910272019299303425/creative/CR01247838435012509697?region=US
expedia.com,Expedia Inc,AR12910272019299303425,CR08047518061177077761,VIDEO,2026-10-01T07:21:10.000Z,2026-10-02T09:08:34.000Z,https://adstransparency.google.com/advertiser/AR12910272019299303425/creative/CR08047518061177077761?region=US
expedia.com,Expedia Inc,AR12910272019299303425,CR08809470823132823553,VIDEO,2026-10-01T07:25:15.000Z,2026-10-02T09:08:29.000Z,https://adstransparency.google.com/advertiser/AR12910272019299303425/creative/CR08809470823132823553?region=US
expedia.com,Expedia Inc,AR12910272019299303425,CR10213739027991887873,TEXT,2023-05-15T17:23:16.000Z,2026-10-02T09:07:44.000Z,https://adstransparency.google.com/advertiser/AR12910272019299303425/creative/CR10213739027991887873?region=US
expedia.com,Expedia Inc,AR12910272019299303425,CR16375117596925624321,VIDEO,2026-07-28T23:26:02.000Z,2026-10-02T09:07:24.000Z,https://adstransparency.google.com/advertiser/AR12910272019299303425/creative/CR16375117596925624321?region=US
expedia.com,Expedia Inc,AR12910272019299303425,CR06923867935513509889,TEXT,2025-03-03T17:50:57.000Z,2026-10-02T09:07:01.000Z,https://adstransparency.google.com/advertiser/AR12910272019299303425/creative/CR06923867935513509889?region=US
expedia.com,Expedia Inc,AR12910272019299303425,CR10557012614087442433,VIDEO,2026-10-01T07:00:47.000Z,2026-10-02T09:06:58.000Z,https://adstransparency.google.com/advertiser/AR12910272019299303425/creative/CR10557012614087442433?region=US
expedia.com,Expedia Inc,AR12910272019299303425,CR08006985664530743297,VIDEO,2026-10-01T07:00:45.000Z,2026-10-02T09:06:52.000Z,https://adstransparency.google.com/advertiser/AR12910272019299303425/creative/CR08006985664530743297?region=US
expedia.com,Expedia Inc,AR12910272019299303425,CR17313000053345878017,TEXT,2024-11-12T15:14:08.000Z,2026-10-02T09:06:36.000Z,https://adstransparency.google.com/advertiser/AR12910272019299303425/creative/CR17313000053345878017?region=US
expedia.com,Expedia Inc,AR12910272019299303425,CR04903566704463839233,TEXT,2023-05-15T16:54:12.000Z,2026-10-02T09:06:20.000Z,https://adstransparency.google.com/advertiser/AR12910272019299303425/creative/CR04903566704463839233?region=US
expedia.com,Expedia Inc,AR12910272019299303425,CR03431100182790406145,TEXT,2023-05-15T16:08:48.000Z,2026-10-02T09:05:21.000Z,https://adstransparency.google.com/advertiser/AR12910272019299303425/creative/CR03431100182790406145?region=US
expedia.com,Expedia Inc,AR12910272019299303425,CR05805029745179492353,TEXT,2023-12-01T17:48:03.000Z,2026-10-02T09:05:15.000Z,https://adstransparency.google.com/advertiser/AR12910272019299303425/creative/CR05805029745179492353?region=US
expedia.com,Expedia Inc,AR12910272019299303425,CR03984720178754617345,TEXT,2023-11-30T19:09:13.000Z,2026-10-02T09:04:26.000Z,https://adstransparency.google.com/advertiser/AR12910272019299303425/creative/CR03984720178754617345?region=US
expedia.com,Expedia Inc,AR12910272019299303425,CR16023709686368829441,TEXT,2022-08-30T16:51:44.000Z,2026-10-02T09:04:26.000Z,https://adstransparency.google.com/advertiser/AR12910272019299303425/creative/CR16023709686368829441?region=US
expedia.com,Expedia Inc,AR12910272019299303425,CR02620680510195630081,VIDEO,2026-10-01T07:00:49.000Z,2026-10-02T09:02:45.000Z,https://adstransparency.google.com/advertiser/AR12910272019299303425/creative/CR02620680510195630081?region=US
expedia.com,Expedia Inc,AR12910272019299303425,CR10361179053330792449,TEXT,2024-11-12T16:44:26.000Z,2026-10-02T09:02:30.000Z,https://adstransparency.google.com/advertiser/AR12910272019299303425/creative/CR10361179053330792449?region=US
expedia.com,Expedia Inc,AR12910272019299303425,CR14801820636304900097,TEXT,2024-04-02T14:21:01.000Z,2026-10-02T09:02:25.000Z,https://adstransparency.google.com/advertiser/AR12910272019299303425/creative/CR14801820636304900097?region=US
expedia.com,Expedia Inc,AR12910272019299303425,CR12826847416355389441,TEXT,2024-12-04T18:41:18.000Z,2026-10-02T09:02:14.000Z,https://adstransparency.google.com/advertiser/AR12910272019299303425/creative/CR12826847416355389441?region=US
expedia.com,Expedia Inc,AR12910272019299303425,CR16946604562351915009,TEXT,2022-08-30T11:19:57.000Z,2026-10-02T09:02:05.000Z,https://adstransparency.google.com/advertiser/AR12910272019299303425/creative/CR16946604562351915009?region=US
expedia.com,Expedia Inc,AR12910272019299303425,CR02857667674488438785,TEXT,2024-11-15T13:07:22.000Z,2026-10-02T09:01:45.000Z,https://adstransparency.google.com/advertiser/AR12910272019299303425/creative/CR02857667674488438785?region=US
expedia.com,Expedia Inc,AR12910272019299303425,CR11222992759856037889,TEXT,2024-11-12T12:41:05.000Z,2026-10-02T09:01:32.000Z,https://adstransparency.google.com/advertiser/AR12910272019299303425/creative/CR11222992759856037889?region=US
expedia.com,Expedia Inc,AR12910272019299303425,CR08086788218474725377,VIDEO,2026-10-01T07:00:44.000Z,2026-10-02T09:01:08.000Z,https://adstransparency.google.com/advertiser/AR12910272019299303425/creative/CR08086788218474725377?region=US
expedia.com,Expedia Inc,AR12910272019299303425,CR13187114796471812097,VIDEO,2026-10-01T07:00:45.000Z,2026-10-02T09:00:58.000Z,https://adstransparency.google.com/advertiser/AR12910272019299303425/creative/CR13187114796471812097?region=US
expedia.com,Expedia Inc,AR12910272019299303425,CR01787521064532705281,TEXT,2023-05-15T16:40:17.000Z,2026-10-02T09:00:45.000Z,https://adstransparency.google.com/advertiser/AR12910272019299303425/creative/CR01787521064532705281?region=US
expedia.com,Expedia Inc,AR12910272019299303425,CR04856717725185081345,VIDEO,2026-10-01T07:00:50.000Z,2026-10-02T09:00:10.000Z,https://adstransparency.google.com/advertiser/AR12910272019299303425/creative/CR04856717725185081345?region=US
expedia.com,Expedia Inc,AR11988547745242677249,CR09793391515035238401,IMAGE,2026-08-05T11:30:00.000Z,2026-10-02T09:00:00.000Z,https://adstransparency.google.com/advertiser/AR11988547745242677249/creative/CR09793391515035238401?region=US
expedia.com,Expedia Inc,AR11988547745242677249,CR18035308686611578881,IMAGE,2026-08-01T07:00:00.000Z,2026-10-02T09:00:00.000Z,https://adstransparency.google.com/advertiser/AR11988547745242677249/creative/CR18035308686611578881?region=US
expedia.com,Expedia Inc,AR01744655194974584833,CR03864041278593302529,IMAGE,2026-03-17T04:30:00.000Z,2026-10-02T09:00:00.000Z,https://adstransparency.google.com/advertiser/AR01744655194974584833/creative/CR03864041278593302529?region=US
expedia.com,Expedia Inc,AR11988547745242677249,CR13805265078330589185,IMAGE,2026-08-05T11:30:00.000Z,2026-10-02T09:00:00.000Z,https://adstransparency.google.com/advertiser/AR11988547745242677249/creative/CR13805265078330589185?region=US
expedia.com,Expedia Inc,AR13968173394026299393,CR06415435333420187649,IMAGE,2026-08-18T19:30:00.000Z,2026-10-02T09:00:00.000Z,https://adstransparency.google.com/advertiser/AR13968173394026299393/creative/CR06415435333420187649?region=US
expedia.com,Expedia Inc,AR12910272019299303425,CR15801831134691590145,IMAGE,2026-08-08T16:00:00.000Z,2026-10-02T09:00:00.000Z,https://adstransparency.google.com/advertiser/AR12910272019299303425/creative/CR15801831134691590145?region=US
expedia.com,Expedia Inc,AR11988547745242677249,CR09538878762460905473,IMAGE,2026-08-05T11:30:00.000Z,2026-10-02T09:00:00.000Z,https://adstransparency.google.com/advertiser/AR11988547745242677249/creative/CR09538878762460905473?region=US
expedia.com,Expedia Inc,AR11988547745242677249,CR12255598271858212865,IMAGE,2026-08-01T07:00:00.000Z,2026-10-02T09:00:00.000Z,https://adstransparency.google.com/advertiser/AR11988547745242677249/creative/CR12255598271858212865?region=US
expedia.com,Expedia Inc,AR12910272019299303425,CR15070765432476532737,TEXT,2022-08-02T17:30:25.000Z,2026-10-02T08:59:38.000Z,https://adstransparency.google.com/advertiser/AR12910272019299303425/creative/CR15070765432476532737?region=US
expedia.com,Expedia Inc,AR12910272019299303425,CR02701745303488299009,VIDEO,2026-10-01T07:01:26.000Z,2026-10-02T08:59:17.000Z,https://adstransparency.google.com/advertiser/AR12910272019299303425/creative/CR02701745303488299009?region=US
expedia.com,Expedia Inc,AR12910272019299303425,CR04610713981428957185,TEXT,2023-06-20T16:22:55.000Z,2026-10-02T08:58:46.000Z,https://adstransparency.google.com/advertiser/AR12910272019299303425/creative/CR04610713981428957185?region=US
expedia.com,Expedia Inc,AR12910272019299303425,CR12260635512582176769,VIDEO,2026-10-01T07:00:54.000Z,2026-10-02T08:58:41.000Z,https://adstransparency.google.com/advertiser/AR12910272019299303425/creative/CR12260635512582176769?region=US
expedia.com,Expedia Inc,AR12910272019299303425,CR01929377967394258945,VIDEO,2026-10-01T07:02:04.000Z,2026-10-02T08:58:25.000Z,https://adstransparency.google.com/advertiser/AR12910272019299303425/creative/CR01929377967394258945?region=US
expedia.com,Expedia Inc,AR12910272019299303425,CR17564468498741067777,VIDEO,2026-10-01T07:00:46.000Z,2026-10-02T08:58:25.000Z,https://adstransparency.google.com/advertiser/AR12910272019299303425/creative/CR17564468498741067777?region=US
expedia.com,Expedia Inc,AR12910272019299303425,CR13707053401202753537,VIDEO,2026-08-21T22:56:40.000Z,2026-10-02T08:58:20.000Z,https://adstransparency.google.com/advertiser/AR12910272019299303425/creative/CR13707053401202753537?region=US
expedia.com,Expedia Inc,AR12910272019299303425,CR07510370802391318529,TEXT,2025-03-20T10:01:58.000Z,2026-10-02T08:57:36.000Z,https://adstransparency.google.com/advertiser/AR12910272019299303425/creative/CR07510370802391318529?region=US
expedia.com,Expedia Inc,AR12910272019299303425,CR15930025093749538817,TEXT,2024-11-12T20:44:05.000Z,2026-10-02T08:57:23.000Z,https://adstransparency.google.com/advertiser/AR12910272019299303425/creative/CR15930025093749538817?region=US
expedia.com,Expedia Inc,AR12910272019299303425,CR06628905833780477953,TEXT,2025-10-24T11:04:13.000Z,2026-10-02T08:57:17.000Z,https://adstransparency.google.com/advertiser/AR12910272019299303425/creative/CR06628905833780477953?region=US
expedia.com,Expedia Inc,AR12910272019299303425,CR03343248052679868417,TEXT,2025-01-29T22:22:14.000Z,2026-10-02T08:57:09.000Z,https://adstransparency.google.com/advertiser/AR12910272019299303425/creative/CR03343248052679868417?region=US
expedia.com,Expedia Inc,AR12910272019299303425,CR16895301710577139713,TEXT,2024-12-12T13:40:55.000Z,2026-10-02T08:57:06.000Z,https://adstransparency.google.com/advertiser/AR12910272019299303425/creative/CR16895301710577139713?region=US
expedia.com,Expedia Inc,AR12910272019299303425,CR16195710018333442049,TEXT,2025-03-20T10:01:27.000Z,2026-10-02T08:57:04.000Z,https://adstransparency.google.com/advertiser/AR12910272019299303425/creative/CR16195710018333442049?region=US
expedia.com,Expedia Inc,AR12910272019299303425,CR00285076719105212417,TEXT,2024-12-10T18:21:02.000Z,2026-10-02T08:57:04.000Z,https://adstransparency.google.com/advertiser/AR12910272019299303425/creative/CR00285076719105212417?region=US
expedia.com,Expedia Inc,AR12910272019299303425,CR15061668124807921665,TEXT,2024-11-12T21:38:43.000Z,2026-10-02T08:56:57.000Z,https://adstransparency.google.com/advertiser/AR12910272019299303425/creative/CR15061668124807921665?region=US
expedia.com,Expedia Inc,AR12910272019299303425,CR04419868561330143233,VIDEO,2026-10-01T07:02:43.000Z,2026-10-02T08:56:54.000Z,https://adstransparency.google.com/advertiser/AR12910272019299303425/creative/CR04419868561330143233?region=US
expedia.com,Expedia Inc,AR12910272019299303425,CR02599794075645247489,TEXT,2023-05-15T17:07:17.000Z,2026-10-02T08:56:37.000Z,https://adstransparency.google.com/advertiser/AR12910272019299303425/creative/CR02599794075645247489?region=US
expedia.com,Expedia Inc,AR12910272019299303425,CR13702868702897111041,TEXT,2025-10-24T14:02:28.000Z,2026-10-02T08:56:31.000Z,https://adstransparency.google.com/advertiser/AR12910272019299303425/creative/CR13702868702897111041?region=US
expedia.com,Expedia Inc,AR12910272019299303425,CR13059996039526744065,TEXT,2023-11-30T18:42:37.000Z,2026-10-02T08:56:24.000Z,https://adstransparency.google.com/advertiser/AR12910272019299303425/creative/CR13059996039526744065?region=US
expedia.com,Expedia Inc,AR12910272019299303425,CR06070560085300477953,TEXT,2025-10-24T10:53:56.000Z,2026-10-02T08:56:01.000Z,https://adstransparency.google.com/advertiser/AR12910272019299303425/creative/CR06070560085300477953?region=US
expedia.com,Expedia Inc,AR12910272019299303425,CR12256174682239139841,TEXT,2023-05-15T16:22:02.000Z,2026-10-02T08:56:01.000Z,https://adstransparency.google.com/advertiser/AR12910272019299303425/creative/CR12256174682239139841?region=US
expedia.com,Expedia Inc,AR12910272019299303425,CR11808826848786251777,TEXT,2025-03-20T10:23:20.000Z,2026-10-02T08:55:54.000Z,https://adstransparency.google.com/advertiser/AR12910272019299303425/creative/CR11808826848786251777?region=US
expedia.com,Expedia Inc,AR12910272019299303425,CR07104656096983252993,TEXT,2024-01-25T00:36:24.000Z,2026-10-02T08:55:51.000Z,https://adstransparency.google.com/advertiser/AR12910272019299303425/creative/CR07104656096983252993?region=US
expedia.com,Expedia Inc,AR12910272019299303425,CR11054250083276029953,TEXT,2024-11-12T14:48:41.000Z,2026-10-02T08:55:42.000Z,https://adstransparency.google.com/advertiser/AR12910272019299303425/creative/CR11054250083276029953?region=US
expedia.com,Expedia Inc,AR12910272019299303425,CR05847563974542884865,TEXT,2025-03-20T10:08:49.000Z,2026-10-02T08:55:39.000Z,https://adstransparency.google.com/advertiser/AR12910272019299303425/creative/CR05847563974542884865?region=US
expedia.com,Expedia Inc,AR12910272019299303425,CR12906252703004360705,TEXT,2025-03-20T09:59:55.000Z,2026-10-02T08:55:34.000Z,https://adstransparency.google.com/advertiser/AR12910272019299303425/creative/CR12906252703004360705?region=US
expedia.com,Expedia Inc,AR12910272019299303425,CR09272277695582961665,TEXT,2023-05-15T16:30:22.000Z,2026-10-02T08:55:34.000Z,https://adstransparency.google.com/advertiser/AR12910272019299303425/creative/CR09272277695582961665?region=US
expedia.com,Expedia Inc,AR12910272019299303425,CR11303937276884549633,TEXT,2022-08-30T16:53:59.000Z,2026-10-02T08:55:26.000Z,https://adstransparency.google.com/advertiser/AR12910272019299303425/creative/CR11303937276884549633?region=US
expedia.com,Expedia Inc,AR12910272019299303425,CR14757722239981846529,TEXT,2023-02-20T08:08:00.000Z,2026-10-02T08:55:25.000Z,https://adstransparency.google.com/advertiser/AR12910272019299303425/creative/CR14757722239981846529?region=US
expedia.com,Expedia Inc,AR12910272019299303425,CR02865513377147387905,TEXT,2025-10-24T10:42:10.000Z,2026-10-02T08:55:24.000Z,https://adstransparency.google.com/advertiser/AR12910272019299303425/creative/CR02865513377147387905?region=US
expedia.com,Expedia Inc,AR12910272019299303425,CR10371775691132764161,VIDEO,2026-10-01T07:00:46.000Z,2026-10-02T08:55:19.000Z,https://adstransparency.google.com/advertiser/AR12910272019299303425/creative/CR10371775691132764161?region=US
expedia.com,Expedia Inc,AR12910272019299303425,CR05720829797559435265,TEXT,2025-01-29T23:04:34.000Z,2026-10-02T08:55:19.000Z,https://adstransparency.google.com/advertiser/AR12910272019299303425/creative/CR05720829797559435265?region=US
expedia.com,Expedia Inc,AR12910272019299303425,CR05131863912966258689,VIDEO,2026-10-01T07:00:45.000Z,2026-10-02T08:55:01.000Z,https://adstransparency.google.com/advertiser/AR12910272019299303425/creative/CR05131863912966258689?region=US
expedia.com,Expedia Inc,AR12910272019299303425,CR01365302114066104321,VIDEO,2026-10-01T07:00:53.000Z,2026-10-02T08:55:01.000Z,https://adstransparency.google.com/advertiser/AR12910272019299303425/creative/CR01365302114066104321?region=US
expedia.com,Expedia Inc,AR12910272019299303425,CR12381106802614337537,VIDEO,2026-10-01T07:00:48.000Z,2026-10-02T08:55:00.000Z,https://adstransparency.google.com/advertiser/AR12910272019299303425/creative/CR12381106802614337537?region=US
expedia.com,Expedia Inc,AR12910272019299303425,CR08053147560711290881,VIDEO,2026-10-01T07:00:45.000Z,2026-10-02T08:54:59.000Z,https://adstransparency.google.com/advertiser/AR12910272019299303425/creative/CR08053147560711290881?region=US
expedia.com,Expedia Inc,AR12910272019299303425,CR16098538195737640961,VIDEO,2026-07-28T23:05:48.000Z,2026-10-02T08:54:57.000Z,https://adstransparency.google.com/advertiser/AR12910272019299303425/creative/CR16098538195737640961?region=US
expedia.com,Expedia Inc,AR12910272019299303425,CR14182881076896071681,VIDEO,2026-07-28T22:50:15.000Z,2026-10-02T08:54:50.000Z,https://adstransparency.google.com/advertiser/AR12910272019299303425/creative/CR14182881076896071681?region=US
expedia.com,VIRGO COMMUNICATIONS (WI) INC,AR13169823421346873345,CR07521996205119766529,IMAGE,2026-08-17T20:48:18.000Z,2026-10-02T08:54:46.000Z,https://adstransparency.google.com/advertiser/AR13169823421346873345/creative/CR07521996205119766529?region=US
expedia.com,Expedia Inc,AR12910272019299303425,CR07888766174312267777,VIDEO,2026-10-01T07:00:45.000Z,2026-10-02T08:54:45.000Z,https://adstransparency.google.com/advertiser/AR12910272019299303425/creative/CR07888766174312267777?region=US
expedia.com,Expedia Inc,AR12910272019299303425,CR08652552921663143937,VIDEO,2026-10-01T07:00:44.000Z,2026-10-02T08:54:30.000Z,https://adstransparency.google.com/advertiser/AR12910272019299303425/creative/CR08652552921663143937?region=US
expedia.com,Expedia Inc,AR12910272019299303425,CR02817712993893089281,VIDEO,2026-10-01T07:01:12.000Z,2026-10-02T08:54:28.000Z,https://adstransparency.google.com/advertiser/AR12910272019299303425/creative/CR02817712993893089281?region=US
expedia.com,Expedia Inc,AR12910272019299303425,CR11592789839178629121,TEXT,2023-05-15T16:06:17.000Z,2026-10-02T08:54:27.000Z,https://adstransparency.google.com/advertiser/AR12910272019299303425/creative/CR11592789839178629121?region=US
expedia.com,Expedia Inc,AR12910272019299303425,CR13146718739267321857,VIDEO,2026-10-01T07:01:23.000Z,2026-10-02T08:54:25.000Z,https://adstransparency.google.com/advertiser/AR12910272019299303425/creative/CR13146718739267321857?region=US
expedia.com,Expedia Inc,AR12910272019299303425,CR15158002583399825409,VIDEO,2026-10-01T07:01:23.000Z,2026-10-02T08:54:16.000Z,https://adstransparency.google.com/advertiser/AR12910272019299303425/creative/CR15158002583399825409?region=US
expedia.com,Expedia Inc,AR12910272019299303425,CR18265322387383779329,TEXT,2023-05-15T18:57:31.000Z,2026-10-02T08:54:15.000Z,https://adstransparency.google.com/advertiser/AR12910272019299303425/creative/CR18265322387383779329?region=US
expedia.com,Expedia Inc,AR12910272019299303425,CR00258542505639804929,VIDEO,2026-10-01T07:02:18.000Z,2026-10-02T08:54:14.000Z,https://adstransparency.google.com/advertiser/AR12910272019299303425/creative/CR00258542505639804929?region=US
expedia.com,Expedia Inc,AR12910272019299303425,CR13796925935468937217,VIDEO,2026-10-01T07:01:06.000Z,2026-10-02T08:54:14.000Z,https://adstransparency.google.com/advertiser/AR12910272019299303425/creative/CR13796925935468937217?region=US
expedia.com,Expedia Inc,AR12910272019299303425,CR15405700562905202689,VIDEO,2026-10-01T07:00:49.000Z,2026-10-02T08:54:12.000Z,https://adstransparency.google.com/advertiser/AR12910272019299303425/creative/CR15405700562905202689?region=US
expedia.com,Expedia Inc,AR12910272019299303425,CR07275763041390559233,TEXT,2023-05-15T19:31:17.000Z,2026-10-02T08:54:11.000Z,https://adstransparency.google.com/advertiser/AR12910272019299303425/creative/CR07275763041390559233?region=US
expedia.com,Expedia Inc,AR12910272019299303425,CR17855795099636596737,VIDEO,2026-10-01T07:01:30.000Z,2026-10-02T08:54:04.000Z,https://adstransparency.google.com/advertiser/AR12910272019299303425/creative/CR17855795099636596737?region=US
expedia.com,Expedia Inc,AR12910272019299303425,CR06371869315473342465,VIDEO,2026-04-09T17:07:42.000Z,2026-10-02T08:54:02.000Z,https://adstransparency.google.com/advertiser/AR12910272019299303425/creative/CR06371869315473342465?region=US
expedia.com,Expedia Inc,AR12910272019299303425,CR11775007374354415617,VIDEO,2026-07-01T23:59:15.000Z,2026-10-02T08:54:01.000Z,https://adstransparency.google.com/advertiser/AR12910272019299303425/creative/CR11775007374354415617?region=US
expedia.com,Expedia Inc,AR12910272019299303425,CR00485411336868593665,VIDEO,2026-10-01T07:00:57.000Z,2026-10-02T08:54:01.000Z,https://adstransparency.google.com/advertiser/AR12910272019299303425/creative/CR00485411336868593665?region=US
expedia.com,Expedia Inc,AR12910272019299303425,CR05732244987408547841,VIDEO,2026-08-21T22:57:10.000Z,2026-10-02T08:54:00.000Z,https://adstransparency.google.com/advertiser/AR12910272019299303425/creative/CR05732244987408547841?region=US
expedia.com,Expedia Inc,AR12910272019299303425,CR17717872361048375297,VIDEO,2026-10-01T07:01:32.000Z,2026-10-02T08:53:56.000Z,https://adstransparency.google.com/advertiser/AR12910272019299303425/creative/CR17717872361048375297?region=US
expedia.com,Expedia Inc,AR12910272019299303425,CR16751449297190387713,VIDEO,2026-04-09T18:58:23.000Z,2026-10-02T08:53:51.000Z,https://adstransparency.google.com/advertiser/AR12910272019299303425/creative/CR16751449297190387713?region=US
expedia.com,Expedia Inc,AR12910272019299303425,CR03369538466621685761,VIDEO,2026-04-09T17:42:13.000Z,2026-10-02T08:53:45.000Z,https://adstransparency.google.com/advertiser/AR12910272019299303425/creative/CR03369538466621685761?region=US
expedia.com,Expedia Inc,AR12910272019299303425,CR14852265997859028993,TEXT,2025-10-24T11:31:16.000Z,2026-10-02T08:53:43.000Z,https://adstransparency.google.com/advertiser/AR12910272019299303425/creative/CR14852265997859028993?region=US
expedia.com,Expedia Inc,AR12910272019299303425,CR09058013227568332801,VIDEO,2026-10-01T07:04:15.000Z,2026-10-02T08:53:25.000Z,https://adstransparency.google.com/advertiser/AR12910272019299303425/creative/CR09058013227568332801?region=US
expedia.com,Expedia Inc,AR12910272019299303425,CR07792863033516097537,TEXT,2025-01-29T21:57:14.000Z,2026-10-02T08:53:19.000Z,https://adstransparency.google.com/advertiser/AR12910272019299303425/creative/CR07792863033516097537?region=US
expedia.com,Expedia Inc,AR12910272019299303425,CR13529524707593814017,VIDEO,2026-10-01T07:00:52.000Z,2026-10-02T08:53:19.000Z,https://adstransparency.google.com/advertiser/AR12910272019299303425/creative/CR13529524707593814017?region=US
expedia.com,Expedia Inc,AR12910272019299303425,CR10494098558746099713,VIDEO,2026-10-01T07:01:15.000Z,2026-10-02T08:53:17.000Z,https://adstransparency.google.com/advertiser/AR12910272019299303425/creative/CR10494098558746099713?region=US
expedia.com,Expedia Inc,AR12910272019299303425,CR11671789861303484417,VIDEO,2026-10-01T07:01:47.000Z,2026-10-02T08:53:16.000Z,https://adstransparency.google.com/advertiser/AR12910272019299303425/creative/CR11671789861303484417?region=US
expedia.com,Expedia Inc,AR12910272019299303425,CR04252536085722169345,VIDEO,2026-10-01T07:00:46.000Z,2026-10-02T08:53:16.000Z,https://adstransparency.google.com/advertiser/AR12910272019299303425/creative/CR04252536085722169345?region=US
expedia.com,Expedia Inc,AR12910272019299303425,CR14450523372695584769,VIDEO,2026-08-21T22:57:18.000Z,2026-10-02T08:53:15.000Z,https://adstransparency.google.com/advertiser/AR12910272019299303425/creative/CR14450523372695584769?region=US
expedia.com,Expedia Inc,AR12910272019299303425,CR15872522413733314561,VIDEO,2026-10-01T07:01:04.000Z,2026-10-02T08:53:12.000Z,https://adstransparency.google.com/advertiser/AR12910272019299303425/creative/CR15872522413733314561?region=US
expedia.com,Expedia Inc,AR12910272019299303425,CR00782332278696050689,TEXT,2022-08-30T19:33:38.000Z,2026-10-02T08:53:06.000Z,https://adstransparency.google.com/advertiser/AR12910272019299303425/creative/CR00782332278696050689?region=US
expedia.com,Expedia Inc,AR12910272019299303425,CR16980407922066456577,VIDEO,2026-10-01T07:01:04.000Z,2026-10-02T08:52:55.000Z,https://adstransparency.google.com/advertiser/AR12910272019299303425/creative/CR16980407922066456577?region=US
expedia.com,Expedia Inc,AR12910272019299303425,CR15861625729516044289,TEXT,2022-08-02T13:41:49.000Z,2026-10-02T08:52:45.000Z,https://adstransparency.google.com/advertiser/AR12910272019299303425/creative/CR15861625729516044289?region=US
expedia.com,Expedia Inc,AR12910272019299303425,CR13748269599592284161,TEXT,2024-11-12T15:18:57.000Z,2026-10-02T08:52:44.000Z,https://adstransparency.google.com/advertiser/AR12910272019299303425/creative/CR13748269599592284161?region=US
expedia.com,Expedia Inc,AR12910272019299303425,CR16649623147384930305,TEXT,2026-02-26T19:30:50.000Z,2026-10-02T08:52:43.000Z,https://adstransparency.google.com/advertiser/AR12910272019299303425/creative/CR16649623147384930305?region=US
expedia.com,Expedia Inc,AR12910272019299303425,CR04171044681917923329,VIDEO,2026-10-01T07:01:10.000Z,2026-10-02T08:52:37.000Z,https://adstransparency.google.com/advertiser/AR12910272019299303425/creative/CR04171044681917923329?region=US
expedia.com,Expedia Inc,AR12910272019299303425,CR06997480058604486657,VIDEO,2026-10-01T07:00:47.000Z,2026-10-02T08:52:37.000Z,https://adstransparency.google.com/advertiser/AR12910272019299303425/creative/CR06997480058604486657?region=US
expedia.com,Expedia Inc,AR12910272019299303425,CR04346095617483735041,TEXT,2023-05-15T16:13:04.000Z,2026-10-02T08:52:34.000Z,https://adstransparency.google.com/advertiser/AR12910272019299303425/creative/CR04346095617483735041?region=US
expedia.com,Expedia Inc,AR12910272019299303425,CR03020374977124761601,VIDEO,2026-10-01T07:00:51.000Z,2026-10-02T08:52:27.000Z,https://adstransparency.google.com/advertiser/AR12910272019299303425/creative/CR03020374977124761601?region=US
expedia.com,Expedia Inc,AR12910272019299303425,CR00057569372268396545,VIDEO,2026-10-01T07:01:02.000Z,2026-10-02T08:52:12.000Z,https://adstransparency.google.com/advertiser/AR12910272019299303425/creative/CR00057569372268396545?region=US
expedia.com,Expedia Inc,AR12910272019299303425,CR11212985649265115137,VIDEO,2026-10-01T07:02:27.000Z,2026-10-02T08:52:01.000Z,https://adstransparency.google.com/advertiser/AR12910272019299303425/creative/CR11212985649265115137?region=US
expedia.com,Expedia Inc,AR12910272019299303425,CR06934003053309722625,VIDEO,2026-10-01T07:00:52.000Z,2026-10-02T08:51:44.000Z,https://adstransparency.google.com/advertiser/AR12910272019299303425/creative/CR06934003053309722625?region=US
expedia.com,Expedia Inc,AR12910272019299303425,CR01660119363732111361,TEXT,2024-12-04T17:50:43.000Z,2026-10-02T08:51:35.000Z,https://adstransparency.google.com/advertiser/AR12910272019299303425/creative/CR01660119363732111361?region=US
expedia.com,Expedia Inc,AR12910272019299303425,CR11347207886980775937,TEXT,2025-03-20T10:05:41.000Z,2026-10-02T08:51:28.000Z,https://adstransparency.google.com/advertiser/AR12910272019299303425/creative/CR11347207886980775937?region=US
expedia.com,Expedia Inc,AR12910272019299303425,CR15134358934464233473,TEXT,2024-11-11T19:03:57.000Z,2026-10-02T08:51:26.000Z,https://adstransparency.google.com/advertiser/AR12910272019299303425/creative/CR15134358934464233473?region=US
expedia.com,Expedia Inc,AR12910272019299303425,CR09575364234762518529,VIDEO,2026-10-01T07:00:50.000Z,2026-10-02T08:51:21.000Z,https://adstransparency.google.com/advertiser/AR12910272019299303425/creative/CR09575364234762518529?region=US
expedia.com,Expedia Inc,AR12910272019299303425,CR15315870488685707265,TEXT,2022-08-30T19:23:27.000Z,2026-10-02T08:51:15.000Z,https://adstransparency.google.com/advertiser/AR12910272019299303425/creative/CR15315870488685707265?region=US
expedia.com,Expedia Inc,AR12910272019299303425,CR00784343148024299521,TEXT,2023-06-20T16:26:10.000Z,2026-10-02T08:51:13.000Z,https://adstransparency.google.com/advertiser/AR12910272019299303425/creative/CR00784343148024299521?region=US
expedia.com,Expedia Inc,AR12910272019299303425,CR06429599895044227073,VIDEO,2026-10-01T07:02:04.000Z,2026-10-02T08:51:13.000Z,https://adstransparency.google.com/advertiser/AR12910272019299303425/creative/CR06429599895044227073?region=US
expedia.com,Expedia Inc,AR12910272019299303425,CR12177961695691407361,TEXT,2025-01-29T21:02:53.000Z,2026-10-02T08:51:11.000Z,https://adstransparency.google.com/advertiser/AR12910272019299303425/creative/CR12177961695691407361?region=US
expedia.com,Expedia Inc,AR12910272019299303425,CR10585074787938205697,TEXT,2023-05-08T13:39:05.000Z,2026-10-02T08:51:11.000Z,https://adstransparency.google.com/advertiser/AR12910272019299303425/creative/CR10585074787938205697?region=US
expedia.com,Expedia Inc,AR12910272019299303425,CR04018610210909192193,VIDEO,2026-07-28T23:40:44.000Z,2026-10-02T08:51:07.000Z,https://adstransparency.google.com/advertiser/AR12910272019299303425/creative/CR04018610210909192193?region=US
expedia.com,Expedia Inc,AR12910272019299303425,CR00788750617693650945,TEXT,2024-11-12T12:56:44.000Z,2026-10-02T08:51:06.000Z,https://adstransparency.google.com/advertiser/AR12910272019299303425/creative/CR00788750617693650945?region=US
expedia.com,Expedia Inc,AR12910272019299303425,CR05837682457385631745,TEXT,2024-11-11T18:57:13.000Z,2026-10-02T08:51:06.000Z,https://adstransparency.google.com/advertiser/AR12910272019299303425/creative/CR05837682457385631745?region=US
expedia.com,VIRGO COMMUNICATIONS (WI) INC,AR13169823421346873345,CR08760258228861796353,IMAGE,2026-08-17T20:51:17.000Z,2026-10-02T08:50:50.000Z,https://adstransparency.google.com/advertiser/AR13169823421346873345/creative/CR08760258228861796353?region=US
expedia.com,Expedia Inc,AR12910272019299303425,CR16190589137416355841,VIDEO,2026-10-01T07:01:24.000Z,2026-10-02T08:50:50.000Z,https://adstransparency.google.com/advertiser/AR12910272019299303425/creative/CR16190589137416355841?region=US
expedia.com,Expedia Inc,AR12910272019299303425,CR06162896659484246017,TEXT,2024-11-12T14:38:03.000Z,2026-10-02T08:50:45.000Z,https://adstransparency.google.com/advertiser/AR12910272019299303425/creative/CR06162896659484246017?region=US
expedia.com,Expedia Inc,AR12910272019299303425,CR14020980016930619393,VIDEO,2026-10-01T07:01:11.000Z,2026-10-02T08:50:39.000Z,https://adstransparency.google.com/advertiser/AR12910272019299303425/creative/CR14020980016930619393?region=US
expedia.com,Expedia Inc,AR12910272019299303425,CR11165697853177724929,VIDEO,2026-10-01T07:00:52.000Z,2026-10-02T08:50:21.000Z,https://adstransparency.google.com/advertiser/AR12910272019299303425/creative/CR11165697853177724929?region=US
expedia.com,Expedia Inc,AR12910272019299303425,CR08492811474333335553,VIDEO,2026-10-01T07:00:47.000Z,2026-10-02T08:50:19.000Z,https://adstransparency.google.com/advertiser/AR12910272019299303425/creative/CR08492811474333335553?region=US
expedia.com,Expedia Inc,AR12910272019299303425,CR14268742154657464321,TEXT,2025-01-29T21:22:04.000Z,2026-10-02T08:50:14.000Z,https://adstransparency.google.com/advertiser/AR12910272019299303425/creative/CR14268742154657464321?region=US
expedia.com,Expedia Inc,AR12910272019299303425,CR01202381050907459585,VIDEO,2026-07-28T23:05:56.000Z,2026-10-02T08:50:12.000Z,https://adstransparency.google.com/advertiser/AR12910272019299303425/creative/CR01202381050907459585?region=US
expedia.com,Expedia Inc,AR12910272019299303425,CR17559683424136986625,VIDEO,2026-10-01T07:00:56.000Z,2026-10-02T08:50:03.000Z,https://adstransparency.google.com/advertiser/AR12910272019299303425/creative/CR17559683424136986625?region=US
airbnb.com,"Airbnb, Inc.",AR15908226811872411649,CR00065729286144786433,TEXT,2022-10-21T00:09:26.000Z,2026-10-02T11:53:19.000Z,https://adstransparency.google.com/advertiser/AR15908226811872411649/creative/CR00065729286144786433?region=US
airbnb.com,"Airbnb, Inc.",AR15908226811872411649,CR17569308024940527617,TEXT,2022-08-19T01:31:53.000Z,2026-10-02T11:52:50.000Z,https://adstransparency.google.com/advertiser/AR15908226811872411649/creative/CR17569308024940527617?region=US
airbnb.com,"Airbnb, Inc.",AR15908226811872411649,CR16554936976982147073,TEXT,2024-05-18T10:02:00.000Z,2026-10-02T11:48:52.000Z,https://adstransparency.google.com/advertiser/AR15908226811872411649/creative/CR16554936976982147073?region=US
airbnb.com,"Airbnb, Inc.",AR15908226811872411649,CR05582450272019415041,VIDEO,2026-08-20T23:04:52.000Z,2026-10-02T11:47:46.000Z,https://adstransparency.google.com/advertiser/AR15908226811872411649/creative/CR05582450272019415041?region=US
airbnb.com,"Airbnb, Inc.",AR15908226811872411649,CR04487562640394027009,VIDEO,2026-08-20T22:36:16.000Z,2026-10-02T11:43:22.000Z,https://adstransparency.google.com/advertiser/AR15908226811872411649/creative/CR04487562640394027009?region=US
airbnb.com,"Airbnb, Inc.",AR15908226811872411649,CR00439161694506188801,VIDEO,2025-11-04T01:23:18.000Z,2026-10-02T11:42:06.000Z,https://adstransparency.google.com/advertiser/AR15908226811872411649/creative/CR00439161694506188801?region=US
airbnb.com,"Airbnb, Inc.",AR15908226811872411649,CR15048435871734824961,TEXT,2026-07-31T07:15:01.000Z,2026-10-02T11:41:51.000Z,https://adstransparency.google.com/advertiser/AR15908226811872411649/creative/CR15048435871734824961?region=US
airbnb.com,"Airbnb, Inc.",AR15908226811872411649,CR10986592021807890433,VIDEO,2025-11-04T01:22:26.000Z,2026-10-02T11:41:07.000Z,https://adstransparency.google.com/advertiser/AR15908226811872411649/creative/CR10986592021807890433?region=US
airbnb.com,"Airbnb, Inc.",AR15908226811872411649,CR14925335657990586369,TEXT,2025-01-31T00:22:28.000Z,2026-10-02T11:40:38.000Z,https://adstransparency.google.com/advertiser/AR15908226811872411649/creative/CR14925335657990586369?region=US
airbnb.com,"Airbnb, Inc.",AR15908226811872411649,CR18038696685663682561,TEXT,2022-08-19T01:39:22.000Z,2026-10-02T11:33:27.000Z,https://adstransparency.google.com/advertiser/AR15908226811872411649/creative/CR18038696685663682561?region=US
airbnb.com,"Airbnb, Inc.",AR15908226811872411649,CR08051265548991856641,TEXT,2025-09-29T18:12:41.000Z,2026-10-02T11:33:14.000Z,https://adstransparency.google.com/advertiser/AR15908226811872411649/creative/CR08051265548991856641?region=US
airbnb.com,"Airbnb, Inc.",AR15908226811872411649,CR15331141880561795073,TEXT,2022-10-20T23:36:11.000Z,2026-10-02T11:33:03.000Z,https://adstransparency.google.com/advertiser/AR15908226811872411649/creative/CR15331141880561795073?region=US
airbnb.com,"Airbnb, Inc.",AR15908226811872411649,CR17903134169043566593,VIDEO,2025-07-14T22:58:41.000Z,2026-10-02T11:29:34.000Z,https://adstransparency.google.com/advertiser/AR15908226811872411649/creative/CR17903134169043566593?region=US
airbnb.com,"Airbnb, Inc.",AR15908226811872411649,CR08583622536263106561,TEXT,2024-05-17T19:45:33.000Z,2026-10-02T11:28:27.000Z,https://adstransparency.google.com/advertiser/AR15908226811872411649/creative/CR08583622536263106561?region=US
airbnb.com,"Airbnb, Inc.",AR15908226811872411649,CR17570981352788983809,TEXT,2026-06-25T15:50:14.000Z,2026-10-02T11:28:04.000Z,https://adstransparency.google.com/advertiser/AR15908226811872411649/creative/CR17570981352788983809?region=US
airbnb.com,"Airbnb, Inc.",AR15908226811872411649,CR08671613256378351617,TEXT,2022-10-20T23:11:31.000Z,2026-10-02T11:26:17.000Z,https://adstransparency.google.com/advertiser/AR15908226811872411649/creative/CR08671613256378351617?region=US
airbnb.com,"Airbnb, Inc.",AR15908226811872411649,CR01792841979256635393,TEXT,2022-10-24T01:09:22.000Z,2026-10-02T11:24:58.000Z,https://adstransparency.google.com/advertiser/AR15908226811872411649/creative/CR01792841979256635393?region=US
airbnb.com,"Airbnb, Inc.",AR15908226811872411649,CR04203086134378496001,TEXT,2026-05-26T19:21:54.000Z,2026-10-02T11:24:27.000Z,https://adstransparency.google.com/advertiser/AR15908226811872411649/creative/CR04203086134378496001?region=US
airbnb.com,"Airbnb, Inc.",AR15908226811872411649,CR17953936408020254721,TEXT,2026-06-25T20:12:06.000Z,2026-10-02T11:23:17.000Z,https://adstransparency.google.com/advertiser/AR15908226811872411649/creative/CR17953936408020254721?region=US
airbnb.com,"Airbnb, Inc.",AR15908226811872411649,CR03921127071903907841,TEXT,2025-02-11T02:09:47.000Z,2026-10-02T11:21:59.000Z,https://adstransparency.google.com/advertiser/AR15908226811872411649/creative/CR03921127071903907841?region=US
airbnb.com,"Airbnb, Inc.",AR15908226811872411649,CR03010648869064146945,TEXT,2026-07-23T21:10:06.000Z,2026-10-02T11:21:50.000Z,https://adstransparency.google.com/advertiser/AR15908226811872411649/creative/CR03010648869064146945?region=US
airbnb.com,"Airbnb, Inc.",AR15908226811872411649,CR01867914176479887361,TEXT,2025-02-13T01:40:54.000Z,2026-10-02T11:21:01.000Z,https://adstransparency.google.com/advertiser/AR15908226811872411649/creative/CR01867914176479887361?region=US
airbnb.com,"Airbnb, Inc.",AR15908226811872411649,CR00478349165093453825,TEXT,2023-03-14T19:35:41.000Z,2026-10-02T11:20:06.000Z,https://adstransparency.google.com/advertiser/AR15908226811872411649/creative/CR00478349165093453825?region=US
airbnb.com,"Airbnb, Inc.",AR15908226811872411649,CR07434084417913487361,TEXT,2025-01-31T00:31:11.000Z,2026-10-02T11:17:25.000Z,https://adstransparency.google.com/advertiser/AR15908226811872411649/creative/CR07434084417913487361?region=US
airbnb.com,"Airbnb, Inc.",AR15908226811872411649,CR00568175708849831937,TEXT,2025-02-19T04:11:05.000Z,2026-10-02T11:13:49.000Z,https://adstransparency.google.com/advertiser/AR15908226811872411649/creative/CR00568175708849831937?region=US
airbnb.com,"Airbnb, Inc.",AR15908226811872411649,CR08427836556244418561,TEXT,2026-07-31T01:39:29.000Z,2026-10-02T11:05:43.000Z,https://adstransparency.google.com/advertiser/AR15908226811872411649/creative/CR08427836556244418561?region=US
airbnb.com,"Airbnb, Inc.",AR15908226811872411649,CR18385444591064055809,TEXT,2026-06-23T17:22:57.000Z,2026-10-02T11:05:21.000Z,https://adstransparency.google.com/advertiser/AR15908226811872411649/creative/CR18385444591064055809?region=US
airbnb.com,"Airbnb, Inc.",AR15908226811872411649,CR09741315749535809537,TEXT,2022-08-19T01:02:16.000Z,2026-10-02T11:04:23.000Z,https://adstransparency.google.com/advertiser/AR15908226811872411649/creative/CR09741315749535809537?region=US
airbnb.com,"Airbnb, Inc.",AR15908226811872411649,CR00730958903558275073,TEXT,2021-10-25T07:00:00.000Z,2026-10-02T11:03:49.000Z,https://adstransparency.google.com/advertiser/AR15908226811872411649/creative/CR00730958903558275073?region=US
airbnb.com,"Airbnb, Inc.",AR15908226811872411649,CR10611667352829296641,VIDEO,2025-11-04T01:22:24.000Z,2026-10-02T11:03:10.000Z,https://adstransparency.google.com/advertiser/AR15908226811872411649/creative/CR10611667352829296641?region=US
airbnb.com,"Airbnb, Inc.",AR15908226811872411649,CR12553004278702145537,VIDEO,2026-04-27T18:02:32.000Z,2026-10-02T11:02:40.000Z,https://adstransparency.google.com/advertiser/AR15908226811872411649/creative/CR12553004278702145537?region=US
airbnb.com,"Airbnb, Inc.",AR15908226811872411649,CR17685842599488782337,TEXT,2024-12-18T00:48:04.000Z,2026-10-02T11:02:10.000Z,https://adstransparency.google.com/advertiser/AR15908226811872411649/creative/CR17685842599488782337?region=US
airbnb.com,"Airbnb, Inc.",AR15908226811872411649,CR05107386061122699265,TEXT,2022-08-19T10:18:01.000Z,2026-10-02T11:01:19.000Z,https://adstransparency.google.com/advertiser/AR15908226811872411649/creative/CR05107386061122699265?region=US
airbnb.com,"Airbnb, Inc.",AR15908226811872411649,CR07056198274495021057,TEXT,2026-06-25T21:37:55.000Z,2026-10-02T11:01:09.000Z,https://adstransparency.google.com/advertiser/AR15908226811872411649/creative/CR07056198274495021057?region=US
airbnb.com,"Airbnb, Inc.",AR15908226811872411649,CR02093820763235680257,TEXT,2025-02-11T22:42:16.000Z,2026-10-02T11:01:07.000Z,https://adstransparency.google.com/advertiser/AR15908226811872411649/creative/CR02093820763235680257?region=US
airbnb.com,"Airbnb, Inc.",AR15908226811872411649,CR13123579963737374721,VIDEO,2026-08-20T23:15:09.000Z,2026-10-02T11:00:33.000Z,https://adstransparency.google.com/advertiser/AR15908226811872411649/creative/CR13123579963737374721?region=US
airbnb.com,"Airbnb, Inc.",AR15908226811872411649,CR13978888899343155201,TEXT,2025-02-19T02:05:39.000Z,2026-10-02T11:00:00.000Z,https://adstransparency.google.com/advertiser/AR15908226811872411649/creative/CR13978888899343155201?region=US
airbnb.com,"Airbnb, Inc.",AR15908226811872411649,CR08171850294880108545,TEXT,2025-02-07T21:05:36.000Z,2026-10-02T10:59:58.000Z,https://adstransparency.google.com/advertiser/AR15908226811872411649/creative/CR08171850294880108545?region=US
airbnb.com,"Airbnb, Inc.",AR15908226811872411649,CR07691656888009621505,TEXT,2022-10-21T07:03:34.000Z,2026-10-02T10:58:50.000Z,https://adstransparency.google.com/advertiser/AR15908226811872411649/creative/CR07691656888009621505?region=US
airbnb.com,"Airbnb, Inc.",AR15908226811872411649,CR13810610345519087617,TEXT,2022-10-21T04:15:30.000Z,2026-10-02T10:58:35.000Z,https://adstransparency.google.com/advertiser/AR15908226811872411649/creative/CR13810610345519087617?region=US
airbnb.com,"Airbnb, Inc.",AR15908226811872411649,CR03338402419036913665,TEXT,2022-10-21T10:38:24.000Z,2026-10-02T10:56:19.000Z,https://adstransparency.google.com/advertiser/AR15908226811872411649/creative/CR03338402419036913665?region=US
airbnb.com,"Airbnb, Inc.",AR15908226811872411649,CR09258365033790832641,TEXT,2026-07-27T00:55:56.000Z,2026-10-02T10:55:34.000Z,https://adstransparency.google.com/advertiser/AR15908226811872411649/creative/CR09258365033790832641?region=US
airbnb.com,"Airbnb, Inc.",AR15908226811872411649,CR10606528974215446529,TEXT,2024-01-23T20:04:46.000Z,2026-10-02T10:55:19.000Z,https://adstransparency.google.com/advertiser/AR15908226811872411649/creative/CR10606528974215446529?region=US
airbnb.com,"Airbnb, Inc.",AR15908226811872411649,CR12395120464857399297,TEXT,2025-01-31T00:18:15.000Z,2026-10-02T10:54:49.000Z,https://adstransparency.google.com/advertiser/AR15908226811872411649/creative/CR12395120464857399297?region=US
airbnb.com,"Airbnb, Inc.",AR15908226811872411649,CR18385691525913772033,TEXT,2023-03-22T03:43:01.000Z,2026-10-02T10:54:47.000Z,https://adstransparency.google.com/advertiser/AR15908226811872411649/creative/CR18385691525913772033?region=US
airbnb.com,"Airbnb, Inc.",AR15908226811872411649,CR15873637567631982593,TEXT,2024-11-11T08:34:30.000Z,2026-10-02T10:54:40.000Z,https://adstransparency.google.com/advertiser/AR15908226811872411649/creative/CR15873637567631982593?region=US
airbnb.com,"Airbnb, Inc.",AR15908226811872411649,CR08716242038212788225,TEXT,2025-02-19T19:11:13.000Z,2026-10-02T10:54:06.000Z,https://adstransparency.google.com/advertiser/AR15908226811872411649/creative/CR08716242038212788225?region=US
airbnb.com,"Airbnb, Inc.",AR15908226811872411649,CR17550923365890392065,TEXT,2022-12-06T20:13:50.000Z,2026-10-02T10:53:35.000Z,https://adstransparency.google.com/advertiser/AR15908226811872411649/creative/CR17550923365890392065?region=US
airbnb.com,"Airbnb, Inc.",AR15908226811872411649,CR09305471006732713985,TEXT,2024-01-23T20:39:59.000Z,2026-10-02T10:53:05.000Z,https://adstransparency.google.com/advertiser/AR15908226811872411649/creative/CR09305471006732713985?region=US
airbnb.com,"Airbnb, Inc.",AR15908226811872411649,CR16432243402151559169,TEXT,2022-06-03T16:15:25.000Z,2026-10-02T10:52:18.000Z,https://adstransparency.google.com/advertiser/AR15908226811872411649/creative/CR16432243402151559169?region=US
airbnb.com,"Airbnb, Inc.",AR15908226811872411649,CR04751711452744646657,TEXT,2025-01-31T00:58:56.000Z,2026-10-02T10:50:47.000Z,https://adstransparency.google.com/advertiser/AR15908226811872411649/creative/CR04751711452744646657?region=US
airbnb.com,"Airbnb, Inc.",AR15908226811872411649,CR10281331960575950849,VIDEO,2026-08-20T23:15:53.000Z,2026-10-02T10:50:44.000Z,https://adstransparency.google.com/advertiser/AR15908226811872411649/creative/CR10281331960575950849?region=US
airbnb.com,"Airbnb, Inc.",AR15908226811872411649,CR10974832564560199681,TEXT,2026-05-08T17:48:54.000Z,2026-10-02T10:50:30.000Z,https://adstransparency.google.com/advertiser/AR15908226811872411649/creative/CR10974832564560199681?region=US
airbnb.com,"Airbnb, Inc.",AR15908226811872411649,CR00175974533923078145,TEXT,2024-01-23T20:27:50.000Z,2026-10-02T10:48:55.000Z,https://adstransparency.google.com/advertiser/AR15908226811872411649/creative/CR00175974533923078145?region=US
airbnb.com,"Airbnb, Inc.",AR15908226811872411649,CR17851285890781937665,TEXT,2023-03-14T02:48:26.000Z,2026-10-02T10:48:50.000Z,https://adstransparency.google.com/advertiser/AR15908226811872411649/creative/CR17851285890781937665?region=US
airbnb.com,"Airbnb, Inc.",AR15908226811872411649,CR06833067310354268161,TEXT,2022-06-11T18:52:12.000Z,2026-10-02T10:48:45.000Z,https://adstransparency.google.com/advertiser/AR15908226811872411649/creative/CR06833067310354268161?region=US
airbnb.com,"Airbnb, Inc.",AR15908226811872411649,CR01501469336311693313,TEXT,2023-11-24T23:47:13.000Z,2026-10-02T10:48:35.000Z,https://adstransparency.google.com/advertiser/AR15908226811872411649/creative/CR01501469336311693313?region=US
airbnb.com,"Airbnb, Inc.",AR15908226811872411649,CR09674120367714598913,TEXT,2024-05-17T20:06:47.000Z,2026-10-02T10:48:13.000Z,https://adstransparency.google.com/advertiser/AR15908226811872411649/creative/CR09674120367714598913?region=US
airbnb.com,"Airbnb, Inc.",AR15908226811872411649,CR16219526050076426241,TEXT,2022-09-16T15:45:00.000Z,2026-10-02T10:48:09.000Z,https://adstransparency.google.com/advertiser/AR15908226811872411649/creative/CR16219526050076426241?region=US
airbnb.com,"Airbnb, Inc.",AR15908226811872411649,CR14938013155907862529,TEXT,2022-07-05T20:15:59.000Z,2026-10-02T10:47:47.000Z,https://adstransparency.google.com/advertiser/AR15908226811872411649/creative/CR14938013155907862529?region=US
airbnb.com,"Airbnb, Inc.",AR15908226811872411649,CR00101940610683895809,TEXT,2026-08-20T18:00:22.000Z,2026-10-02T10:45:52.000Z,https://adstransparency.google.com/advertiser/AR15908226811872411649/creative/CR00101940610683895809?region=US
airbnb.com,"Airbnb, Inc.",AR15908226811872411649,CR09478154221317521409,TEXT,2025-02-10T16:02:56.000Z,2026-10-02T10:45:34.000Z,https://adstransparency.google.com/advertiser/AR15908226811872411649/creative/CR09478154221317521409?region=US
airbnb.com,"Airbnb, Inc.",AR15908226811872411649,CR15180819863447797761,TEXT,2025-10-29T12:30:22.000Z,2026-10-02T10:45:17.000Z,https://adstransparency.google.com/advertiser/AR15908226811872411649/creative/CR15180819863447797761?region=US
airbnb.com,THOMAS HILBURN CLEVELAND III,AR12361054433532968961,CR05181438564390404097,IMAGE,2025-03-23T09:41:55.000Z,2026-10-02T10:45:15.000Z,https://adstransparency.google.com/advertiser/AR12361054433532968961/creative/CR05181438564390404097?region=US
airbnb.com,"Airbnb, Inc.",AR15908226811872411649,CR13677372351098912769,TEXT,2023-03-07T11:29:03.000Z,2026-10-02T10:45:14.000Z,https://adstransparency.google.com/advertiser/AR15908226811872411649/creative/CR13677372351098912769?region=US
airbnb.com,"Airbnb, Inc.",AR15908226811872411649,CR15699087133195108353,TEXT,2026-05-26T19:21:41.000Z,2026-10-02T10:44:57.000Z,https://adstransparency.google.com/advertiser/AR15908226811872411649/creative/CR15699087133195108353?region=US
airbnb.com,"Airbnb, Inc.",AR15908226811872411649,CR03908730353178640385,TEXT,2025-02-19T15:16:43.000Z,2026-10-02T10:44:36.000Z,https://adstransparency.google.com/advertiser/AR15908226811872411649/creative/CR03908730353178640385?region=US
airbnb.com,"Airbnb, Inc.",AR15908226811872411649,CR10582916858929741825,TEXT,2022-12-06T17:41:59.000Z,2026-10-02T10:42:50.000Z,https://adstransparency.google.com/advertiser/AR15908226811872411649/creative/CR10582916858929741825?region=US
airbnb.com,"Airbnb, Inc.",AR15908226811872411649,CR05730452577296842753,TEXT,2026-01-29T11:32:24.000Z,2026-10-02T10:42:48.000Z,https://adstransparency.google.com/advertiser/AR15908226811872411649/creative/CR05730452577296842753?region=US
airbnb.com,"Airbnb, Inc.",AR15908226811872411649,CR02041726924513869825,TEXT,2026-06-23T20:30:38.000Z,2026-10-02T10:42:34.000Z,https://adstransparency.google.com/advertiser/AR15908226811872411649/creative/CR02041726924513869825?region=US
airbnb.com,"Airbnb, Inc.",AR15908226811872411649,CR02656594854926090241,TEXT,2026-06-23T23:07:40.000Z,2026-10-02T10:42:24.000Z,https://adstransparency.google.com/advertiser/AR15908226811872411649/creative/CR02656594854926090241?region=US
airbnb.com,"Airbnb, Inc.",AR15908226811872411649,CR00901319202260910081,TEXT,2025-04-05T07:00:00.000Z,2026-10-02T10:41:53.000Z,https://adstransparency.google.com/advertiser/AR15908226811872411649/creative/CR00901319202260910081?region=US
airbnb.com,"Airbnb, Inc.",AR15908226811872411649,CR15287963096866357249,TEXT,2022-12-06T23:00:31.000Z,2026-10-02T10:41:17.000Z,https://adstransparency.google.com/advertiser/AR15908226811872411649/creative/CR15287963096866357249?region=US
airbnb.com,"Airbnb, Inc.",AR15908226811872411649,CR07660823661389021185,TEXT,2023-03-14T15:46:58.000Z,2026-10-02T10:40:57.000Z,https://adstransparency.google.com/advertiser/AR15908226811872411649/creative/CR07660823661389021185?region=US
airbnb.com,"Airbnb, Inc.",AR15908226811872411649,CR08128985301495316481,TEXT,2022-08-19T00:54:42.000Z,2026-10-02T10:39:51.000Z,https://adstransparency.google.com/advertiser/AR15908226811872411649/creative/CR08128985301495316481?region=US
airbnb.com,"Airbnb, Inc.",AR15908226811872411649,CR02103492239312289793,TEXT,2025-02-19T02:13:18.000Z,2026-10-02T10:39:34.000Z,https://adstransparency.google.com/advertiser/AR15908226811872411649/creative/CR02103492239312289793?region=US
airbnb.com,"Airbnb, Inc.",AR15908226811872411649,CR15216736991317065729,VIDEO,2025-07-14T22:34:00.000Z,2026-10-02T10:39:05.000Z,https://adstransparency.google.com/advertiser/AR15908226811872411649/creative/CR15216736991317065729?region=US
airbnb.com,"Airbnb, Inc.",AR15908226811872411649,CR13199250733372801025,TEXT,2025-02-19T02:22:49.000Z,2026-10-02T10:39:01.000Z,https://adstransparency.google.com/advertiser/AR15908226811872411649/creative/CR13199250733372801025?region=US
airbnb.com,"Airbnb, Inc.",AR15908226811872411649,CR09901881143391682561,TEXT,2022-09-16T14:55:35.000Z,2026-10-02T10:38:46.000Z,https://adstransparency.google.com/advertiser/AR15908226811872411649/creative/CR09901881143391682561?region=US
airbnb.com,"Airbnb, Inc.",AR15908226811872411649,CR05749576039441367041,TEXT,2026-06-25T15:36:18.000Z,2026-10-02T10:38:11.000Z,https://adstransparency.google.com/advertiser/AR15908226811872411649/creative/CR05749576039441367041?region=US
airbnb.com,"Airbnb, Inc.",AR15908226811872411649,CR18371702508193054721,TEXT,2024-01-23T20:20:30.000Z,2026-10-02T10:37:44.000Z,https://adstransparency.google.com/advertiser/AR15908226811872411649/creative/CR18371702508193054721?region=US
airbnb.com,Windgap LLC,AR16673613589159870465,CR04927838732884639745,TEXT,2024-04-24T02:39:18.000Z,2026-10-02T10:37:41.000Z,https://adstransparency.google.com/advertiser/AR16673613589159870465/creative/CR04927838732884639745?region=US
airbnb.com,Carol Goodman,AR14336355299357622273,CR09741861734368411649,IMAGE,2026-04-02T20:16:41.000Z,2026-10-02T10:37:33.000Z,https://adstransparency.google.com/advertiser/AR14336355299357622273/creative/CR09741861734368411649?region=US
airbnb.com,"Airbnb, Inc.",AR15908226811872411649,CR10479562439501283329,TEXT,2023-02-26T00:57:01.000Z,2026-10-02T10:37:14.000Z,https://adstransparency.google.com/advertiser/AR15908226811872411649/creative/CR10479562439501283329?region=US
airbnb.com,"Airbnb, Inc.",AR15908226811872411649,CR01448912723453673473,VIDEO,2026-08-20T23:14:05.000Z,2026-10-02T10:37:13.000Z,https://adstransparency.google.com/advertiser/AR15908226811872411649/creative/CR01448912723453673473?region=US
airbnb.com,"Airbnb, Inc.",AR15908226811872411649,CR10434084937769418753,TEXT,2024-01-23T21:17:52.000Z,2026-10-02T10:37:05.000Z,https://adstransparency.google.com/advertiser/AR15908226811872411649/creative/CR10434084937769418753?region=US
airbnb.com,"Airbnb, Inc.",AR15908226811872411649,CR01761032463619981313,TEXT,2026-06-25T15:15:05.000Z,2026-10-02T10:36:25.000Z,https://adstransparency.google.com/advertiser/AR15908226811872411649/creative/CR01761032463619981313?region=US
airbnb.com,"Airbnb, Inc.",AR15908226811872411649,CR05592468472215896065,VIDEO,2026-08-10T17:36:40.000Z,2026-10-02T10:35:36.000Z,https://adstransparency.google.com/advertiser/AR15908226811872411649/creative/CR05592468472215896065?region=US
airbnb.com,"Airbnb, Inc.",AR15908226811872411649,CR07907526488381980673,TEXT,2026-07-27T01:31:09.000Z,2026-10-02T10:35:31.000Z,https://adstransparency.google.com/advertiser/AR15908226811872411649/creative/CR07907526488381980673?region=US
airbnb.com,"Airbnb, Inc.",AR15908226811872411649,CR14290212472831868929,TEXT,2023-03-13T23:49:01.000Z,2026-10-02T10:35:15.000Z,https://adstransparency.google.com/advertiser/AR15908226811872411649/creative/CR14290212472831868929?region=US
airbnb.com,"Airbnb, Inc.",AR15908226811872411649,CR06850217690292813825,TEXT,2026-08-01T04:25:19.000Z,2026-10-02T10:35:03.000Z,https://adstransparency.google.com/advertiser/AR15908226811872411649/creative/CR06850217690292813825?region=US
airbnb.com,"Airbnb, Inc.",AR15908226811872411649,CR13116887511337009153,TEXT,2026-06-25T15:35:18.000Z,2026-10-02T10:34:52.000Z,https://adstransparency.google.com/advertiser/AR15908226811872411649/creative/CR13116887511337009153?region=US
airbnb.com,"Airbnb, Inc.",AR15908226811872411649,CR07811655190473342977,TEXT,2025-01-31T02:54:24.000Z,2026-10-02T10:34:13.000Z,https://adstransparency.google.com/advertiser/AR15908226811872411649/creative/CR07811655190473342977?region=US
airbnb.com,"Airbnb, Inc.",AR15908226811872411649,CR01143072775229931521,TEXT,2025-02-19T17:33:01.000Z,2026-10-02T10:33:59.000Z,https://adstransparency.google.com/advertiser/AR15908226811872411649/creative/CR01143072775229931521?region=US
airbnb.com,"Airbnb, Inc.",AR15908226811872411649,CR07320706987925176321,TEXT,2024-05-18T08:21:04.000Z,2026-10-02T10:33:49.000Z,https://adstransparency.google.com/advertiser/AR15908226811872411649/creative/CR07320706987925176321?region=US
airbnb.com,Edward Rodriguez,AR10766130620359770113,CR13740966394252492801,VIDEO,2026-02-28T11:53:11.000Z,2026-10-02T10:33:46.000Z,https://adstransparency.google.com/advertiser/AR10766130620359770113/creative/CR13740966394252492801?region=US
airbnb.com,"Airbnb, Inc.",AR15908226811872411649,CR03580896830914822145,TEXT,2026-06-25T16:21:09.000Z,2026-10-02T10:31:52.000Z,https://adstransparency.google.com/advertiser/AR15908226811872411649/creative/CR03580896830914822145?region=US
airbnb.com,"Airbnb, Inc.",AR15908226811872411649,CR13282004737302986753,TEXT,2023-03-14T04:47:44.000Z,2026-10-02T10:30:31.000Z,https://adstransparency.google.com/advertiser/AR15908226811872411649/creative/CR13282004737302986753?region=US
airbnb.com,"Airbnb, Inc.",AR15908226811872411649,CR11960858486222356481,TEXT,2025-03-14T06:48:33.000Z,2026-10-02T10:29:02.000Z,https://adstransparency.google.com/advertiser/AR15908226811872411649/creative/CR11960858486222356481?region=US
airbnb.com,"Airbnb, Inc.",AR15908226811872411649,CR11329025392041263105,TEXT,2026-04-28T03:56:17.000Z,2026-10-02T10:27:38.000Z,https://adstransparency.google.com/advertiser/AR15908226811872411649/creative/CR11329025392041263105?region=US
airbnb.com,"Airbnb, Inc.",AR15908226811872411649,CR05522690002573590529,TEXT,2025-01-31T02:50:01.000Z,2026-10-02T10:27:08.000Z,https://adstransparency.google.com/advertiser/AR15908226811872411649/creative/CR05522690002573590529?region=US
airbnb.com,"Airbnb, Inc.",AR15908226811872411649,CR01411678853100732417,TEXT,2022-10-21T02:50:56.000Z,2026-10-02T10:26:56.000Z,https://adstransparency.google.com/advertiser/AR15908226811872411649/creative/CR01411678853100732417?region=US
airbnb.com,"Airbnb, Inc.",AR15908226811872411649,CR01227381480011857921,TEXT,2025-02-10T20:40:43.000Z,2026-10-02T10:24:35.000Z,https://adstransparency.google.com/advertiser/AR15908226811872411649/creative/CR01227381480011857921?region=US
airbnb.com,"Airbnb, Inc.",AR15908226811872411649,CR15966561349744459777,TEXT,2025-01-31T03:03:50.000Z,2026-10-02T10:24:34.000Z,https://adstransparency.google.com/advertiser/AR15908226811872411649/creative/CR15966561349744459777?region=US
airbnb.com,"Airbnb, Inc.",AR15908226811872411649,CR16653711621243273217,VIDEO,2025-11-25T00:23:51.000Z,2026-10-02T10:24:05.000Z,https://adstransparency.google.com/advertiser/AR15908226811872411649/creative/CR16653711621243273217?region=US
airbnb.com,"Airbnb, Inc.",AR15908226811872411649,CR11468189350408224769,TEXT,2025-01-31T01:12:55.000Z,2026-10-02T10:23:40.000Z,https://adstransparency.google.com/advertiser/AR15908226811872411649/creative/CR11468189350408224769?region=US
airbnb.com,"Airbnb, Inc.",AR15908226811872411649,CR11026727288598167553,TEXT,2025-01-31T15:01:24.000Z,2026-10-02T10:23:18.000Z,https://adstransparency.google.com/advertiser/AR15908226811872411649/creative/CR11026727288598167553?region=US
airbnb.com,"Airbnb, Inc.",AR15908226811872411649,CR01106520344388173825,TEXT,2023-04-27T01:09:36.000Z,2026-10-02T10:22:59.000Z,https://adstransparency.google.com/advertiser/AR15908226811872411649/creative/CR01106520344388173825?region=US
airbnb.com,"Airbnb, Inc.",AR15908226811872411649,CR09010816587866832897,TEXT,2026-07-27T00:23:19.000Z,2026-10-02T10:21:57.000Z,https://adstransparency.google.com/advertiser/AR15908226811872411649/creative/CR09010816587866832897?region=US
airbnb.com,"Airbnb, Inc.",AR15908226811872411649,CR17242473159882440705,TEXT,2025-12-10T23:21:50.000Z,2026-10-02T10:21:23.000Z,https://adstransparency.google.com/advertiser/AR15908226811872411649/creative/CR17242473159882440705?region=US
airbnb.com,"Airbnb, Inc.",AR15908226811872411649,CR03448956079826796545,TEXT,2023-02-23T16:09:20.000Z,2026-10-02T10:20:22.000Z,https://adstransparency.google.com/advertiser/AR15908226811872411649/creative/CR03448956079826796545?region=US
airbnb.com,"Airbnb, Inc.",AR15908226811872411649,CR16900712183959126017,TEXT,2022-12-06T15:47:11.000Z,2026-10-02T10:18:19.000Z,https://adstransparency.google.com/advertiser/AR15908226811872411649/creative/CR16900712183959126017?region=US
airbnb.com,"Airbnb, Inc.",AR15908226811872411649,CR17500827966861475841,TEXT,2022-10-21T14:23:04.000Z,2026-10-02T10:17:23.000Z,https://adstransparency.google.com/advertiser/AR15908226811872411649/creative/CR17500827966861475841?region=US
airbnb.com,"Airbnb, Inc.",AR15908226811872411649,CR07412018379185192961,TEXT,2026-06-25T21:32:29.000Z,2026-10-02T10:17:04.000Z,https://adstransparency.google.com/advertiser/AR15908226811872411649/creative/CR07412018379185192961?region=US
airbnb.com,"Airbnb, Inc.",AR15908226811872411649,CR10010856360750612481,TEXT,2026-06-25T15:21:32.000Z,2026-10-02T10:16:44.000Z,https://adstransparency.google.com/advertiser/AR15908226811872411649/creative/CR10010856360750612481?region=US
airbnb.com,"Airbnb, Inc.",AR15908226811872411649,CR13942659355552776193,TEXT,2022-12-06T17:20:27.000Z,2026-10-02T10:16:41.000Z,https://adstransparency.google.com/advertiser/AR15908226811872411649/creative/CR13942659355552776193?region=US
airbnb.com,"Airbnb, Inc.",AR15908226811872411649,CR05908720924403695617,TEXT,2021-12-14T22:43:40.000Z,2026-10-02T10:16:37.000Z,https://adstransparency.google.com/advertiser/AR15908226811872411649/creative/CR05908720924403695617?region=US
airbnb.com,"Airbnb, Inc.",AR15908226811872411649,CR16789983683640557569,TEXT,2025-02-19T03:18:49.000Z,2026-10-02T10:16:24.000Z,https://adstransparency.google.com/advertiser/AR15908226811872411649/creative/CR16789983683640557569?region=US
airbnb.com,"Airbnb, Inc.",AR15908226811872411649,CR06143264604492398593,TEXT,2025-01-31T01:30:02.000Z,2026-10-02T10:16:11.000Z,https://adstransparency.google.com/advertiser/AR15908226811872411649/creative/CR06143264604492398593?region=US
airbnb.com,"Airbnb, Inc.",AR15908226811872411649,CR16389250453101084673,TEXT,2025-02-19T03:20:42.000Z,2026-10-02T10:15:12.000Z,https://adstransparency.google.com/advertiser/AR15908226811872411649/creative/CR16389250453101084673?region=US
airbnb.com,"Airbnb, Inc.",AR15908226811872411649,CR13674609836724060161,TEXT,2026-06-25T18:27:10.000Z,2026-10-02T10:14:49.000Z,https://adstransparency.google.com/advertiser/AR15908226811872411649/creative/CR13674609836724060161?region=US
airbnb.com,"Airbnb, Inc.",AR15908226811872411649,CR14212631396232462337,TEXT,2025-01-31T00:07:16.000Z,2026-10-02T10:14:30.000Z,https://adstransparency.google.com/advertiser/AR15908226811872411649/creative/CR14212631396232462337?region=US
airbnb.com,"Airbnb, Inc.",AR15908226811872411649,CR17296549306399981569,TEXT,2025-02-10T22:05:18.000Z,2026-10-02T10:11:59.000Z,https://adstransparency.google.com/advertiser/AR15908226811872411649/creative/CR17296549306399981569?region=US
airbnb.com,Damon Vincent Borich,AR03745241546883072001,CR14373922527892209665,IMAGE,2026-03-31T21:50:05.000Z,2026-10-02T10:10:14.000Z,https://adstransparency.google.com/advertiser/AR03745241546883072001/creative/CR14373922527892209665?region=US
airbnb.com,"Airbnb, Inc.",AR15908226811872411649,CR16002541596453109761,TEXT,2025-02-19T07:20:23.000Z,2026-10-02T10:09:27.000Z,https://adstransparency.google.com/advertiser/AR15908226811872411649/creative/CR16002541596453109761?region=US
airbnb.com,"Airbnb, Inc.",AR15908226811872411649,CR16321289639388250113,TEXT,2025-02-01T03:08:44.000Z,2026-10-02T10:05:45.000Z,https://adstransparency.google.com/advertiser/AR15908226811872411649/creative/CR16321289639388250113?region=US
airbnb.com,"Airbnb, Inc.",AR15908226811872411649,CR06988252862534909953,TEXT,2025-01-31T00:31:11.000Z,2026-10-02T10:04:08.000Z,https://adstransparency.google.com/advertiser/AR15908226811872411649/creative/CR06988252862534909953?region=US
airbnb.com,"Airbnb, Inc.",AR15908226811872411649,CR17069062944773373953,TEXT,2022-11-16T19:46:50.000Z,2026-10-02T10:03:33.000Z,https://adstransparency.google.com/advertiser/AR15908226811872411649/creative/CR17069062944773373953?region=US
airbnb.com,"Airbnb, Inc.",AR15908226811872411649,CR15330696526812938241,TEXT,2024-05-18T02:10:03.000Z,2026-10-02T10:02:36.000Z,https://adstransparency.google.com/advertiser/AR15908226811872411649/creative/CR15330696526812938241?region=US
airbnb.com,"Airbnb, Inc.",AR15908226811872411649,CR06211108801253212161,TEXT,2025-02-19T19:16:01.000Z,2026-10-02T10:02:27.000Z,https://adstransparency.google.com/advertiser/AR15908226811872411649/creative/CR06211108801253212161?region=US
airbnb.com,"Airbnb, Inc.",AR15908226811872411649,CR01398924251930558465,TEXT,2026-06-25T15:44:53.000Z,2026-10-02T10:02:08.000Z,https://adstransparency.google.com/advertiser/AR15908226811872411649/creative/CR01398924251930558465?region=US
airbnb.com,"Airbnb, Inc.",AR15908226811872411649,CR16975637141113536513,TEXT,2026-09-19T00:05:45.000Z,2026-10-02T10:02:05.000Z,https://adstransparency.google.com/advertiser/AR15908226811872411649/creative/CR16975637141113536513?region=US
airbnb.com,"Airbnb, Inc.",AR15908226811872411649,CR12248263146321477633,TEXT,2023-03-13T21:37:27.000Z,2026-10-02T10:01:37.000Z,https://adstransparency.google.com/advertiser/AR15908226811872411649/creative/CR12248263146321477633?region=US
airbnb.com,"Airbnb, Inc.",AR15908226811872411649,CR09253936200954150913,TEXT,2026-06-25T16:27:06.000Z,2026-10-02T10:01:33.000Z,https://adstransparency.google.com/advertiser/AR15908226811872411649/creative/CR09253936200954150913?region=US
airbnb.com,"Airbnb, Inc.",AR15908226811872411649,CR11684544410934050817,VIDEO,2025-11-04T01:24:08.000Z,2026-10-02T10:00:41.000Z,https://adstransparency.google.com/advertiser/AR15908226811872411649/creative/CR11684544410934050817?region=US
airbnb.com,"Airbnb, Inc.",AR15908226811872411649,CR04609787926350397441,TEXT,2026-06-25T16:50:50.000Z,2026-10-02T09:59:03.000Z,https://adstransparency.google.com/advertiser/AR15908226811872411649/creative/CR04609787926350397441?region=US
airbnb.com,"Airbnb, Inc.",AR15908226811872411649,CR17829181592484970497,VIDEO,2026-07-20T15:48:26.000Z,2026-10-02T09:58:51.000Z,https://adstransparency.google.com/advertiser/AR15908226811872411649/creative/CR17829181592484970497?region=US
airbnb.com,"Airbnb, Inc.",AR15908226811872411649,CR04890948167857602561,TEXT,2026-06-25T19:13:13.000Z,2026-10-02T09:58:38.000Z,https://adstransparency.google.com/advertiser/AR15908226811872411649/creative/CR04890948167857602561?region=US
airbnb.com,"Airbnb, Inc.",AR15908226811872411649,CR02959010923940937729,TEXT,2026-02-19T16:35:54.000Z,2026-10-02T09:58:04.000Z,https://adstransparency.google.com/advertiser/AR15908226811872411649/creative/CR02959010923940937729?region=US
airbnb.com,"Airbnb, Inc.",AR15908226811872411649,CR17681469876104855553,TEXT,2025-02-18T21:10:58.000Z,2026-10-02T09:57:46.000Z,https://adstransparency.google.com/advertiser/AR15908226811872411649/creative/CR17681469876104855553?region=US
airbnb.com,"Airbnb, Inc.",AR15908226811872411649,CR12483577987788177409,TEXT,2026-06-25T16:40:30.000Z,2026-10-02T09:57:34.000Z,https://adstransparency.google.com/advertiser/AR15908226811872411649/creative/CR12483577987788177409?region=US
airbnb.com,"Airbnb, Inc.",AR15908226811872411649,CR09295651878270402561,TEXT,2025-01-31T14:33:47.000Z,2026-10-02T09:56:47.000Z,https://adstransparency.google.com/advertiser/AR15908226811872411649/creative/CR09295651878270402561?region=US
airbnb.com,"Airbnb, Inc.",AR15908226811872411649,CR01531259298196226049,TEXT,2024-05-20T05:19:26.000Z,2026-10-02T09:56:05.000Z,https://adstransparency.google.com/advertiser/AR15908226811872411649/creative/CR01531259298196226049?region=US
airbnb.com,"Airbnb, Inc.",AR15908226811872411649,CR10360583324186968065,TEXT,2025-01-31T00:32:59.000Z,2026-10-02T09:55:11.000Z,https://adstransparency.google.com/advertiser/AR15908226811872411649/creative/CR10360583324186968065?region=US
airbnb.com,"Airbnb, Inc.",AR15908226811872411649,CR02735010624059736065,VIDEO,2025-07-14T22:33:16.000Z,2026-10-02T09:55:04.000Z,https://adstransparency.google.com/advertiser/AR15908226811872411649/creative/CR02735010624059736065?region=US
airbnb.com,"Airbnb, Inc.",AR15908226811872411649,CR08544876476644720641,TEXT,2026-05-08T17:25:48.000Z,2026-10-02T09:54:29.000Z,https://adstransparency.google.com/advertiser/AR15908226811872411649/creative/CR08544876476644720641?region=US
airbnb.com,"Airbnb, Inc.",AR15908226811872411649,CR01533476437623832577,TEXT,2026-07-27T01:09:44.000Z,2026-10-02T09:53:24.000Z,https://adstransparency.google.com/advertiser/AR15908226811872411649/creative/CR01533476437623832577?region=US
airbnb.com,"Airbnb, Inc.",AR15908226811872411649,CR02659028967511556097,TEXT,2026-02-03T07:42:08.000Z,2026-10-02T09:53:18.000Z,https://adstransparency.google.com/advertiser/AR15908226811872411649/creative/CR02659028967511556097?region=US
airbnb.com,"Airbnb, Inc.",AR15908226811872411649,CR02551531983406628865,TEXT,2026-06-25T15:11:18.000Z,2026-10-02T09:52:51.000Z,https://adstransparency.google.com/advertiser/AR15908226811872411649/creative/CR02551531983406628865?region=US
airbnb.com,"Airbnb, Inc.",AR15908226811872411649,CR18396370670037499905,TEXT,2023-11-25T00:08:41.000Z,2026-10-02T09:52:51.000Z,https://adstransparency.google.com/advertiser/AR15908226811872411649/creative/CR18396370670037499905?region=US
airbnb.com,"Airbnb, Inc.",AR15908226811872411649,CR12265426282312892417,TEXT,2023-03-13T08:21:01.000Z,2026-10-02T09:52:29.000Z,https://adstransparency.google.com/advertiser/AR15908226811872411649/creative/CR12265426282312892417?region=US
airbnb.com,"Airbnb, Inc.",AR15908226811872411649,CR03881054271117983745,TEXT,2025-05-19T16:00:33.000Z,2026-10-02T09:51:52.000Z,https://adstransparency.google.com/advertiser/AR15908226811872411649/creative/CR03881054271117983745?region=US
airbnb.com,"Airbnb, Inc.",AR15908226811872411649,CR00089491252839448577,TEXT,2026-06-23T17:19:54.000Z,2026-10-02T09:50:51.000Z,https://adstransparency.google.com/advertiser/AR15908226811872411649/creative/CR00089491252839448577?region=US
airbnb.com,"Airbnb, Inc.",AR15908226811872411649,CR17055449582072233985,TEXT,2023-02-28T13:27:13.000Z,2026-10-02T09:50:44.000Z,https://adstransparency.google.com/advertiser/AR15908226811872411649/creative/CR17055449582072233985?region=US
airbnb.com,"Airbnb, Inc.",AR15908226811872411649,CR11609359702747512833,TEXT,2022-10-26T19:59:57.000Z,2026-10-02T09:50:22.000Z,https://adstransparency.google.com/advertiser/AR15908226811872411649/creative/CR11609359702747512833?region=US
airbnb.com,"Airbnb, Inc.",AR15908226811872411649,CR01618889893893636097,TEXT,2022-10-24T18:25:35.000Z,2026-10-02T09:50:18.000Z,https://adstransparency.google.com/advertiser/AR15908226811872411649/creative/CR01618889893893636097?region=US
airbnb.com,"Airbnb, Inc.",AR15908226811872411649,CR08983289317833048065,TEXT,2025-01-31T01:22:26.000Z,2026-10-02T09:50:09.000Z,https://adstransparency.google.com/advertiser/AR15908226811872411649/creative/CR08983289317833048065?region=US
airbnb.com,"Airbnb, Inc.",AR15908226811872411649,CR07494080429524254721,VIDEO,2026-08-20T22:32:23.000Z,2026-10-02T09:48:28.000Z,https://adstransparency.google.com/advertiser/AR15908226811872411649/creative/CR07494080429524254721?region=US
airbnb.com,"Airbnb, Inc.",AR15908226811872411649,CR13790032169361473537,TEXT,2026-06-25T18:09:36.000Z,2026-10-02T09:48:23.000Z,https://adstransparency.google.com/advertiser/AR15908226811872411649/creative/CR13790032169361473537?region=US
airbnb.com,David MALDONADO-LOPEZ,AR12544998262093905921,CR13505661740448219137,TEXT,2025-06-07T06:20:24.000Z,2026-10-02T09:48:20.000Z,https://adstransparency.google.com/advertiser/AR12544998262093905921/creative/CR13505661740448219137?region=US
airbnb.com,"Airbnb, Inc.",AR15908226811872411649,CR16965810152861073409,TEXT,2026-07-27T01:16:58.000Z,2026-10-02T09:48:15.000Z,https://adstransparency.google.com/advertiser/AR15908226811872411649/creative/CR16965810152861073409?region=US
airbnb.com,"Airbnb, Inc.",AR15908226811872411649,CR16483714161377804289,TEXT,2026-06-25T15:15:02.000Z,2026-10-02T09:48:15.000Z,https://adstransparency.google.com/advertiser/AR15908226811872411649/creative/CR16483714161377804289?region=US
airbnb.com,"Airbnb, Inc.",AR15908226811872411649,CR02948833500716859393,TEXT,2026-08-20T17:59:49.000Z,2026-10-02T09:48:03.000Z,https://adstransparency.google.com/advertiser/AR15908226811872411649/creative/CR02948833500716859393?region=US
airbnb.com,"Airbnb, Inc.",AR15908226811872411649,CR10951401937412554753,TEXT,2026-06-25T20:20:28.000Z,2026-10-02T09:47:58.000Z,https://adstransparency.google.com/advertiser/AR15908226811872411649/creative/CR10951401937412554753?region=US
airbnb.com,"Airbnb, Inc.",AR15908226811872411649,CR09037472056848941057,TEXT,2025-01-31T02:02:23.000Z,2026-10-02T09:47:35.000Z,https://adstransparency.google.com/advertiser/AR15908226811872411649/creative/CR09037472056848941057?region=US
airbnb.com,"Airbnb, Inc.",AR15908226811872411649,CR07308201520627974145,TEXT,2022-08-19T06:44:32.000Z,2026-10-02T09:47:33.000Z,https://adstransparency.google.com/advertiser/AR15908226811872411649/creative/CR07308201520627974145?region=US
airbnb.com,"Airbnb, Inc.",AR15908226811872411649,CR09152674281002369025,TEXT,2024-11-11T09:01:33.000Z,2026-10-02T09:47:26.000Z,https://adstransparency.google.com/advertiser/AR15908226811872411649/creative/CR09152674281002369025?region=US
airbnb.com,"Airbnb, Inc.",AR15908226811872411649,CR16208170577452597249,TEXT,2024-11-11T08:30:07.000Z,2026-10-02T09:46:58.000Z,https://adstransparency.google.com/advertiser/AR15908226811872411649/creative/CR16208170577452597249?region=US
airbnb.com,"Airbnb, Inc.",AR15908226811872411649,CR10797886792502607873,TEXT,2024-05-18T08:24:38.000Z,2026-10-02T09:46:27.000Z,https://adstransparency.google.com/advertiser/AR15908226811872411649/creative/CR10797886792502607873?region=US
airbnb.com,"Airbnb, Inc.",AR15908226811872411649,CR04115058125357187073,TEXT,2022-10-21T00:56:04.000Z,2026-10-02T09:46:15.000Z,https://adstransparency.google.com/advertiser/AR15908226811872411649/creative/CR04115058125357187073?region=US
airbnb.com,"Airbnb, Inc.",AR15908226811872411649,CR07853305171969835009,TEXT,2026-07-27T07:00:00.000Z,2026-10-02T09:45:32.000Z,https://adstransparency.google.com/advertiser/AR15908226811872411649/creative/CR07853305171969835009?region=US
airbnb.com,"Airbnb, Inc.",AR15908226811872411649,CR14776624777598599169,TEXT,2026-06-25T17:37:09.000Z,2026-10-02T09:45:26.000Z,https://adstransparency.google.com/advertiser/AR15908226811872411649/creative/CR14776624777598599169?region=US
airbnb.com,"Airbnb, Inc.",AR15908226811872411649,CR12714602972969959425,TEXT,2026-06-25T15:48:39.000Z,2026-10-02T09:45:16.000Z,https://adstransparency.google.com/advertiser/AR15908226811872411649/creative/CR12714602972969959425?region=US
airbnb.com,"Airbnb, Inc.",AR15908226811872411649,CR14848588492241371137,TEXT,2022-08-19T04:58:28.000Z,2026-10-02T09:45:14.000Z,https://adstransparency.google.com/advertiser/AR15908226811872411649/creative/CR14848588492241371137?region=US
airbnb.com,"Airbnb, Inc.",AR15908226811872411649,CR09571281035124015105,TEXT,2025-02-19T02:04:13.000Z,2026-10-02T09:44:49.000Z,https://adstransparency.google.com/advertiser/AR15908226811872411649/creative/CR09571281035124015105?region=US
airbnb.com,"Airbnb, Inc.",AR15908226811872411649,CR15687715167896862721,TEXT,2025-01-31T04:03:59.000Z,2026-10-02T09:44:23.000Z,https://adstransparency.google.com/advertiser/AR15908226811872411649/creative/CR15687715167896862721?region=US
airbnb.com,"Airbnb, Inc.",AR15908226811872411649,CR12951873355996200961,TEXT,2026-06-25T16:44:02.000Z,2026-10-02T09:44:10.000Z,https://adstransparency.google.com/advertiser/AR15908226811872411649/creative/CR12951873355996200961?region=US
airbnb.com,"Airbnb, Inc.",AR15908226811872411649,CR11329742411061526529,TEXT,2026-06-25T16:12:35.000Z,2026-10-02T09:43:02.000Z,https://adstransparency.google.com/advertiser/AR15908226811872411649/creative/CR11329742411061526529?region=US
airbnb.com,"Airbnb, Inc.",AR15908226811872411649,CR04951024796004515841,TEXT,2026-06-25T15:20:45.000Z,2026-10-02T09:42:36.000Z,https://adstransparency.google.com/advertiser/AR15908226811872411649/creative/CR04951024796004515841?region=US
airbnb.com,"Airbnb, Inc.",AR15908226811872411649,CR09742899046279806977,TEXT,2022-08-19T01:24:27.000Z,2026-10-02T09:42:20.000Z,https://adstransparency.google.com/advertiser/AR15908226811872411649/creative/CR09742899046279806977?region=US
airbnb.com,"Airbnb, Inc.",AR15908226811872411649,CR02856113343003885569,TEXT,2025-02-19T04:15:19.000Z,2026-10-02T09:41:50.000Z,https://adstransparency.google.com/advertiser/AR15908226811872411649/creative/CR02856113343003885569?region=US
airbnb.com,"Airbnb, Inc.",AR15908226811872411649,CR12312975736397889537,TEXT,2026-06-25T15:36:34.000Z,2026-10-02T09:41:17.000Z,https://adstransparency.google.com/advertiser/AR15908226811872411649/creative/CR12312975736397889537?region=US
airbnb.com,"Airbnb, Inc.",AR15908226811872411649,CR15782526046970052609,TEXT,2026-06-23T15:36:47.000Z,2026-10-02T09:41:11.000Z,https://adstransparency.google.com/advertiser/AR15908226811872411649/creative/CR15782526046970052609?region=US
airbnb.com,"Airbnb, Inc.",AR15908226811872411649,CR11457155467755651073,TEXT,2026-06-23T16:29:34.000Z,2026-10-02T09:40:53.000Z,https://adstransparency.google.com/advertiser/AR15908226811872411649/creative/CR11457155467755651073?region=US
airbnb.com,"Airbnb, Inc.",AR15908226811872411649,CR07226125872422453249,TEXT,2026-06-23T15:46:51.000Z,2026-10-02T09:39:50.000Z,https://adstransparency.google.com/advertiser/AR15908226811872411649/creative/CR07226125872422453249?region=US
airbnb.com,"Airbnb, Inc.",AR15908226811872411649,CR14811169706366468097,TEXT,2022-04-02T04:42:29.000Z,2026-10-02T09:39:50.000Z,https://adstransparency.google.com/advertiser/AR15908226811872411649/creative/CR14811169706366468097?region=US
airbnb.com,"Airbnb, Inc.",AR15908226811872411649,CR06007944916733263873,TEXT,2026-04-29T19:01:43.000Z,2026-10-02T09:39:41.000Z,https://adstransparency.google.com/advertiser/AR15908226811872411649/creative/CR06007944916733263873?region=US
airbnb.com,"Airbnb, Inc.",AR15908226811872411649,CR09881169926327107585,TEXT,2026-06-23T15:37:42.000Z,2026-10-02T09:39:12.000Z,https://adstransparency.google.com/advertiser/AR15908226811872411649/creative/CR09881169926327107585?region=US
airbnb.com,"Airbnb, Inc.",AR15908226811872411649,CR17177345323777916929,TEXT,2022-08-19T04:00:13.000Z,2026-10-02T09:38:24.000Z,https://adstransparency.google.com/advertiser/AR15908226811872411649/creative/CR17177345323777916929?region=US
airbnb.com,"Airbnb, Inc.",AR15908226811872411649,CR12290579483404009473,TEXT,2025-01-31T00:22:30.000Z,2026-10-02T09:37:50.000Z,https://adstransparency.google.com/advertiser/AR15908226811872411649/creative/CR12290579483404009473?region=US
airbnb.com,"Airbnb, Inc.",AR15908226811872411649,CR12600040449835532289,TEXT,2022-12-11T14:00:09.000Z,2026-10-02T09:37:40.000Z,https://adstransparency.google.com/advertiser/AR15908226811872411649/creative/CR12600040449835532289?region=US
airbnb.com,"Airbnb, Inc.",AR15908226811872411649,CR12543124866078867457,TEXT,2025-03-29T12:50:58.000Z,2026-10-02T09:36:46.000Z,https://adstransparency.google.com/advertiser/AR15908226811872411649/creative/CR12543124866078867457?region=US
airbnb.com,"Airbnb, Inc.",AR15908226811872411649,CR17340589797973950465,TEXT,2025-02-19T05:19:55.000Z,2026-10-02T09:36:30.000Z,https://adstransparency.google.com/advertiser/AR15908226811872411649/creative/CR17340589797973950465?region=US
airbnb.com,"Airbnb, Inc.",AR15908226811872411649,CR02962255239157121025,TEXT,2026-06-25T17:09:13.000Z,2026-10-02T09:36:07.000Z,https://adstransparency.google.com/advertiser/AR15908226811872411649/creative/CR02962255239157121025?region=US
airbnb.com,"Airbnb, Inc.",AR15908226811872411649,CR15410828607827738625,TEXT,2022-10-21T20:58:50.000Z,2026-10-02T09:36:04.000Z,https://adstransparency.google.com/advertiser/AR15908226811872411649/creative/CR15410828607827738625?region=US
airbnb.com,"Airbnb, Inc.",AR15908226811872411649,CR09704756609955135489,TEXT,2024-05-18T04:13:11.000Z,2026-10-02T09:35:57.000Z,https://adstransparency.google.com/advertiser/AR15908226811872411649/creative/CR09704756609955135489?region=US
airbnb.com,"Airbnb, Inc.",AR15908226811872411649,CR15841067834194001921,TEXT,2024-05-18T01:04:54.000Z,2026-10-02T09:35:42.000Z,https://adstransparency.google.com/advertiser/AR15908226811872411649/creative/CR15841067834194001921?region=US
airbnb.com,"Airbnb, Inc.",AR15908226811872411649,CR02650730360551243777,TEXT,2024-05-18T00:31:09.000Z,2026-10-02T09:35:04.000Z,https://adstransparency.google.com/advertiser/AR15908226811872411649/creative/CR02650730360551243777?region=US
airbnb.com,"Airbnb, Inc.",AR15908226811872411649,CR17798057433369673729,TEXT,2023-03-15T22:50:29.000Z,2026-10-02T09:34:41.000Z,https://adstransparency.google.com/advertiser/AR15908226811872411649/creative/CR17798057433369673729?region=US
airbnb.com,"Airbnb, Inc.",AR15908226811872411649,CR15302320528291790849,VIDEO,2026-08-20T23:42:09.000Z,2026-10-02T09:34:31.000Z,https://adstransparency.google.com/advertiser/AR15908226811872411649/creative/CR15302320528291790849?region=US
airbnb.com,"Airbnb, Inc.",AR15908226811872411649,CR09721651894606102529,TEXT,2025-02-19T02:12:44.000Z,2026-10-02T09:33:58.000Z,https://adstransparency.google.com/advertiser/AR15908226811872411649/creative/CR09721651894606102529?region=US
airbnb.com,"Airbnb, Inc.",AR15908226811872411649,CR09461943434194452481,TEXT,2025-02-14T05:32:05.000Z,2026-10-02T09:32:45.000Z,https://adstransparency.google.com/advertiser/AR15908226811872411649/creative/CR09461943434194452481?region=US
airbnb.com,"Airbnb, Inc.",AR15908226811872411649,CR10355382359309680641,TEXT,2022-06-15T21:50:15.000Z,2026-10-02T09:32:32.000Z,https://adstransparency.google.com/advertiser/AR15908226811872411649/creative/CR10355382359309680641?region=US
airbnb.com,"Airbnb, Inc.",AR15908226811872411649,CR09569996977341464577,TEXT,2025-02-19T06:52:57.000Z,2026-10-02T09:32:30.000Z,https://adstransparency.google.com/advertiser/AR15908226811872411649/creative/CR09569996977341464577?region=US
airbnb.com,"Airbnb, Inc.",AR15908226811872411649,CR13602159545236324353,TEXT,2026-09-19T00:19:26.000Z,2026-10-02T09:31:09.000Z,https://adstransparency.google.com/advertiser/AR15908226811872411649/creative/CR13602159545236324353?region=US
airbnb.com,"Airbnb, Inc.",AR15908226811872411649,CR09988845864539389953,TEXT,2025-01-31T01:25:56.000Z,2026-10-02T09:29:30.000Z,https://adstransparency.google.com/advertiser/AR15908226811872411649/creative/CR09988845864539389953?region=US
airbnb.com,"Airbnb, Inc.",AR15908226811872411649,CR17367485458707120129,TEXT,2021-12-18T19:13:01.000Z,2026-10-02T09:29:18.000Z,https://adstransparency.google.com/advertiser/AR15908226811872411649/creative/CR17367485458707120129?region=US
airbnb.com,"Airbnb, Inc.",AR15908226811872411649,CR18235580082456363009,TEXT,2024-05-17T22:26:20.000Z,2026-10-02T09:29:00.000Z,https://adstransparency.google.com/advertiser/AR15908226811872411649/creative/CR18235580082456363009?region=US
airbnb.com,"Airbnb, Inc.",AR15908226811872411649,CR15030497889283473409,TEXT,2026-06-26T19:19:41.000Z,2026-10-02T09:28:50.000Z,https://adstransparency.google.com/advertiser/AR15908226811872411649/creative/CR15030497889283473409?region=US
airbnb.com,"Airbnb, Inc.",AR15908226811872411649,CR10852206163018121217,TEXT,2025-02-20T19:14:52.000Z,2026-10-02T09:28:32.000Z,https://adstransparency.google.com/advertiser/AR15908226811872411649/creative/CR10852206163018121217?region=US
airbnb.com,"Airbnb, Inc.",AR15908226811872411649,CR16846769336046583809,TEXT,2025-01-31T01:21:14.000Z,2026-10-02T09:27:58.000Z,https://adstransparency.google.com/advertiser/AR15908226811872411649/creative/CR16846769336046583809?region=US
airbnb.com,"Airbnb, Inc.",AR15908226811872411649,CR17275741169103405057,TEXT,2022-08-19T01:32:24.000Z,2026-10-02T09:27:50.000Z,https://adstransparency.google.com/advertiser/AR15908226811872411649/creative/CR17275741169103405057?region=US
airbnb.com,"Airbnb, Inc.",AR15908226811872411649,CR14034209246346739713,TEXT,2025-01-31T01:17:17.000Z,2026-10-02T09:26:41.000Z,https://adstransparency.google.com/advertiser/AR15908226811872411649/creative/CR14034209246346739713?region=US
airbnb.com,Gower Smith,AR12748494259254984705,CR13118915328606208001,IMAGE,2025-12-22T08:00:00.000Z,2026-10-02T09:26:34.000Z,https://adstransparency.google.com/advertiser/AR12748494259254984705/creative/CR13118915328606208001?region=US
airbnb.com,"Airbnb, Inc.",AR15908226811872411649,CR12385515852831653889,TEXT,2025-01-31T00:54:14.000Z,2026-10-02T09:26:30.000Z,https://adstransparency.google.com/advertiser/AR15908226811872411649/creative/CR12385515852831653889?region=US
airbnb.com,"Airbnb, Inc.",AR15908226811872411649,CR09768418788469899265,VIDEO,2026-03-16T22:08:15.000Z,2026-10-02T09:24:41.000Z,https://adstransparency.google.com/advertiser/AR15908226811872411649/creative/CR09768418788469899265?region=US
airbnb.com,"Airbnb, Inc.",AR15908226811872411649,CR02073680063856902145,TEXT,2022-10-30T21:11:55.000Z,2026-10-02T09:23:52.000Z,https://adstransparency.google.com/advertiser/AR15908226811872411649/creative/CR02073680063856902145?region=US
airbnb.com,"Airbnb, Inc.",AR15908226811872411649,CR11601335252139638785,TEXT,2026-08-13T17:06:12.000Z,2026-10-02T09:23:48.000Z,https://adstransparency.google.com/advertiser/AR15908226811872411649/creative/CR11601335252139638785?region=US
airbnb.com,"Airbnb, Inc.",AR15908226811872411649,CR17244632016603840513,TEXT,2025-02-19T02:05:08.000Z,2026-10-02T09:23:22.000Z,https://adstransparency.google.com/advertiser/AR15908226811872411649/creative/CR17244632016603840513?region=US
airbnb.com,"Airbnb, Inc.",AR15908226811872411649,CR11595826698884481025,TEXT,2026-07-27T00:32:53.000Z,2026-10-02T09:22:51.000Z,https://adstransparency.google.com/advertiser/AR15908226811872411649/creative/CR11595826698884481025?region=US
airbnb.com,"Airbnb, Inc.",AR15908226811872411649,CR04928897493862711297,TEXT,2023-10-24T21:32:33.000Z,2026-10-02T09:22:45.000Z,https://adstransparency.google.com/advertiser/AR15908226811872411649/creative/CR04928897493862711297?region=US
airbnb.com,"Airbnb, Inc.",AR15908226811872411649,CR15420486271289524225,TEXT,2022-08-19T02:37:09.000Z,2026-10-02T09:22:36.000Z,https://adstransparency.google.com/advertiser/AR15908226811872411649/creative/CR15420486271289524225?region=US
airbnb.com,"Airbnb, Inc.",AR15908226811872411649,CR12736598703083618305,TEXT,2026-08-01T00:11:54.000Z,2026-10-02T09:21:46.000Z,https://adstransparency.google.com/advertiser/AR15908226811872411649/creative/CR12736598703083618305?region=US
airbnb.com,"Airbnb, Inc.",AR15908226811872411649,CR14795932751538159617,TEXT,2026-07-08T02:43:16.000Z,2026-10-02T09:21:44.000Z,https://adstransparency.google.com/advertiser/AR15908226811872411649/creative/CR14795932751538159617?region=US
airbnb.com,"Airbnb, Inc.",AR15908226811872411649,CR07619749205510193153,TEXT,2023-03-14T07:34:13.000Z,2026-10-02T09:21:38.000Z,https://adstransparency.google.com/advertiser/AR15908226811872411649/creative/CR07619749205510193153?region=US
airbnb.com,"Airbnb, Inc.",AR15908226811872411649,CR10064975834898235393,TEXT,2026-06-25T17:37:48.000Z,2026-10-02T09:21:12.000Z,https://adstransparency.google.com/advertiser/AR15908226811872411649/creative/CR10064975834898235393?region=US
airbnb.com,"Airbnb, Inc.",AR15908226811872411649,CR03751412392685207553,TEXT,2026-06-25T15:26:50.000Z,2026-10-02T09:20:45.000Z,https://adstransparency.google.com/advertiser/AR15908226811872411649/creative/CR03751412392685207553?region=US
airbnb.com,"Airbnb, Inc.",AR15908226811872411649,CR18287122455967301633,VIDEO,2025-12-01T00:55:29.000Z,2026-10-02T09:18:43.000Z,https://adstransparency.google.com/advertiser/AR15908226811872411649/creative/CR18287122455967301633?region=US
airbnb.com,Gower Smith,AR12748494259254984705,CR01960094989379698689,IMAGE,2025-12-23T07:51:18.000Z,2026-10-02T09:18:41.000Z,https://adstransparency.google.com/advertiser/AR12748494259254984705/creative/CR01960094989379698689?region=US
airbnb.com,"Airbnb, Inc.",AR15908226811872411649,CR06842373112915296257,TEXT,2024-01-23T21:04:57.000Z,2026-10-02T09:18:25.000Z,https://adstransparency.google.com/advertiser/AR15908226811872411649/creative/CR06842373112915296257?region=US
airbnb.com,"Airbnb, Inc.",AR15908226811872411649,CR07510311969929297921,VIDEO,2026-08-10T17:35:32.000Z,2026-10-02T09:18:21.000Z,https://adstransparency.google.com/advertiser/AR15908226811872411649/creative/CR07510311969929297921?region=US
airbnb.com,"Airbnb, Inc.",AR15908226811872411649,CR11164692659031769089,TEXT,2026-06-23T15:51:25.000Z,2026-10-02T09:17:16.000Z,https://adstransparency.google.com/advertiser/AR15908226811872411649/creative/CR11164692659031769089?region=US
airbnb.com,"Airbnb, Inc.",AR15908226811872411649,CR06949334669217234945,TEXT,2022-08-19T01:15:22.000Z,2026-10-02T09:17:05.000Z,https://adstransparency.google.com/advertiser/AR15908226811872411649/creative/CR06949334669217234945?region=US
airbnb.com,"Airbnb, Inc.",AR15908226811872411649,CR14035355547348238337,TEXT,2024-05-19T02:32:30.000Z,2026-10-02T09:16:53.000Z,https://adstransparency.google.com/advertiser/AR15908226811872411649/creative/CR14035355547348238337?region=US
airbnb.com,"Airbnb, Inc.",AR15908226811872411649,CR17371352484051681281,TEXT,2025-01-31T01:35:06.000Z,2026-10-02T09:15:41.000Z,https://adstransparency.google.com/advertiser/AR15908226811872411649/creative/CR17371352484051681281?region=US
airbnb.com,"Airbnb, Inc.",AR15908226811872411649,CR17626431914611048449,TEXT,2022-10-23T04:17:42.000Z,2026-10-02T09:14:51.000Z,https://adstransparency.google.com/advertiser/AR15908226811872411649/creative/CR17626431914611048449?region=US
airbnb.com,"Airbnb, Inc.",AR15908226811872411649,CR06821299598179434497,TEXT,2024-05-17T17:56:30.000Z,2026-10-02T09:14:45.000Z,https://adstransparency.google.com/advertiser/AR15908226811872411649/creative/CR06821299598179434497?region=US
airbnb.com,"Airbnb, Inc.",AR15908226811872411649,CR10660265766776995841,TEXT,2025-10-29T20:09:46.000Z,2026-10-02T09:13:18.000Z,https://adstransparency.google.com/advertiser/AR15908226811872411649/creative/CR10660265766776995841?region=US
airbnb.com,"Airbnb, Inc.",AR15908226811872411649,CR02205739699639681025,TEXT,2026-05-26T19:21:56.000Z,2026-10-02T09:13:06.000Z,https://adstransparency.google.com/advertiser/AR15908226811872411649/creative/CR02205739699639681025?region=US
airbnb.com,"Airbnb, Inc.",AR15908226811872411649,CR01203466543761981441,VIDEO,2026-08-20T23:13:28.000Z,2026-10-02T09:12:20.000Z,https://adstransparency.google.com/advertiser/AR15908226811872411649/creative/CR01203466543761981441?region=US
airbnb.com,"Airbnb, Inc.",AR15908226811872411649,CR05922150986490576897,TEXT,2026-07-27T00:16:52.000Z,2026-10-02T09:11:53.000Z,https://adstransparency.google.com/advertiser/AR15908226811872411649/creative/CR05922150986490576897?region=US
airbnb.com,MELISSA JEANNE LUKEY,AR10403306841349029889,CR04759153419887837185,IMAGE,2026-06-23T18:08:08.000Z,2026-10-02T09:11:36.000Z,https://adstransparency.google.com/advertiser/AR10403306841349029889/creative/CR04759153419887837185?region=US
airbnb.com,"Airbnb, Inc.",AR15908226811872411649,CR07548326828545409025,TEXT,2026-02-13T18:52:55.000Z,2026-10-02T09:11:07.000Z,https://adstransparency.google.com/advertiser/AR15908226811872411649/creative/CR07548326828545409025?region=US
airbnb.com,"Airbnb, Inc.",AR15908226811872411649,CR08437642834164580353,TEXT,2025-01-31T00:29:43.000Z,2026-10-02T09:10:57.000Z,https://adstransparency.google.com/advertiser/AR15908226811872411649/creative/CR08437642834164580353?region=US
airbnb.com,"Airbnb, Inc.",AR15908226811872411649,CR06784493145791922177,TEXT,2026-05-26T19:21:57.000Z,2026-10-02T09:10:52.000Z,https://adstransparency.google.com/advertiser/AR15908226811872411649/creative/CR06784493145791922177?region=US
airbnb.com,"Airbnb, Inc.",AR15908226811872411649,CR03103211384297488385,TEXT,2022-10-21T02:37:24.000Z,2026-10-02T09:10:08.000Z,https://adstransparency.google.com/advertiser/AR15908226811872411649/creative/CR03103211384297488385?region=US
airbnb.com,"Airbnb, Inc.",AR15908226811872411649,CR02517348553446129665,TEXT,2025-06-12T17:00:43.000Z,2026-10-02T09:10:06.000Z,https://adstransparency.google.com/advertiser/AR15908226811872411649/creative/CR02517348553446129665?region=US
airbnb.com,"Airbnb, Inc.",AR15908226811872411649,CR16297127862777937921,TEXT,2026-07-05T02:26:00.000Z,2026-10-02T09:09:46.000Z,https://adstransparency.google.com/advertiser/AR15908226811872411649/creative/CR16297127862777937921?region=US
airbnb.com,"Airbnb, Inc.",AR15908226811872411649,CR11313790962653724673,TEXT,2023-03-16T03:31:33.000Z,2026-10-02T09:09:32.000Z,https://adstransparency.google.com/advertiser/AR15908226811872411649/creative/CR11313790962653724673?region=US
airbnb.com,"Airbnb, Inc.",AR15908226811872411649,CR00858081697772601345,TEXT,2026-02-19T16:43:25.000Z,2026-10-02T09:08:02.000Z,https://adstransparency.google.com/advertiser/AR15908226811872411649/creative/CR00858081697772601345?region=US
airbnb.com,InConcreto di Andrea Daria,AR11666664754138578945,CR10313016406764945409,TEXT,2023-04-07T07:05:59.000Z,2026-10-02T09:07:55.000Z,https://adstransparency.google.com/advertiser/AR11666664754138578945/creative/CR10313016406764945409?region=US
airbnb.com,"Airbnb, Inc.",AR15908226811872411649,CR07499720262749782017,TEXT,2023-04-16T19:53:06.000Z,2026-10-02T09:06:56.000Z,https://adstransparency.google.com/advertiser/AR15908226811872411649/creative/CR07499720262749782017?region=US
airbnb.com,"Airbnb, Inc.",AR15908226811872411649,CR06630648284832595969,VIDEO,2025-12-01T00:55:08.000Z,2026-10-02T09:05:52.000Z,https://adstransparency.google.com/advertiser/AR15908226811872411649/creative/CR06630648284832595969?region=US
airbnb.com,"Airbnb, Inc.",AR15908226811872411649,CR17210755230128406529,TEXT,2026-06-25T17:41:40.000Z,2026-10-02T09:05:30.000Z,https://adstransparency.google.com/advertiser/AR15908226811872411649/creative/CR17210755230128406529?region=US
airbnb.com,"Airbnb, Inc.",AR15908226811872411649,CR09251194156393431041,TEXT,2026-05-08T18:29:17.000Z,2026-10-02T09:03:17.000Z,https://adstransparency.google.com/advertiser/AR15908226811872411649/creative/CR09251194156393431041?region=US
airbnb.com,"Airbnb, Inc.",AR15908226811872411649,CR16102813981709697025,TEXT,2020-10-09T07:00:00.000Z,2026-10-02T09:03:14.000Z,https://adstransparency.google.com/advertiser/AR15908226811872411649/creative/CR16102813981709697025?region=US
airbnb.com,"Airbnb, Inc.",AR15908226811872411649,CR06680632684726714369,TEXT,2023-03-13T22:55:17.000Z,2026-10-02T09:02:30.000Z,https://adstransparency.google.com/advertiser/AR15908226811872411649/creative/CR06680632684726714369?region=US
airbnb.com,"Airbnb, Inc.",AR15908226811872411649,CR10165748274607161345,TEXT,2026-06-25T15:24:11.000Z,2026-10-02T09:02:22.000Z,https://adstransparency.google.com/advertiser/AR15908226811872411649/creative/CR10165748274607161345?region=US
airbnb.com,"Airbnb, Inc.",AR15908226811872411649,CR02518005013427519489,TEXT,2024-05-20T04:32:18.000Z,2026-10-02T09:01:46.000Z,https://adstransparency.google.com/advertiser/AR15908226811872411649/creative/CR02518005013427519489?region=US
airbnb.com,"Airbnb, Inc.",AR15908226811872411649,CR16933702764062572545,TEXT,2026-07-27T00:22:21.000Z,2026-10-02T09:01:19.000Z,https://adstransparency.google.com/advertiser/AR15908226811872411649/creative/CR16933702764062572545?region=US
airbnb.com,"Airbnb, Inc.",AR15908226811872411649,CR14821751320372838401,TEXT,2025-02-10T21:13:39.000Z,2026-10-02T09:01:09.000Z,https://adstransparency.google.com/advertiser/AR15908226811872411649/creative/CR14821751320372838401?region=US
airbnb.com,"Airbnb, Inc.",AR15908226811872411649,CR02157055790072987649,TEXT,2022-12-06T15:51:52.000Z,2026-10-02T09:01:09.000Z,https://adstransparency.google.com/advertiser/AR15908226811872411649/creative/CR02157055790072987649?region=US
airbnb.com,"Airbnb, Inc.",AR15908226811872411649,CR05028910205396582401,TEXT,2022-10-21T11:09:45.000Z,2026-10-02T09:01:05.000Z,https://adstransparency.google.com/advertiser/AR15908226811872411649/creative/CR05028910205396582401?region=US
airbnb.com,"Airbnb, Inc.",AR15908226811872411649,CR05887295093500542977,TEXT,2026-06-25T15:49:50.000Z,2026-10-02T09:00:08.000Z,https://adstransparency.google.com/advertiser/AR15908226811872411649/creative/CR05887295093500542977?region=US
airbnb.com,"Airbnb, Inc.",AR15908226811872411649,CR05983800766668734465,TEXT,2023-10-25T00:00:42.000Z,2026-10-02T08:59:56.000Z,https://adstransparency.google.com/advertiser/AR15908226811872411649/creative/CR05983800766668734465?region=US
airbnb.com,"Airbnb, Inc.",AR15908226811872411649,CR04735446153896656897,TEXT,2022-12-06T19:25:03.000Z,2026-10-02T08:59:52.000Z,https://adstransparency.google.com/advertiser/AR15908226811872411649/creative/CR04735446153896656897?region=US
airbnb.com,"Airbnb, Inc.",AR15908226811872411649,CR03771980243741442049,TEXT,2025-02-19T03:13:00.000Z,2026-10-02T08:58:59.000Z,https://adstransparency.google.com/advertiser/AR15908226811872411649/creative/CR03771980243741442049?region=US
airbnb.com,"Airbnb, Inc.",AR15908226811872411649,CR11820694522029932545,TEXT,2026-08-06T08:44:50.000Z,2026-10-02T08:58:21.000Z,https://adstransparency.google.com/advertiser/AR15908226811872411649/creative/CR11820694522029932545?region=US
airbnb.com,"Airbnb, Inc.",AR15908226811872411649,CR08698434064421486593,TEXT,2026-06-25T00:19:03.000Z,2026-10-02T08:58:11.000Z,https://adstransparency.google.com/advertiser/AR15908226811872411649/creative/CR08698434064421486593?region=US
airbnb.com,"Airbnb, Inc.",AR15908226811872411649,CR00830907577129762817,TEXT,2026-09-18T23:26:28.000Z,2026-10-02T08:58:10.000Z,https://adstransparency.google.com/advertiser/AR15908226811872411649/creative/CR00830907577129762817?region=US
airbnb.com,"Airbnb, Inc.",AR15908226811872411649,CR13364744920028413953,TEXT,2026-08-01T01:40:07.000Z,2026-10-02T08:58:04.000Z,https://adstransparency.google.com/advertiser/AR15908226811872411649/creative/CR13364744920028413953?region=US
airbnb.com,"Airbnb, Inc.",AR15908226811872411649,CR15032047814131580929,TEXT,2024-05-17T17:50:17.000Z,2026-10-02T08:57:42.000Z,https://adstransparency.google.com/advertiser/AR15908226811872411649/creative/CR15032047814131580929?region=US
airbnb.com,"Airbnb, Inc.",AR15908226811872411649,CR08153428716291096577,TEXT,2024-05-20T06:21:22.000Z,2026-10-02T08:57:42.000Z,https://adstransparency.google.com/advertiser/AR15908226811872411649/creative/CR08153428716291096577?region=US
airbnb.com,"Airbnb, Inc.",AR15908226811872411649,CR02583111598033862657,TEXT,2022-06-03T17:36:21.000Z,2026-10-02T08:57:41.000Z,https://adstransparency.google.com/advertiser/AR15908226811872411649/creative/CR02583111598033862657?region=US
airbnb.com,"Airbnb, Inc.",AR15908226811872411649,CR04142717216527220737,TEXT,2025-09-29T18:11:41.000Z,2026-10-02T08:57:26.000Z,https://adstransparency.google.com/advertiser/AR15908226811872411649/creative/CR04142717216527220737?region=US
airbnb.com,"Airbnb, Inc.",AR15908226811872411649,CR16359856100654186497,TEXT,2026-08-20T18:00:36.000Z,2026-10-02T08:57:21.000Z,https://adstransparency.google.com/advertiser/AR15908226811872411649/creative/CR16359856100654186497?region=US
airbnb.com,"Airbnb, Inc.",AR15908226811872411649,CR16640596045251739649,TEXT,2023-06-13T20:08:45.000Z,2026-10-02T08:57:20.000Z,https://adstransparency.google.com/advertiser/AR15908226811872411649/creative/CR16640596045251739649?region=US
airbnb.com,"Airbnb, Inc.",AR15908226811872411649,CR11375086674317934593,TEXT,2022-08-19T01:25:56.000Z,2026-10-02T08:57:13.000Z,https://adstransparency.google.com/advertiser/AR15908226811872411649/creative/CR11375086674317934593?region=US
airbnb.com,"Airbnb, Inc.",AR15908226811872411649,CR15575423479871176705,TEXT,2026-03-10T10:24:46.000Z,2026-10-02T08:57:06.000Z,https://adstransparency.google.com/advertiser/AR15908226811872411649/creative/CR15575423479871176705?region=US
airbnb.com,"Airbnb, Inc.",AR15908226811872411649,CR16346516756866531329,TEXT,2025-02-25T22:36:08.000Z,2026-10-02T08:56:59.000Z,https://adstransparency.google.com/advertiser/AR15908226811872411649/creative/CR16346516756866531329?region=US
airbnb.com,"Airbnb, Inc.",AR15908226811872411649,CR10879887699687243777,TEXT,2024-05-20T07:10:55.000Z,2026-10-02T08:56:43.000Z,https://adstransparency.google.com/advertiser/AR15908226811872411649/creative/CR10879887699687243777?region=US
airbnb.com,"Airbnb, Inc.",AR15908226811872411649,CR14011935537359749121,VIDEO,2026-03-16T22:21:36.000Z,2026-10-02T08:56:43.000Z,https://adstransparency.google.com/advertiser/AR15908226811872411649/creative/CR14011935537359749121?region=US
airbnb.com,"Airbnb, Inc.",AR15908226811872411649,CR01328934435537551361,TEXT,2025-01-31T00:49:38.000Z,2026-10-02T08:56:40.000Z,https://adstransparency.google.com/advertiser/AR15908226811872411649/creative/CR01328934435537551361?region=US
airbnb.com,"Airbnb, Inc.",AR15908226811872411649,CR04192221748315291649,TEXT,2023-12-21T11:40:37.000Z,2026-10-02T08:56:30.000Z,https://adstransparency.google.com/advertiser/AR15908226811872411649/creative/CR04192221748315291649?region=US
airbnb.com,"Airbnb, Inc.",AR15908226811872411649,CR05221501426622005249,TEXT,2026-05-08T17:25:43.000Z,2026-10-02T08:56:10.000Z,https://adstransparency.google.com/advertiser/AR15908226811872411649/creative/CR05221501426622005249?region=US
airbnb.com,"Airbnb, Inc.",AR15908226811872411649,CR01400560325232689153,TEXT,2026-06-23T16:59:02.000Z,2026-10-02T08:55:57.000Z,https://adstransparency.google.com/advertiser/AR15908226811872411649/creative/CR01400560325232689153?region=US
airbnb.com,"Airbnb, Inc.",AR15908226811872411649,CR08158062032520740865,TEXT,2026-06-25T16:52:20.000Z,2026-10-02T08:55:55.000Z,https://adstransparency.google.com/advertiser/AR15908226811872411649/creative/CR08158062032520740865?region=US
airbnb.com,"Airbnb, Inc.",AR15908226811872411649,CR01145263457658994689,TEXT,2025-02-11T11:41:49.000Z,2026-10-02T08:55:48.000Z,https://adstransparency.google.com/advertiser/AR15908226811872411649/creative/CR01145263457658994689?region=US
airbnb.com,"Airbnb, Inc.",AR15908226811872411649,CR15246762815625625601,TEXT,2021-10-25T07:00:00.000Z,2026-10-02T08:55:44.000Z,https://adstransparency.google.com/advertiser/AR15908226811872411649/creative/CR15246762815625625601?region=US
airbnb.com,"Airbnb, Inc.",AR15908226811872411649,CR03222812685754171393,TEXT,2022-08-19T01:34:03.000Z,2026-10-02T08:55:33.000Z,https://adstransparency.google.com/advertiser/AR15908226811872411649/creative/CR03222812685754171393?region=US
airbnb.com,"Airbnb, Inc.",AR15908226811872411649,CR02410463816929247233,TEXT,2026-05-08T17:26:29.000Z,2026-10-02T08:55:25.000Z,https://adstransparency.google.com/advertiser/AR15908226811872411649/creative/CR02410463816929247233?region=US
airbnb.com,"Airbnb, Inc.",AR15908226811872411649,CR06628970249699983361,TEXT,2026-05-16T09:12:49.000Z,2026-10-02T08:55:12.000Z,https://adstransparency.google.com/advertiser/AR15908226811872411649/creative/CR06628970249699983361?region=US
airbnb.com,"Airbnb, Inc.",AR15908226811872411649,CR01945882934007300097,TEXT,2024-05-18T10:13:28.000Z,2026-10-02T08:54:54.000Z,https://adstransparency.google.com/advertiser/AR15908226811872411649/creative/CR01945882934007300097?region=US
airbnb.com,"Airbnb, Inc.",AR15908226811872411649,CR12135430421265514497,VIDEO,2025-07-14T22:30:34.000Z,2026-10-02T08:54:48.000Z,https://adstransparency.google.com/advertiser/AR15908226811872411649/creative/CR12135430421265514497?region=US
airbnb.com,"Airbnb, Inc.",AR15908226811872411649,CR07365517146228523009,TEXT,2026-06-25T15:31:25.000Z,2026-10-02T08:54:31.000Z,https://adstransparency.google.com/advertiser/AR15908226811872411649/creative/CR07365517146228523009?region=US
airbnb.com,"Airbnb, Inc.",AR15908226811872411649,CR17402850631739244545,TEXT,2026-06-25T18:02:40.000Z,2026-10-02T08:54:31.000Z,https://adstransparency.google.com/advertiser/AR15908226811872411649/creative/CR17402850631739244545?region=US
airbnb.com,"Airbnb, Inc.",AR15908226811872411649,CR01245919349135376385,TEXT,2023-11-05T00:56:16.000Z,2026-10-02T08:54:24.000Z,https://adstransparency.google.com/advertiser/AR15908226811872411649/creative/CR01245919349135376385?region=US
airbnb.com,"Airbnb, Inc.",AR15908226811872411649,CR15044132451943186433,TEXT,2026-02-19T20:08:09.000Z,2026-10-02T08:54:10.000Z,https://adstransparency.google.com/advertiser/AR15908226811872411649/creative/CR15044132451943186433?region=US
airbnb.com,"Airbnb, Inc.",AR15908226811872411649,CR08174560247445192705,VIDEO,2025-11-04T01:25:11.000Z,2026-10-02T08:54:05.000Z,https://adstransparency.google.com/advertiser/AR15908226811872411649/creative/CR08174560247445192705?region=US
airbnb.com,"Airbnb, Inc.",AR15908226811872411649,CR08512487337991602177,TEXT,2026-03-10T11:11:31.000Z,2026-10-02T08:54:04.000Z,https://adstransparency.google.com/advertiser/AR15908226811872411649/creative/CR08512487337991602177?region=US
airbnb.com,"Airbnb, Inc.",AR15908226811872411649,CR10140430464599457793,TEXT,2023-03-16T01:36:37.000Z,2026-10-02T08:53:44.000Z,https://adstransparency.google.com/advertiser/AR15908226811872411649/creative/CR10140430464599457793?region=US
airbnb.com,"Airbnb, Inc.",AR15908226811872411649,CR01746858315628937217,VIDEO,2026-04-13T13:44:16.000Z,2026-10-02T08:53:41.000Z,https://adstransparency.google.com/advertiser/AR15908226811872411649/creative/CR01746858315628937217?region=US
airbnb.com,"Airbnb, Inc.",AR15908226811872411649,CR04885188865821769729,TEXT,2025-02-19T02:04:57.000Z,2026-10-02T08:53:12.000Z,https://adstransparency.google.com/advertiser/AR15908226811872411649/creative/CR04885188865821769729?region=US
airbnb.com,"Airbnb, Inc.",AR15908226811872411649,CR00614172016861249537,VIDEO,2026-07-20T15:48:28.000Z,2026-10-02T08:53:04.000Z,https://adstransparency.google.com/advertiser/AR15908226811872411649/creative/CR00614172016861249537?region=US
airbnb.com,"Airbnb, Inc.",AR15908226811872411649,CR16556262275040673793,TEXT,2026-06-17T12:23:25.000Z,2026-10-02T08:52:45.000Z,https://adstransparency.google.com/advertiser/AR15908226811872411649/creative/CR16556262275040673793?region=US
airbnb.com,"Airbnb, Inc.",AR15908226811872411649,CR12307284449464156161,TEXT,2022-04-21T07:00:00.000Z,2026-10-02T08:52:39.000Z,https://adstransparency.google.com/advertiser/AR15908226811872411649/creative/CR12307284449464156161?region=US
airbnb.com,"Airbnb, Inc.",AR15908226811872411649,CR05714529587342344193,VIDEO,2026-04-13T13:44:20.000Z,2026-10-02T08:52:25.000Z,https://adstransparency.google.com/advertiser/AR15908226811872411649/creative/CR05714529587342344193?region=US
airbnb.com,"Airbnb, Inc.",AR15908226811872411649,CR10963998226088198145,TEXT,2025-01-31T01:58:58.000Z,2026-10-02T08:52:04.000Z,https://adstransparency.google.com/advertiser/AR15908226811872411649/creative/CR10963998226088198145?region=US
airbnb.com,"Airbnb, Inc.",AR15908226811872411649,CR05934235727381397505,TEXT,2025-02-19T03:15:52.000Z,2026-10-02T08:51:59.000Z,https://adstransparency.google.com/advertiser/AR15908226811872411649/creative/CR05934235727381397505?region=US
airbnb.com,"Airbnb, Inc.",AR15908226811872411649,CR15483214062489174017,TEXT,2023-10-25T00:14:49.000Z,2026-10-02T08:51:53.000Z,https://adstransparency.google.com/advertiser/AR15908226811872411649/creative/CR15483214062489174017?region=US
airbnb.com,"Airbnb, Inc.",AR15908226811872411649,CR16927340912474849281,TEXT,2022-06-03T01:37:57.000Z,2026-10-02T08:51:52.000Z,https://adstransparency.google.com/advertiser/AR15908226811872411649/creative/CR16927340912474849281?region=US
airbnb.com,"Airbnb, Inc.",AR15908226811872411649,CR14656934630448431105,TEXT,2025-01-31T00:37:26.000Z,2026-10-02T08:51:49.000Z,https://adstransparency.google.com/advertiser/AR15908226811872411649/creative/CR14656934630448431105?region=US
airbnb.com,"Airbnb, Inc.",AR15908226811872411649,CR08162780036915527681,TEXT,2026-07-23T21:02:21.000Z,2026-10-02T08:51:46.000Z,https://adstransparency.google.com/advertiser/AR15908226811872411649/creative/CR08162780036915527681?region=US
airbnb.com,"Airbnb, Inc.",AR15908226811872411649,CR02003781678727692289,TEXT,2026-06-25T15:14:11.000Z,2026-10-02T08:51:35.000Z,https://adstransparency.google.com/advertiser/AR15908226811872411649/creative/CR02003781678727692289?region=US
airbnb.com,"Airbnb, Inc.",AR15908226811872411649,CR09181802130728550401,TEXT,2025-01-31T00:07:35.000Z,2026-10-02T08:51:21.000Z,https://adstransparency.google.com/advertiser/AR15908226811872411649/creative/CR09181802130728550401?region=US
airbnb.com,"Airbnb, Inc.",AR15908226811872411649,CR01736753185294385153,TEXT,2025-01-31T04:10:54.000Z,2026-10-02T08:51:03.000Z,https://adstransparency.google.com/advertiser/AR15908226811872411649/creative/CR01736753185294385153?region=US
airbnb.com,"Airbnb, Inc.",AR15908226811872411649,CR03739723209692413953,TEXT,2026-08-20T17:59:34.000Z,2026-10-02T08:50:55.000Z,https://adstransparency.google.com/advertiser/AR15908226811872411649/creative/CR03739723209692413953?region=US
airbnb.com,"Airbnb, Inc.",AR15908226811872411649,CR05077553295594094593,TEXT,2026-06-25T15:24:31.000Z,2026-10-02T08:50:51.000Z,https://adstransparency.google.com/advertiser/AR15908226811872411649/creative/CR05077553295594094593?region=US
airbnb.com,American Golf Tours & Academy,AR07448177545641459713,CR10866455971153051649,TEXT,2025-03-05T07:41:25.000Z,2026-10-02T08:50:49.000Z,https://adstransparency.google.com/advertiser/AR07448177545641459713/creative/CR10866455971153051649?region=US
airbnb.com,"Airbnb, Inc.",AR15908226811872411649,CR09167678543092514817,TEXT,2022-08-19T02:20:56.000Z,2026-10-02T08:50:24.000Z,https://adstransparency.google.com/advertiser/AR15908226811872411649/creative/CR09167678543092514817?region=US
airbnb.com,"Airbnb, Inc.",AR15908226811872411649,CR03892141909581234177,VIDEO,2026-08-20T23:16:01.000Z,2026-10-02T08:50:20.000Z,https://adstransparency.google.com/advertiser/AR15908226811872411649/creative/CR03892141909581234177?region=US
airbnb.com,"Airbnb, Inc.",AR15908226811872411649,CR02824889824115163137,TEXT,2025-02-19T02:41:43.000Z,2026-10-02T08:50:14.000Z,https://adstransparency.google.com/advertiser/AR15908226811872411649/creative/CR02824889824115163137?region=US
airbnb.com,"Airbnb, Inc.",AR15908226811872411649,CR04155651278610890753,TEXT,2026-06-25T15:58:26.000Z,2026-10-02T08:49:59.000Z,https://adstransparency.google.com/advertiser/AR15908226811872411649/creative/CR04155651278610890753?region=US
airbnb.com,"Airbnb, Inc.",AR15908226811872411649,CR10062354659307159553,TEXT,2021-10-25T07:00:00.000Z,2026-10-02T08:49:55.000Z,https://adstransparency.google.com/advertiser/AR15908226811872411649/creative/CR10062354659307159553?region=US
airbnb.com,"Airbnb, Inc.",AR15908226811872411649,CR16549452389644500993,TEXT,2022-06-04T21:25:07.000Z,2026-10-02T08:49:49.000Z,https://adstransparency.google.com/advertiser/AR15908226811872411649/creative/CR16549452389644500993?region=US
airbnb.com,"Airbnb, Inc.",AR15908226811872411649,CR07992393805200359425,TEXT,2026-06-25T15:36:41.000Z,2026-10-02T08:49:48.000Z,https://adstransparency.google.com/advertiser/AR15908226811872411649/creative/CR07992393805200359425?region=US
airbnb.com,"Airbnb, Inc.",AR15908226811872411649,CR12467001784847564801,TEXT,2026-05-08T17:19:23.000Z,2026-10-02T08:49:29.000Z,https://adstransparency.google.com/advertiser/AR15908226811872411649/creative/CR12467001784847564801?region=US
airbnb.com,"Airbnb, Inc.",AR15908226811872411649,CR14549532608070418433,TEXT,2026-06-25T15:30:50.000Z,2026-10-02T08:49:26.000Z,https://adstransparency.google.com/advertiser/AR15908226811872411649/creative/CR14549532608070418433?region=US
airbnb.com,"Airbnb, Inc.",AR15908226811872411649,CR02853501298513281025,TEXT,2022-10-21T01:30:42.000Z,2026-10-02T08:49:03.000Z,https://adstransparency.google.com/advertiser/AR15908226811872411649/creative/CR02853501298513281025?region=US
airbnb.com,"Airbnb, Inc.",AR15908226811872411649,CR02393140178009980929,TEXT,2022-10-21T07:11:57.000Z,2026-10-02T08:48:52.000Z,https://adstransparency.google.com/advertiser/AR15908226811872411649/creative/CR02393140178009980929?region=US
airbnb.com,"Airbnb, Inc.",AR15908226811872411649,CR08193928582855131137,TEXT,2025-08-12T15:58:44.000Z,2026-10-02T08:48:44.000Z,https://adstransparency.google.com/advertiser/AR15908226811872411649/creative/CR08193928582855131137?region=US
airbnb.com,"Airbnb, Inc.",AR15908226811872411649,CR16517783740345221121,TEXT,2025-02-19T02:08:29.000Z,2026-10-02T08:48:38.000Z,https://adstransparency.google.com/advertiser/AR15908226811872411649/creative/CR16517783740345221121?region=US
airbnb.com,"Airbnb, Inc.",AR15908226811872411649,CR07327279421759422465,TEXT,2022-12-06T15:55:50.000Z,2026-10-02T08:48:04.000Z,https://adstransparency.google.com/advertiser/AR15908226811872411649/creative/CR07327279421759422465?region=US
airbnb.com,"Airbnb, Inc.",AR15908226811872411649,CR01865563197281402881,TEXT,2024-05-18T04:01:11.000Z,2026-10-02T08:47:55.000Z,https://adstransparency.google.com/advertiser/AR15908226811872411649/creative/CR01865563197281402881?region=US
airbnb.com,"Airbnb, Inc.",AR15908226811872411649,CR14472128776181383169,TEXT,2026-06-25T16:42:36.000Z,2026-10-02T08:47:37.000Z,https://adstransparency.google.com/advertiser/AR15908226811872411649/creative/CR14472128776181383169?region=US
airbnb.com,"Airbnb, Inc.",AR15908226811872411649,CR12425550153530736641,TEXT,2022-09-29T00:34:16.000Z,2026-10-02T08:47:34.000Z,https://adstransparency.google.com/advertiser/AR15908226811872411649/creative/CR12425550153530736641?region=US
airbnb.com,"Airbnb, Inc.",AR15908226811872411649,CR09470538617236488193,TEXT,2026-08-01T00:29:46.000Z,2026-10-02T08:47:28.000Z,https://adstransparency.google.com/advertiser/AR15908226811872411649/creative/CR09470538617236488193?region=US
airbnb.com,"Airbnb, Inc.",AR15908226811872411649,CR16879979388978855937,TEXT,2026-06-25T15:26:47.000Z,2026-10-02T08:47:05.000Z,https://adstransparency.google.com/advertiser/AR15908226811872411649/creative/CR16879979388978855937?region=US
airbnb.com,"Airbnb, Inc.",AR15908226811872411649,CR03123348261155373057,TEXT,2026-08-01T03:59:40.000Z,2026-10-02T08:47:02.000Z,https://adstransparency.google.com/advertiser/AR15908226811872411649/creative/CR03123348261155373057?region=US
airbnb.com,"Airbnb, Inc.",AR15908226811872411649,CR12550573189773656065,TEXT,2026-06-25T15:34:39.000Z,2026-10-02T08:47:02.000Z,https://adstransparency.google.com/advertiser/AR15908226811872411649/creative/CR12550573189773656065?region=US
airbnb.com,"Airbnb, Inc.",AR15908226811872411649,CR06543098812477472769,TEXT,2025-02-01T20:41:04.000Z,2026-10-02T08:47:01.000Z,https://adstransparency.google.com/advertiser/AR15908226811872411649/creative/CR06543098812477472769?region=US
airbnb.com,"Airbnb, Inc.",AR15908226811872411649,CR13785101478186188801,TEXT,2026-02-19T16:56:22.000Z,2026-10-02T08:46:55.000Z,https://adstransparency.google.com/advertiser/AR15908226811872411649/creative/CR13785101478186188801?region=US
airbnb.com,JONATHAN ELIAS FORRESTER,AR09220146499235610625,CR12761891868568977409,IMAGE,2026-09-28T04:00:00.000Z,2026-10-02T08:46:49.000Z,https://adstransparency.google.com/advertiser/AR09220146499235610625/creative/CR12761891868568977409?region=US
airbnb.com,"Airbnb, Inc.",AR15908226811872411649,CR17525673476495507457,TEXT,2025-01-31T17:51:24.000Z,2026-10-02T08:46:42.000Z,https://adstransparency.google.com/advertiser/AR15908226811872411649/creative/CR17525673476495507457?region=US
airbnb.com,"Airbnb, Inc.",AR15908226811872411649,CR05773673065124724737,TEXT,2022-08-19T00:55:29.000Z,2026-10-02T08:46:02.000Z,https://adstransparency.google.com/advertiser/AR15908226811872411649/creative/CR05773673065124724737?region=US
airbnb.com,"Airbnb, Inc.",AR15908226811872411649,CR09279101075766378497,TEXT,2024-11-11T08:28:47.000Z,2026-10-02T08:46:01.000Z,https://adstransparency.google.com/advertiser/AR15908226811872411649/creative/CR09279101075766378497?region=US
airbnb.com,"Airbnb, Inc.",AR15908226811872411649,CR06530100746791157761,TEXT,2022-12-08T12:34:10.000Z,2026-10-02T08:45:55.000Z,https://adstransparency.google.com/advertiser/AR15908226811872411649/creative/CR06530100746791157761?region=US
airbnb.com,"Airbnb, Inc.",AR15908226811872411649,CR17066650238304911361,TEXT,2022-06-04T17:28:08.000Z,2026-10-02T08:45:55.000Z,https://adstransparency.google.com/advertiser/AR15908226811872411649/creative/CR17066650238304911361?region=US
airbnb.com,"Airbnb, Inc.",AR15908226811872411649,CR13776217089226309633,TEXT,2025-02-10T21:17:02.000Z,2026-10-02T08:45:40.000Z,https://adstransparency.google.com/advertiser/AR15908226811872411649/creative/CR13776217089226309633?region=US
airbnb.com,"Airbnb, Inc.",AR15908226811872411649,CR16570903638164111361,TEXT,2022-08-19T01:34:39.000Z,2026-10-02T08:45:33.000Z,https://adstransparency.google.com/advertiser/AR15908226811872411649/creative/CR16570903638164111361?region=US
airbnb.com,"Airbnb, Inc.",AR15908226811872411649,CR13700040716040798209,VIDEO,2026-08-20T23:15:24.000Z,2026-10-02T08:45:32.000Z,https://adstransparency.google.com/advertiser/AR15908226811872411649/creative/CR13700040716040798209?region=US
airbnb.com,"Airbnb, Inc.",AR15908226811872411649,CR05017815660625920001,TEXT,2026-02-19T20:06:25.000Z,2026-10-02T08:45:15.000Z,https://adstransparency.google.com/advertiser/AR15908226811872411649/creative/CR05017815660625920001?region=US
airbnb.com,"Airbnb, Inc.",AR15908226811872411649,CR00659115585438744577,TEXT,2026-03-10T11:24:09.000Z,2026-10-02T08:45:09.000Z,https://adstransparency.google.com/advertiser/AR15908226811872411649/creative/CR00659115585438744577?region=US
airbnb.com,"Airbnb, Inc.",AR15908226811872411649,CR07555094460053323777,VIDEO,2026-04-14T14:55:06.000Z,2026-10-02T08:45:09.000Z,https://adstransparency.google.com/advertiser/AR15908226811872411649/creative/CR07555094460053323777?region=US
airbnb.com,"Airbnb, Inc.",AR15908226811872411649,CR11758046170545389569,TEXT,2026-06-25T16:25:39.000Z,2026-10-02T08:44:38.000Z,https://adstransparency.google.com/advertiser/AR15908226811872411649/creative/CR11758046170545389569?region=US
airbnb.com,"Airbnb, Inc.",AR15908226811872411649,CR12580221014010494977,TEXT,2025-01-31T01:43:27.000Z,2026-10-02T08:44:38.000Z,https://adstransparency.google.com/advertiser/AR15908226811872411649/creative/CR12580221014010494977?region=US
airbnb.com,"Airbnb, Inc.",AR15908226811872411649,CR03250819067979759617,TEXT,2024-05-17T18:53:11.000Z,2026-10-02T08:44:32.000Z,https://adstransparency.google.com/advertiser/AR15908226811872411649/creative/CR03250819067979759617?region=US
airbnb.com,"Airbnb, Inc.",AR15908226811872411649,CR15932102638150090753,TEXT,2022-10-27T00:41:01.000Z,2026-10-02T08:44:28.000Z,https://adstransparency.google.com/advertiser/AR15908226811872411649/creative/CR15932102638150090753?region=US
airbnb.com,"Airbnb, Inc.",AR15908226811872411649,CR14534922778596868097,TEXT,2026-02-12T09:39:38.000Z,2026-10-02T08:44:24.000Z,https://adstransparency.google.com/advertiser/AR15908226811872411649/creative/CR14534922778596868097?region=US
airbnb.com,David MALDONADO-LOPEZ,AR12544998262093905921,CR08134915388610707457,TEXT,2026-08-19T20:03:37.000Z,2026-10-02T08:44:18.000Z,https://adstransparency.google.com/advertiser/AR12544998262093905921/creative/CR08134915388610707457?region=US
airbnb.com,"Airbnb, Inc.",AR15908226811872411649,CR08156611269877563393,TEXT,2025-10-29T13:03:19.000Z,2026-10-02T08:44:15.000Z,https://adstransparency.google.com/advertiser/AR15908226811872411649/creative/CR08156611269877563393?region=US
airbnb.com,"Airbnb, Inc.",AR15908226811872411649,CR10075408026992377857,TEXT,2024-05-20T04:29:52.000Z,2026-10-02T08:44:08.000Z,https://adstransparency.google.com/advertiser/AR15908226811872411649/creative/CR10075408026992377857?region=US
airbnb.com,"Airbnb, Inc.",AR15908226811872411649,CR17639711412324401153,TEXT,2026-05-08T17:44:39.000Z,2026-10-02T08:44:08.000Z,https://adstransparency.google.com/advertiser/AR15908226811872411649/creative/CR17639711412324401153?region=US
airbnb.com,"Airbnb, Inc.",AR15908226811872411649,CR10765297190545915905,TEXT,2026-02-19T16:28:08.000Z,2026-10-02T08:43:19.000Z,https://adstransparency.google.com/advertiser/AR15908226811872411649/creative/CR10765297190545915905?region=US
airbnb.com,"Airbnb, Inc.",AR15908226811872411649,CR10274279667225591809,TEXT,2024-01-23T20:14:20.000Z,2026-10-02T08:43:19.000Z,https://adstransparency.google.com/advertiser/AR15908226811872411649/creative/CR10274279667225591809?region=US
airbnb.com,"Airbnb, Inc.",AR15908226811872411649,CR01521945240708055041,VIDEO,2026-03-16T22:17:14.000Z,2026-10-02T08:43:12.000Z,https://adstransparency.google.com/advertiser/AR15908226811872411649/creative/CR01521945240708055041?region=US
airbnb.com,"Airbnb, Inc.",AR15908226811872411649,CR03402292376847253505,TEXT,2025-02-19T02:07:37.000Z,2026-10-02T08:42:54.000Z,https://adstransparency.google.com/advertiser/AR15908226811872411649/creative/CR03402292376847253505?region=US
airbnb.com,"Airbnb, Inc.",AR15908226811872411649,CR10080231833611534337,TEXT,2026-06-25T15:23:04.000Z,2026-10-02T08:42:48.000Z,https://adstransparency.google.com/advertiser/AR15908226811872411649/creative/CR10080231833611534337?region=US
airbnb.com,"Airbnb, Inc.",AR15908226811872411649,CR16214085864110686209,TEXT,2022-12-07T03:06:43.000Z,2026-10-02T08:42:37.000Z,https://adstransparency.google.com/advertiser/AR15908226811872411649/creative/CR16214085864110686209?region=US
airbnb.com,"Airbnb, Inc.",AR15908226811872411649,CR18014994247215742977,TEXT,2026-06-25T15:45:20.000Z,2026-10-02T08:42:06.000Z,https://adstransparency.google.com/advertiser/AR15908226811872411649/creative/CR18014994247215742977?region=US
airbnb.com,"Airbnb, Inc.",AR15908226811872411649,CR16869910087261487105,TEXT,2022-06-03T17:03:34.000Z,2026-10-02T08:41:51.000Z,https://adstransparency.google.com/advertiser/AR15908226811872411649/creative/CR16869910087261487105?region=US
airbnb.com,"Airbnb, Inc.",AR15908226811872411649,CR02826077081924796417,VIDEO,2026-03-16T22:17:09.000Z,2026-10-02T08:41:35.000Z,https://adstransparency.google.com/advertiser/AR15908226811872411649/creative/CR02826077081924796417?region=US
airbnb.com,"Airbnb, Inc.",AR15908226811872411649,CR05018271502684913665,TEXT,2022-06-08T20:24:11.000Z,2026-10-02T08:41:34.000Z,https://adstransparency.google.com/advertiser/AR15908226811872411649/creative/CR05018271502684913665?region=US
airbnb.com,"Airbnb, Inc.",AR15908226811872411649,CR05951769630719606785,TEXT,2026-07-29T01:52:37.000Z,2026-10-02T08:41:28.000Z,https://adstransparency.google.com/advertiser/AR15908226811872411649/creative/CR05951769630719606785?region=US
airbnb.com,"Airbnb, Inc.",AR15908226811872411649,CR15452796708961910785,TEXT,2025-10-29T19:24:12.000Z,2026-10-02T08:41:17.000Z,https://adstransparency.google.com/advertiser/AR15908226811872411649/creative/CR15452796708961910785?region=US
airbnb.com,"Airbnb, Inc.",AR15908226811872411649,CR04019613446550061057,VIDEO,2026-03-16T22:51:26.000Z,2026-10-02T08:41:17.000Z,https://adstransparency.google.com/advertiser/AR15908226811872411649/creative/CR04019613446550061057?region=US
airbnb.com,"Airbnb, Inc.",AR15908226811872411649,CR14821383147186290689,TEXT,2026-06-25T15:50:11.000Z,2026-10-02T08:41:07.000Z,https://adstransparency.google.com/advertiser/AR15908226811872411649/creative/CR14821383147186290689?region=US
airbnb.com,"Airbnb, Inc.",AR15908226811872411649,CR12745438879650152449,VIDEO,2026-03-16T22:40:19.000Z,2026-10-02T08:40:44.000Z,https://adstransparency.google.com/advertiser/AR15908226811872411649/creative/CR12745438879650152449?region=US
airbnb.com,"Airbnb, Inc.",AR15908226811872411649,CR12435519193531547649,TEXT,2026-06-25T15:20:39.000Z,2026-10-02T08:40:41.000Z,https://adstransparency.google.com/advertiser/AR15908226811872411649/creative/CR12435519193531547649?region=US
airbnb.com,"Airbnb, Inc.",AR15908226811872411649,CR11710831148383862785,VIDEO,2026-04-27T18:04:28.000Z,2026-10-02T08:40:30.000Z,https://adstransparency.google.com/advertiser/AR15908226811872411649/creative/CR11710831148383862785?region=US
airbnb.com,"Airbnb, Inc.",AR15908226811872411649,CR10316360476891545601,TEXT,2026-06-25T16:37:22.000Z,2026-10-02T08:40:28.000Z,https://adstransparency.google.com/advertiser/AR15908226811872411649/creative/CR10316360476891545601?region=US
airbnb.com,"Mazant Holdings, LLC",AR08325382198752444417,CR11057307953961893889,TEXT,2021-10-25T07:00:00.000Z,2026-10-02T08:40:22.000Z,https://adstransparency.google.com/advertiser/AR08325382198752444417/creative/CR11057307953961893889?region=US
airbnb.com,"Airbnb, Inc.",AR15908226811872411649,CR04321262185297739777,TEXT,2022-08-19T01:00:05.000Z,2026-10-02T08:40:08.000Z,https://adstransparency.google.com/advertiser/AR15908226811872411649/creative/CR04321262185297739777?region=US
airbnb.com,"Airbnb, Inc.",AR15908226811872411649,CR09680440446450401281,TEXT,2025-02-19T02:47:06.000Z,2026-10-02T08:39:54.000Z,https://adstransparency.google.com/advertiser/AR15908226811872411649/creative/CR09680440446450401281?region=US
airbnb.com,"Airbnb, Inc.",AR15908226811872411649,CR03250737480781004801,TEXT,2022-06-26T07:00:00.000Z,2026-10-02T08:39:35.000Z,https://adstransparency.google.com/advertiser/AR15908226811872411649/creative/CR03250737480781004801?region=US
airbnb.com,"Airbnb, Inc.",AR15908226811872411649,CR02327806243604791297,TEXT,2026-07-27T21:52:50.000Z,2026-10-02T08:39:26.000Z,https://adstransparency.google.com/advertiser/AR15908226811872411649/creative/CR02327806243604791297?region=US
airbnb.com,"Airbnb, Inc.",AR15908226811872411649,CR00848134613644607489,TEXT,2023-03-03T06:54:09.000Z,2026-10-02T08:38:48.000Z,https://adstransparency.google.com/advertiser/AR15908226811872411649/creative/CR00848134613644607489?region=US
airbnb.com,"Airbnb, Inc.",AR15908226811872411649,CR11705331743409045505,TEXT,2025-02-19T02:06:47.000Z,2026-10-02T08:38:44.000Z,https://adstransparency.google.com/advertiser/AR15908226811872411649/creative/CR11705331743409045505?region=US
airbnb.com,"Airbnb, Inc.",AR15908226811872411649,CR06913551965234397185,TEXT,2026-02-21T01:42:27.000Z,2026-10-02T08:38:38.000Z,https://adstransparency.google.com/advertiser/AR15908226811872411649/creative/CR06913551965234397185?region=US
airbnb.com,"Airbnb, Inc.",AR15908226811872411649,CR13131115329239384065,TEXT,2026-06-25T15:20:54.000Z,2026-10-02T08:38:08.000Z,https://adstransparency.google.com/advertiser/AR15908226811872411649/creative/CR13131115329239384065?region=US
airbnb.com,"Airbnb, Inc.",AR15908226811872411649,CR12160943789724139521,TEXT,2026-07-29T23:45:04.000Z,2026-10-02T08:37:38.000Z,https://adstransparency.google.com/advertiser/AR15908226811872411649/creative/CR12160943789724139521?region=US
airbnb.com,"Airbnb, Inc.",AR15908226811872411649,CR00146157745672814593,TEXT,2026-06-25T17:43:52.000Z,2026-10-02T08:37:25.000Z,https://adstransparency.google.com/advertiser/AR15908226811872411649/creative/CR00146157745672814593?region=US
airbnb.com,"Airbnb, Inc.",AR15908226811872411649,CR13530277769979625473,TEXT,2026-07-30T01:55:40.000Z,2026-10-02T08:37:23.000Z,https://adstransparency.google.com/advertiser/AR15908226811872411649/creative/CR13530277769979625473?region=US
airbnb.com,"Airbnb, Inc.",AR15908226811872411649,CR07810188648120320001,TEXT,2026-06-23T17:28:41.000Z,2026-10-02T08:37:22.000Z,https://adstransparency.google.com/advertiser/AR15908226811872411649/creative/CR07810188648120320001?region=US
airbnb.com,"Airbnb, Inc.",AR15908226811872411649,CR07071492481237385217,TEXT,2026-06-25T16:27:37.000Z,2026-10-02T08:37:09.000Z,https://adstransparency.google.com/advertiser/AR15908226811872411649/creative/CR07071492481237385217?region=US
airbnb.com,"Airbnb, Inc.",AR15908226811872411649,CR09384447140249468929,TEXT,2025-02-19T02:22:17.000Z,2026-10-02T08:36:37.000Z,https://adstransparency.google.com/advertiser/AR15908226811872411649/creative/CR09384447140249468929?region=US
airbnb.com,"Airbnb, Inc.",AR15908226811872411649,CR08874645233862705153,TEXT,2026-06-25T15:12:37.000Z,2026-10-02T08:36:37.000Z,https://adstransparency.google.com/advertiser/AR15908226811872411649/creative/CR08874645233862705153?region=US
airbnb.com,"Airbnb, Inc.",AR15908226811872411649,CR05402128028601942017,TEXT,2026-06-25T15:50:58.000Z,2026-10-02T08:36:25.000Z,https://adstransparency.google.com/advertiser/AR15908226811872411649/creative/CR05402128028601942017?region=US
airbnb.com,"Airbnb, Inc.",AR15908226811872411649,CR06226527699486113793,TEXT,2025-02-19T02:33:04.000Z,2026-10-02T08:36:11.000Z,https://adstransparency.google.com/advertiser/AR15908226811872411649/creative/CR06226527699486113793?region=US
airbnb.com,"Airbnb, Inc.",AR15908226811872411649,CR05532092493438386177,TEXT,2022-12-06T16:05:20.000Z,2026-10-02T08:35:58.000Z,https://adstransparency.google.com/advertiser/AR15908226811872411649/creative/CR05532092493438386177?region=US
hotels.com,"Hotels.com, L.P.",AR04047997193192210433,CR14410202082281783297,VIDEO,2026-08-21T00:41:23.000Z,2026-10-02T11:54:01.000Z,https://adstransparency.google.com/advertiser/AR04047997193192210433/creative/CR14410202082281783297?region=US
hotels.com,"Hotels.com, L.P.",AR04047997193192210433,CR11793577713430691841,VIDEO,2026-08-19T23:03:04.000Z,2026-10-02T11:43:36.000Z,https://adstransparency.google.com/advertiser/AR04047997193192210433/creative/CR11793577713430691841?region=US
hotels.com,"Hotels.com, L.P.",AR04047997193192210433,CR08885606540157911041,IMAGE,2026-05-11T05:30:00.000Z,2026-10-02T11:30:00.000Z,https://adstransparency.google.com/advertiser/AR04047997193192210433/creative/CR08885606540157911041?region=US
hotels.com,"Hotels.com, L.P.",AR04047997193192210433,CR04962958070578675713,IMAGE,2026-05-11T05:30:00.000Z,2026-10-02T11:30:00.000Z,https://adstransparency.google.com/advertiser/AR04047997193192210433/creative/CR04962958070578675713?region=US
hotels.com,"Hotels.com, L.P.",AR04047997193192210433,CR09907058004912504833,TEXT,2024-11-14T17:37:35.000Z,2026-10-02T11:23:06.000Z,https://adstransparency.google.com/advertiser/AR04047997193192210433/creative/CR09907058004912504833?region=US
hotels.com,"Hotels.com, L.P.",AR04047997193192210433,CR13489083467333369857,TEXT,2026-05-20T15:32:05.000Z,2026-10-02T11:13:26.000Z,https://adstransparency.google.com/advertiser/AR04047997193192210433/creative/CR13489083467333369857?region=US
hotels.com,"Hotels.com, L.P.",AR04047997193192210433,CR16788641987396894721,TEXT,2023-05-31T10:51:41.000Z,2026-10-02T11:06:19.000Z,https://adstransparency.google.com/advertiser/AR04047997193192210433/creative/CR16788641987396894721?region=US
hotels.com,"Hotels.com, L.P.",AR04047997193192210433,CR01550601709183565825,VIDEO,2026-09-17T22:10:19.000Z,2026-10-02T11:02:07.000Z,https://adstransparency.google.com/advertiser/AR04047997193192210433/creative/CR01550601709183565825?region=US
hotels.com,"Hotels.com, L.P.",AR04047997193192210433,CR08162408814302199809,IMAGE,2026-06-03T23:00:00.000Z,2026-10-02T11:00:00.000Z,https://adstransparency.google.com/advertiser/AR04047997193192210433/creative/CR08162408814302199809?region=US
hotels.com,"Hotels.com, L.P.",AR04047997193192210433,CR06228938138211844097,TEXT,2024-11-11T19:23:05.000Z,2026-10-02T10:59:00.000Z,https://adstransparency.google.com/advertiser/AR04047997193192210433/creative/CR06228938138211844097?region=US
hotels.com,"Hotels.com, L.P.",AR04047997193192210433,CR08521327196730556417,TEXT,2023-05-30T14:39:08.000Z,2026-10-02T10:50:41.000Z,https://adstransparency.google.com/advertiser/AR04047997193192210433/creative/CR08521327196730556417?region=US
hotels.com,"Hotels.com, L.P.",AR04047997193192210433,CR03115985656417878017,VIDEO,2026-08-19T22:11:22.000Z,2026-10-02T10:48:23.000Z,https://adstransparency.google.com/advertiser/AR04047997193192210433/creative/CR03115985656417878017?region=US
hotels.com,Lin Dai,AR11643944351372935169,CR09852777512440954881,TEXT,2026-08-15T12:32:46.000Z,2026-10-02T10:40:37.000Z,https://adstransparency.google.com/advertiser/AR11643944351372935169/creative/CR09852777512440954881?region=US
hotels.com,"Hotels.com, L.P.",AR04047997193192210433,CR03963397813613625345,TEXT,2022-10-20T18:16:00.000Z,2026-10-02T10:38:33.000Z,https://adstransparency.google.com/advertiser/AR04047997193192210433/creative/CR03963397813613625345?region=US
hotels.com,"Hotels.com, L.P.",AR04047997193192210433,CR16548827506262671361,TEXT,2023-05-30T13:13:03.000Z,2026-10-02T10:36:14.000Z,https://adstransparency.google.com/advertiser/AR04047997193192210433/creative/CR16548827506262671361?region=US
hotels.com,"Hotels.com, L.P.",AR04047997193192210433,CR12349926602765762561,TEXT,2022-08-24T22:08:58.000Z,2026-10-02T10:28:53.000Z,https://adstransparency.google.com/advertiser/AR04047997193192210433/creative/CR12349926602765762561?region=US
hotels.com,"Hotels.com, L.P.",AR04047997193192210433,CR07744870639453863937,TEXT,2022-11-01T10:12:44.000Z,2026-10-02T10:18:10.000Z,https://adstransparency.google.com/advertiser/AR04047997193192210433/creative/CR07744870639453863937?region=US
hotels.com,"Hotels.com, L.P.",AR04047997193192210433,CR03807597565713580033,TEXT,2022-11-01T10:51:40.000Z,2026-10-02T10:04:26.000Z,https://adstransparency.google.com/advertiser/AR04047997193192210433/creative/CR03807597565713580033?region=US
hotels.com,"Hotels.com, L.P.",AR04047997193192210433,CR08684057262693548033,IMAGE,2026-05-11T05:30:00.000Z,2026-10-02T10:00:00.000Z,https://adstransparency.google.com/advertiser/AR04047997193192210433/creative/CR08684057262693548033?region=US
hotels.com,"Hotels.com, L.P.",AR04047997193192210433,CR14024727796803174401,TEXT,2022-03-01T16:35:55.000Z,2026-10-02T09:54:33.000Z,https://adstransparency.google.com/advertiser/AR04047997193192210433/creative/CR14024727796803174401?region=US
hotels.com,"Hotels.com, L.P.",AR04047997193192210433,CR01892713059948953601,TEXT,2021-10-25T07:00:00.000Z,2026-10-02T09:50:28.000Z,https://adstransparency.google.com/advertiser/AR04047997193192210433/creative/CR01892713059948953601?region=US
hotels.com,"Hotels.com, L.P.",AR04047997193192210433,CR17228455434600316929,TEXT,2023-05-29T12:20:30.000Z,2026-10-02T09:49:01.000Z,https://adstransparency.google.com/advertiser/AR04047997193192210433/creative/CR17228455434600316929?region=US
hotels.com,"Hotels.com, L.P.",AR04047997193192210433,CR08000224758941614081,TEXT,2023-05-30T15:19:49.000Z,2026-10-02T09:48:21.000Z,https://adstransparency.google.com/advertiser/AR04047997193192210433/creative/CR08000224758941614081?region=US
hotels.com,"Hotels.com, L.P.",AR04047997193192210433,CR10590815887902638081,TEXT,2023-05-31T10:48:23.000Z,2026-10-02T09:45:59.000Z,https://adstransparency.google.com/advertiser/AR04047997193192210433/creative/CR10590815887902638081?region=US
hotels.com,"Hotels.com, L.P.",AR04047997193192210433,CR15862008960857931777,TEXT,2024-11-11T17:52:24.000Z,2026-10-02T09:45:19.000Z,https://adstransparency.google.com/advertiser/AR04047997193192210433/creative/CR15862008960857931777?region=US
hotels.com,"Hotels.com, L.P.",AR04047997193192210433,CR01735496572352856065,TEXT,2023-05-26T14:12:59.000Z,2026-10-02T09:41:31.000Z,https://adstransparency.google.com/advertiser/AR04047997193192210433/creative/CR01735496572352856065?region=US
hotels.com,"Hotels.com, L.P.",AR04047997193192210433,CR07246981486287519745,TEXT,2024-11-14T17:24:28.000Z,2026-10-02T09:40:35.000Z,https://adstransparency.google.com/advertiser/AR04047997193192210433/creative/CR07246981486287519745?region=US
hotels.com,"Hotels.com, L.P.",AR04047997193192210433,CR04026441611327045633,TEXT,2022-11-01T20:04:35.000Z,2026-10-02T09:36:55.000Z,https://adstransparency.google.com/advertiser/AR04047997193192210433/creative/CR04026441611327045633?region=US
hotels.com,"Hotels.com, L.P.",AR04047997193192210433,CR12643827847576682497,TEXT,2023-03-13T18:22:02.000Z,2026-10-02T09:28:52.000Z,https://adstransparency.google.com/advertiser/AR04047997193192210433/creative/CR12643827847576682497?region=US
hotels.com,"Hotels.com, L.P.",AR04047997193192210433,CR03526818528323698689,TEXT,2024-11-14T18:18:10.000Z,2026-10-02T09:25:49.000Z,https://adstransparency.google.com/advertiser/AR04047997193192210433/creative/CR03526818528323698689?region=US
hotels.com,"Hotels.com, L.P.",AR04047997193192210433,CR03002351877011537921,TEXT,2022-01-05T17:45:22.000Z,2026-10-02T09:24:09.000Z,https://adstransparency.google.com/advertiser/AR04047997193192210433/creative/CR03002351877011537921?region=US
hotels.com,"Hotels.com, L.P.",AR04047997193192210433,CR05810284465867456513,TEXT,2023-05-30T13:23:48.000Z,2026-10-02T09:21:22.000Z,https://adstransparency.google.com/advertiser/AR04047997193192210433/creative/CR05810284465867456513?region=US
hotels.com,"Hotels.com, L.P.",AR04047997193192210433,CR12632529609687040001,TEXT,2021-10-25T07:00:00.000Z,2026-10-02T09:18:59.000Z,https://adstransparency.google.com/advertiser/AR04047997193192210433/creative/CR12632529609687040001?region=US
hotels.com,"Hotels.com, L.P.",AR04047997193192210433,CR01766966905832210433,VIDEO,2026-10-01T07:00:46.000Z,2026-10-02T09:17:54.000Z,https://adstransparency.google.com/advertiser/AR04047997193192210433/creative/CR01766966905832210433?region=US
hotels.com,"Hotels.com, L.P.",AR04047997193192210433,CR07253642877484400641,TEXT,2024-12-04T18:28:42.000Z,2026-10-02T09:14:25.000Z,https://adstransparency.google.com/advertiser/AR04047997193192210433/creative/CR07253642877484400641?region=US
hotels.com,"Hotels.com, L.P.",AR04047997193192210433,CR05258796611928064001,TEXT,2023-05-30T13:19:55.000Z,2026-10-02T09:12:35.000Z,https://adstransparency.google.com/advertiser/AR04047997193192210433/creative/CR05258796611928064001?region=US
hotels.com,"Hotels.com, L.P.",AR04047997193192210433,CR00328091314790858753,TEXT,2022-10-20T20:56:14.000Z,2026-10-02T09:12:33.000Z,https://adstransparency.google.com/advertiser/AR04047997193192210433/creative/CR00328091314790858753?region=US
hotels.com,"Hotels.com, L.P.",AR04047997193192210433,CR14333928075899699201,TEXT,2024-12-04T18:29:31.000Z,2026-10-02T09:04:34.000Z,https://adstransparency.google.com/advertiser/AR04047997193192210433/creative/CR14333928075899699201?region=US
hotels.com,"Hotels.com, L.P.",AR04047997193192210433,CR16258093198537129985,TEXT,2022-01-07T00:30:25.000Z,2026-10-02T09:04:31.000Z,https://adstransparency.google.com/advertiser/AR04047997193192210433/creative/CR16258093198537129985?region=US
hotels.com,"Hotels.com, L.P.",AR04047997193192210433,CR12421502859818827777,VIDEO,2026-10-01T07:00:47.000Z,2026-10-02T09:02:58.000Z,https://adstransparency.google.com/advertiser/AR04047997193192210433/creative/CR12421502859818827777?region=US
hotels.com,"Hotels.com, L.P.",AR04047997193192210433,CR14080089762039857153,VIDEO,2026-10-01T07:00:55.000Z,2026-10-02T09:00:09.000Z,https://adstransparency.google.com/advertiser/AR04047997193192210433/creative/CR14080089762039857153?region=US
hotels.com,"Hotels.com, L.P.",AR04047997193192210433,CR00938449709930905601,VIDEO,2026-10-01T07:00:44.000Z,2026-10-02T09:00:03.000Z,https://adstransparency.google.com/advertiser/AR04047997193192210433/creative/CR00938449709930905601?region=US
hotels.com,"Hotels.com, L.P.",AR04047997193192210433,CR11186369805651279873,IMAGE,2026-05-11T05:30:00.000Z,2026-10-02T09:00:00.000Z,https://adstransparency.google.com/advertiser/AR04047997193192210433/creative/CR11186369805651279873?region=US
hotels.com,"Hotels.com, L.P.",AR04047997193192210433,CR01415942355466321921,IMAGE,2026-05-09T19:30:00.000Z,2026-10-02T09:00:00.000Z,https://adstransparency.google.com/advertiser/AR04047997193192210433/creative/CR01415942355466321921?region=US
hotels.com,"Hotels.com, L.P.",AR04047997193192210433,CR05729153813546270721,VIDEO,2026-10-01T07:00:42.000Z,2026-10-02T08:59:35.000Z,https://adstransparency.google.com/advertiser/AR04047997193192210433/creative/CR05729153813546270721?region=US
hotels.com,"Hotels.com, L.P.",AR04047997193192210433,CR11049430794962468865,TEXT,2024-11-14T22:04:56.000Z,2026-10-02T08:59:06.000Z,https://adstransparency.google.com/advertiser/AR04047997193192210433/creative/CR11049430794962468865?region=US
hotels.com,"Hotels.com, L.P.",AR04047997193192210433,CR16239565783364009985,VIDEO,2026-10-01T07:00:47.000Z,2026-10-02T08:58:44.000Z,https://adstransparency.google.com/advertiser/AR04047997193192210433/creative/CR16239565783364009985?region=US
hotels.com,"Hotels.com, L.P.",AR04047997193192210433,CR07739979788395216897,TEXT,2025-09-09T17:38:39.000Z,2026-10-02T08:57:33.000Z,https://adstransparency.google.com/advertiser/AR04047997193192210433/creative/CR07739979788395216897?region=US
hotels.com,"Hotels.com, L.P.",AR04047997193192210433,CR06006344981285961729,TEXT,2023-05-30T13:05:55.000Z,2026-10-02T08:57:17.000Z,https://adstransparency.google.com/advertiser/AR04047997193192210433/creative/CR06006344981285961729?region=US
hotels.com,"Hotels.com, L.P.",AR04047997193192210433,CR09247028072476049409,VIDEO,2026-10-01T07:00:41.000Z,2026-10-02T08:56:15.000Z,https://adstransparency.google.com/advertiser/AR04047997193192210433/creative/CR09247028072476049409?region=US
hotels.com,"Hotels.com, L.P.",AR04047997193192210433,CR10529051921723949057,TEXT,2023-05-26T13:47:55.000Z,2026-10-02T08:56:00.000Z,https://adstransparency.google.com/advertiser/AR04047997193192210433/creative/CR10529051921723949057?region=US
hotels.com,"Hotels.com, L.P.",AR04047997193192210433,CR17775719866808926209,VIDEO,2026-10-01T07:00:49.000Z,2026-10-02T08:55:50.000Z,https://adstransparency.google.com/advertiser/AR04047997193192210433/creative/CR17775719866808926209?region=US
hotels.com,"Hotels.com, L.P.",AR04047997193192210433,CR03054578584841617409,VIDEO,2026-10-01T07:00:46.000Z,2026-10-02T08:55:43.000Z,https://adstransparency.google.com/advertiser/AR04047997193192210433/creative/CR03054578584841617409?region=US
hotels.com,"Hotels.com, L.P.",AR04047997193192210433,CR15671919927449616385,TEXT,2024-12-04T18:33:45.000Z,2026-10-02T08:55:39.000Z,https://adstransparency.google.com/advertiser/AR04047997193192210433/creative/CR15671919927449616385?region=US
hotels.com,"Hotels.com, L.P.",AR04047997193192210433,CR17846652419933470721,VIDEO,2026-07-08T20:13:12.000Z,2026-10-02T08:55:25.000Z,https://adstransparency.google.com/advertiser/AR04047997193192210433/creative/CR17846652419933470721?region=US
hotels.com,"Hotels.com, L.P.",AR04047997193192210433,CR13842524881696063489,VIDEO,2026-10-01T07:00:50.000Z,2026-10-02T08:54:38.000Z,https://adstransparency.google.com/advertiser/AR04047997193192210433/creative/CR13842524881696063489?region=US
hotels.com,"Hotels.com, L.P.",AR04047997193192210433,CR08738149790216355841,TEXT,2023-05-29T12:26:18.000Z,2026-10-02T08:54:30.000Z,https://adstransparency.google.com/advertiser/AR04047997193192210433/creative/CR08738149790216355841?region=US
hotels.com,"Hotels.com, L.P.",AR04047997193192210433,CR15421768310437445633,TEXT,2026-05-24T12:54:05.000Z,2026-10-02T08:54:18.000Z,https://adstransparency.google.com/advertiser/AR04047997193192210433/creative/CR15421768310437445633?region=US
hotels.com,"Hotels.com, L.P.",AR04047997193192210433,CR15292683961709363201,VIDEO,2026-10-01T07:00:53.000Z,2026-10-02T08:53:54.000Z,https://adstransparency.google.com/advertiser/AR04047997193192210433/creative/CR15292683961709363201?region=US
hotels.com,"Hotels.com, L.P.",AR04047997193192210433,CR13719469086503600129,VIDEO,2026-07-13T21:31:00.000Z,2026-10-02T08:53:04.000Z,https://adstransparency.google.com/advertiser/AR04047997193192210433/creative/CR13719469086503600129?region=US
hotels.com,"Hotels.com, L.P.",AR04047997193192210433,CR13364017421287948289,VIDEO,2026-10-01T07:00:42.000Z,2026-10-02T08:52:48.000Z,https://adstransparency.google.com/advertiser/AR04047997193192210433/creative/CR13364017421287948289?region=US
hotels.com,"Hotels.com, L.P.",AR04047997193192210433,CR17985836538876919809,VIDEO,2026-10-01T07:00:49.000Z,2026-10-02T08:52:21.000Z,https://adstransparency.google.com/advertiser/AR04047997193192210433/creative/CR17985836538876919809?region=US
hotels.com,"Hotels.com, L.P.",AR04047997193192210433,CR15402454366493343745,TEXT,2024-11-20T13:51:11.000Z,2026-10-02T08:52:16.000Z,https://adstransparency.google.com/advertiser/AR04047997193192210433/creative/CR15402454366493343745?region=US
hotels.com,"Hotels.com, L.P.",AR04047997193192210433,CR15028097483601346561,VIDEO,2026-10-01T07:00:53.000Z,2026-10-02T08:51:45.000Z,https://adstransparency.google.com/advertiser/AR04047997193192210433/creative/CR15028097483601346561?region=US
hotels.com,"Hotels.com, L.P.",AR04047997193192210433,CR08479665601642496001,TEXT,2023-05-29T13:00:28.000Z,2026-10-02T08:51:35.000Z,https://adstransparency.google.com/advertiser/AR04047997193192210433/creative/CR08479665601642496001?region=US
hotels.com,"Hotels.com, L.P.",AR04047997193192210433,CR06484206040526094337,VIDEO,2026-10-01T07:00:56.000Z,2026-10-02T08:50:20.000Z,https://adstransparency.google.com/advertiser/AR04047997193192210433/creative/CR06484206040526094337?region=US
hotels.com,"Hotels.com, L.P.",AR04047997193192210433,CR03296220454301204481,VIDEO,2026-10-01T07:00:57.000Z,2026-10-02T08:49:34.000Z,https://adstransparency.google.com/advertiser/AR04047997193192210433/creative/CR03296220454301204481?region=US
hotels.com,"Hotels.com, L.P.",AR04047997193192210433,CR06596187597553270785,TEXT,2024-11-11T18:36:09.000Z,2026-10-02T08:49:16.000Z,https://adstransparency.google.com/advertiser/AR04047997193192210433/creative/CR06596187597553270785?region=US
hotels.com,"Hotels.com, L.P.",AR04047997193192210433,CR03184475610101579777,VIDEO,2026-07-13T21:43:58.000Z,2026-10-02T08:49:02.000Z,https://adstransparency.google.com/advertiser/AR04047997193192210433/creative/CR03184475610101579777?region=US
hotels.com,"Hotels.com, L.P.",AR04047997193192210433,CR04619824912733831169,TEXT,2023-05-30T14:32:57.000Z,2026-10-02T08:48:50.000Z,https://adstransparency.google.com/advertiser/AR04047997193192210433/creative/CR04619824912733831169?region=US
hotels.com,"Hotels.com, L.P.",AR04047997193192210433,CR18384968055852630017,VIDEO,2026-10-01T07:00:49.000Z,2026-10-02T08:48:29.000Z,https://adstransparency.google.com/advertiser/AR04047997193192210433/creative/CR18384968055852630017?region=US
hotels.com,"Hotels.com, L.P.",AR04047997193192210433,CR07177597629650436097,TEXT,2022-07-08T04:28:44.000Z,2026-10-02T08:48:20.000Z,https://adstransparency.google.com/advertiser/AR04047997193192210433/creative/CR07177597629650436097?region=US
hotels.com,"Hotels.com, L.P.",AR04047997193192210433,CR11296139514650558465,VIDEO,2026-10-01T07:00:46.000Z,2026-10-02T08:46:42.000Z,https://adstransparency.google.com/advertiser/AR04047997193192210433/creative/CR11296139514650558465?region=US
hotels.com,"Hotels.com, L.P.",AR04047997193192210433,CR15075222551967825921,VIDEO,2026-10-01T07:00:53.000Z,2026-10-02T08:46:16.000Z,https://adstransparency.google.com/advertiser/AR04047997193192210433/creative/CR15075222551967825921?region=US
hotels.com,"Hotels.com, L.P.",AR04047997193192210433,CR16983086332391718913,VIDEO,2026-10-01T07:00:52.000Z,2026-10-02T08:46:05.000Z,https://adstransparency.google.com/advertiser/AR04047997193192210433/creative/CR16983086332391718913?region=US
hotels.com,"Hotels.com, L.P.",AR04047997193192210433,CR08042851733828796417,VIDEO,2026-10-01T07:00:56.000Z,2026-10-02T08:46:04.000Z,https://adstransparency.google.com/advertiser/AR04047997193192210433/creative/CR08042851733828796417?region=US
hotels.com,"Hotels.com, L.P.",AR04047997193192210433,CR01285200492959367169,VIDEO,2026-10-01T07:00:50.000Z,2026-10-02T08:45:36.000Z,https://adstransparency.google.com/advertiser/AR04047997193192210433/creative/CR01285200492959367169?region=US
hotels.com,"Hotels.com, L.P.",AR04047997193192210433,CR04289404909624754177,VIDEO,2026-10-01T07:00:48.000Z,2026-10-02T08:45:34.000Z,https://adstransparency.google.com/advertiser/AR04047997193192210433/creative/CR04289404909624754177?region=US
hotels.com,"Hotels.com, L.P.",AR04047997193192210433,CR03010350136908840961,TEXT,2021-10-25T07:00:00.000Z,2026-10-02T08:44:55.000Z,https://adstransparency.google.com/advertiser/AR04047997193192210433/creative/CR03010350136908840961?region=US
hotels.com,"Hotels.com, L.P.",AR04047997193192210433,CR06590744319211077633,VIDEO,2026-10-01T07:00:45.000Z,2026-10-02T08:44:49.000Z,https://adstransparency.google.com/advertiser/AR04047997193192210433/creative/CR06590744319211077633?region=US
hotels.com,"Hotels.com, L.P.",AR04047997193192210433,CR01834943112707833857,VIDEO,2026-10-01T07:00:45.000Z,2026-10-02T08:44:47.000Z,https://adstransparency.google.com/advertiser/AR04047997193192210433/creative/CR01834943112707833857?region=US
hotels.com,"Hotels.com, L.P.",AR04047997193192210433,CR09158618541509836801,VIDEO,2026-10-01T07:00:54.000Z,2026-10-02T08:44:22.000Z,https://adstransparency.google.com/advertiser/AR04047997193192210433/creative/CR09158618541509836801?region=US
hotels.com,"Hotels.com, L.P.",AR04047997193192210433,CR15633105955808346113,VIDEO,2026-10-01T07:00:50.000Z,2026-10-02T08:44:09.000Z,https://adstransparency.google.com/advertiser/AR04047997193192210433/creative/CR15633105955808346113?region=US
hotels.com,"Hotels.com, L.P.",AR04047997193192210433,CR00262883377546264577,VIDEO,2026-10-01T07:00:41.000Z,2026-10-02T08:44:00.000Z,https://adstransparency.google.com/advertiser/AR04047997193192210433/creative/CR00262883377546264577?region=US
hotels.com,"Hotels.com, L.P.",AR04047997193192210433,CR14758055331875520513,VIDEO,2026-03-17T21:57:04.000Z,2026-10-02T08:43:53.000Z,https://adstransparency.google.com/advertiser/AR04047997193192210433/creative/CR14758055331875520513?region=US
hotels.com,"Hotels.com, L.P.",AR04047997193192210433,CR16968726710532964353,VIDEO,2026-10-01T07:00:39.000Z,2026-10-02T08:43:52.000Z,https://adstransparency.google.com/advertiser/AR04047997193192210433/creative/CR16968726710532964353?region=US
hotels.com,"Hotels.com, L.P.",AR04047997193192210433,CR06090593960252669953,TEXT,2023-05-31T10:47:48.000Z,2026-10-02T08:43:26.000Z,https://adstransparency.google.com/advertiser/AR04047997193192210433/creative/CR06090593960252669953?region=US
hotels.com,"Hotels.com, L.P.",AR04047997193192210433,CR03154194338318123009,VIDEO,2026-10-01T07:00:39.000Z,2026-10-02T08:43:17.000Z,https://adstransparency.google.com/advertiser/AR04047997193192210433/creative/CR03154194338318123009?region=US
hotels.com,"Hotels.com, L.P.",AR04047997193192210433,CR14100918910316445697,VIDEO,2026-10-01T07:00:43.000Z,2026-10-02T08:43:14.000Z,https://adstransparency.google.com/advertiser/AR04047997193192210433/creative/CR14100918910316445697?region=US
hotels.com,"Hotels.com, L.P.",AR04047997193192210433,CR09425813310307041281,TEXT,2024-11-14T17:27:40.000Z,2026-10-02T08:42:56.000Z,https://adstransparency.google.com/advertiser/AR04047997193192210433/creative/CR09425813310307041281?region=US
hotels.com,"Hotels.com, L.P.",AR04047997193192210433,CR09486558879610306561,VIDEO,2026-10-01T07:00:45.000Z,2026-10-02T08:42:30.000Z,https://adstransparency.google.com/advertiser/AR04047997193192210433/creative/CR09486558879610306561?region=US
hotels.com,"Hotels.com, L.P.",AR04047997193192210433,CR17176455243345428481,VIDEO,2026-10-01T07:00:46.000Z,2026-10-02T08:42:29.000Z,https://adstransparency.google.com/advertiser/AR04047997193192210433/creative/CR17176455243345428481?region=US
hotels.com,"Hotels.com, L.P.",AR04047997193192210433,CR16708080882098896897,VIDEO,2026-10-01T07:00:45.000Z,2026-10-02T08:42:27.000Z,https://adstransparency.google.com/advertiser/AR04047997193192210433/creative/CR16708080882098896897?region=US
hotels.com,"Hotels.com, L.P.",AR04047997193192210433,CR04540740073594814465,VIDEO,2026-10-01T07:00:43.000Z,2026-10-02T08:42:19.000Z,https://adstransparency.google.com/advertiser/AR04047997193192210433/creative/CR04540740073594814465?region=US
hotels.com,"Hotels.com, L.P.",AR04047997193192210433,CR02123173488859545601,VIDEO,2026-10-01T07:00:52.000Z,2026-10-02T08:42:12.000Z,https://adstransparency.google.com/advertiser/AR04047997193192210433/creative/CR02123173488859545601?region=US
hotels.com,"Hotels.com, L.P.",AR04047997193192210433,CR00879590816681558017,TEXT,2022-11-01T09:27:37.000Z,2026-10-02T08:42:11.000Z,https://adstransparency.google.com/advertiser/AR04047997193192210433/creative/CR00879590816681558017?region=US
hotels.com,"Hotels.com, L.P.",AR04047997193192210433,CR14274307495970209793,VIDEO,2026-10-01T07:00:46.000Z,2026-10-02T08:42:11.000Z,https://adstransparency.google.com/advertiser/AR04047997193192210433/creative/CR14274307495970209793?region=US
hotels.com,"Hotels.com, L.P.",AR04047997193192210433,CR10150839824647454721,VIDEO,2026-10-01T07:00:56.000Z,2026-10-02T08:42:09.000Z,https://adstransparency.google.com/advertiser/AR04047997193192210433/creative/CR10150839824647454721?region=US
hotels.com,"Hotels.com, L.P.",AR04047997193192210433,CR16599691025832738817,VIDEO,2026-10-01T07:00:43.000Z,2026-10-02T08:41:54.000Z,https://adstransparency.google.com/advertiser/AR04047997193192210433/creative/CR16599691025832738817?region=US
hotels.com,"Hotels.com, L.P.",AR04047997193192210433,CR18365405544971239425,VIDEO,2026-10-01T07:00:45.000Z,2026-10-02T08:41:45.000Z,https://adstransparency.google.com/advertiser/AR04047997193192210433/creative/CR18365405544971239425?region=US
hotels.com,"Hotels.com, L.P.",AR04047997193192210433,CR13868561317041799169,VIDEO,2026-10-01T07:00:42.000Z,2026-10-02T08:41:45.000Z,https://adstransparency.google.com/advertiser/AR04047997193192210433/creative/CR13868561317041799169?region=US
hotels.com,"Hotels.com, L.P.",AR04047997193192210433,CR07297105773266468865,VIDEO,2026-10-01T07:00:58.000Z,2026-10-02T08:40:49.000Z,https://adstransparency.google.com/advertiser/AR04047997193192210433/creative/CR07297105773266468865?region=US
hotels.com,"Hotels.com, L.P.",AR04047997193192210433,CR13290747177593733121,TEXT,2024-11-14T00:18:26.000Z,2026-10-02T08:40:36.000Z,https://adstransparency.google.com/advertiser/AR04047997193192210433/creative/CR13290747177593733121?region=US
hotels.com,"Hotels.com, L.P.",AR04047997193192210433,CR10078026866121244673,VIDEO,2026-09-17T21:14:27.000Z,2026-10-02T08:40:09.000Z,https://adstransparency.google.com/advertiser/AR04047997193192210433/creative/CR10078026866121244673?region=US
hotels.com,"Hotels.com, L.P.",AR04047997193192210433,CR12283553732951539713,VIDEO,2026-10-01T07:00:45.000Z,2026-10-02T08:40:04.000Z,https://adstransparency.google.com/advertiser/AR04047997193192210433/creative/CR12283553732951539713?region=US
hotels.com,"Hotels.com, L.P.",AR04047997193192210433,CR06440999631601008641,VIDEO,2026-10-01T07:00:47.000Z,2026-10-02T08:40:02.000Z,https://adstransparency.google.com/advertiser/AR04047997193192210433/creative/CR06440999631601008641?region=US
hotels.com,"Hotels.com, L.P.",AR04047997193192210433,CR13817895821233881089,VIDEO,2026-10-01T07:00:43.000Z,2026-10-02T08:39:54.000Z,https://adstransparency.google.com/advertiser/AR04047997193192210433/creative/CR13817895821233881089?region=US
hotels.com,"Hotels.com, L.P.",AR04047997193192210433,CR07155383122492653569,VIDEO,2026-10-01T07:00:44.000Z,2026-10-02T08:38:29.000Z,https://adstransparency.google.com/advertiser/AR04047997193192210433/creative/CR07155383122492653569?region=US
hotels.com,"Hotels.com, L.P.",AR04047997193192210433,CR04226354514841567233,VIDEO,2026-10-01T07:00:50.000Z,2026-10-02T08:38:15.000Z,https://adstransparency.google.com/advertiser/AR04047997193192210433/creative/CR04226354514841567233?region=US
hotels.com,"Hotels.com, L.P.",AR04047997193192210433,CR06798169386814275585,VIDEO,2026-10-01T07:00:46.000Z,2026-10-02T08:38:13.000Z,https://adstransparency.google.com/advertiser/AR04047997193192210433/creative/CR06798169386814275585?region=US
hotels.com,"Hotels.com, L.P.",AR04047997193192210433,CR09746641758090952705,VIDEO,2026-10-01T07:00:47.000Z,2026-10-02T08:37:54.000Z,https://adstransparency.google.com/advertiser/AR04047997193192210433/creative/CR09746641758090952705?region=US
hotels.com,"Hotels.com, L.P.",AR04047997193192210433,CR04684595776926515201,VIDEO,2026-10-01T07:00:44.000Z,2026-10-02T08:37:24.000Z,https://adstransparency.google.com/advertiser/AR04047997193192210433/creative/CR04684595776926515201?region=US
hotels.com,"Hotels.com, L.P.",AR04047997193192210433,CR03707656288075776001,TEXT,2021-11-04T20:53:57.000Z,2026-10-02T08:37:05.000Z,https://adstransparency.google.com/advertiser/AR04047997193192210433/creative/CR03707656288075776001?region=US
hotels.com,"Hotels.com, L.P.",AR04047997193192210433,CR12010263520798048257,VIDEO,2026-10-01T07:00:41.000Z,2026-10-02T08:36:04.000Z,https://adstransparency.google.com/advertiser/AR04047997193192210433/creative/CR12010263520798048257?region=US
hotels.com,"Hotels.com, L.P.",AR04047997193192210433,CR13268012463997059073,VIDEO,2026-10-01T07:00:45.000Z,2026-10-02T08:36:02.000Z,https://adstransparency.google.com/advertiser/AR04047997193192210433/creative/CR13268012463997059073?region=US
hotels.com,"Hotels.com, L.P.",AR04047997193192210433,CR04033121943329701889,VIDEO,2026-10-01T07:00:53.000Z,2026-10-02T08:35:52.000Z,https://adstransparency.google.com/advertiser/AR04047997193192210433/creative/CR04033121943329701889?region=US
hotels.com,"Hotels.com, L.P.",AR04047997193192210433,CR10423052764513828865,TEXT,2024-11-13T14:54:43.000Z,2026-10-02T08:35:22.000Z,https://adstransparency.google.com/advertiser/AR04047997193192210433/creative/CR10423052764513828865?region=US
hotels.com,"Hotels.com, L.P.",AR04047997193192210433,CR17327888780815761409,VIDEO,2026-10-01T07:00:47.000Z,2026-10-02T08:35:09.000Z,https://adstransparency.google.com/advertiser/AR04047997193192210433/creative/CR17327888780815761409?region=US
hotels.com,"Hotels.com, L.P.",AR04047997193192210433,CR10823565018985922561,VIDEO,2026-10-01T07:00:49.000Z,2026-10-02T08:34:33.000Z,https://adstransparency.google.com/advertiser/AR04047997193192210433/creative/CR10823565018985922561?region=US
hotels.com,"Hotels.com, L.P.",AR04047997193192210433,CR04145448076993101825,TEXT,2022-08-25T03:01:49.000Z,2026-10-02T08:34:28.000Z,https://adstransparency.google.com/advertiser/AR04047997193192210433/creative/CR04145448076993101825?region=US
hotels.com,"Hotels.com, L.P.",AR04047997193192210433,CR16387240648924725249,TEXT,2024-11-11T17:56:08.000Z,2026-10-02T08:34:27.000Z,https://adstransparency.google.com/advertiser/AR04047997193192210433/creative/CR16387240648924725249?region=US
hotels.com,"Hotels.com, L.P.",AR04047997193192210433,CR10528022297804013569,TEXT,2021-10-25T07:00:00.000Z,2026-10-02T08:34:24.000Z,https://adstransparency.google.com/advertiser/AR04047997193192210433/creative/CR10528022297804013569?region=US
hotels.com,"Hotels.com, L.P.",AR04047997193192210433,CR15607935978574970881,TEXT,2024-11-11T17:59:03.000Z,2026-10-02T08:34:08.000Z,https://adstransparency.google.com/advertiser/AR04047997193192210433/creative/CR15607935978574970881?region=US
hotels.com,"Hotels.com, L.P.",AR04047997193192210433,CR16486674312967749633,TEXT,2023-05-30T08:43:04.000Z,2026-10-02T08:33:39.000Z,https://adstransparency.google.com/advertiser/AR04047997193192210433/creative/CR16486674312967749633?region=US
hotels.com,"Hotels.com, L.P.",AR04047997193192210433,CR12367070617562775553,TEXT,2025-03-15T11:22:31.000Z,2026-10-02T08:32:14.000Z,https://adstransparency.google.com/advertiser/AR04047997193192210433/creative/CR12367070617562775553?region=US
hotels.com,"Hotels.com, L.P.",AR04047997193192210433,CR12120055881454845953,TEXT,2025-07-15T16:44:17.000Z,2026-10-02T08:31:22.000Z,https://adstransparency.google.com/advertiser/AR04047997193192210433/creative/CR12120055881454845953?region=US
hotels.com,"Hotels.com, L.P.",AR04047997193192210433,CR11645736967643070465,IMAGE,2026-05-11T05:30:00.000Z,2026-10-02T08:30:00.000Z,https://adstransparency.google.com/advertiser/AR04047997193192210433/creative/CR11645736967643070465?region=US
hotels.com,"Hotels.com, L.P.",AR04047997193192210433,CR04491219203751149569,IMAGE,2026-05-11T05:30:00.000Z,2026-10-02T08:30:00.000Z,https://adstransparency.google.com/advertiser/AR04047997193192210433/creative/CR04491219203751149569?region=US
hotels.com,"Hotels.com, L.P.",AR04047997193192210433,CR14945186644645380097,IMAGE,2026-05-11T06:00:00.000Z,2026-10-02T08:30:00.000Z,https://adstransparency.google.com/advertiser/AR04047997193192210433/creative/CR14945186644645380097?region=US
hotels.com,"Hotels.com, L.P.",AR04047997193192210433,CR03842700857409798145,IMAGE,2026-05-11T06:00:00.000Z,2026-10-02T08:30:00.000Z,https://adstransparency.google.com/advertiser/AR04047997193192210433/creative/CR03842700857409798145?region=US
hotels.com,"Hotels.com, L.P.",AR04047997193192210433,CR11370121142367944705,TEXT,2023-03-14T18:56:27.000Z,2026-10-02T08:29:11.000Z,https://adstransparency.google.com/advertiser/AR04047997193192210433/creative/CR11370121142367944705?region=US
hotels.com,"Hotels.com, L.P.",AR04047997193192210433,CR11138701363792314369,TEXT,2022-01-05T18:51:03.000Z,2026-10-02T08:27:38.000Z,https://adstransparency.google.com/advertiser/AR04047997193192210433/creative/CR11138701363792314369?region=US
hotels.com,"Hotels.com, L.P.",AR04047997193192210433,CR17435411234076753921,TEXT,2024-11-14T19:17:09.000Z,2026-10-02T08:27:25.000Z,https://adstransparency.google.com/advertiser/AR04047997193192210433/creative/CR17435411234076753921?region=US
hotels.com,"Hotels.com, L.P.",AR04047997193192210433,CR06486598577828134913,VIDEO,2026-10-01T07:00:44.000Z,2026-10-02T08:25:51.000Z,https://adstransparency.google.com/advertiser/AR04047997193192210433/creative/CR06486598577828134913?region=US
hotels.com,"Hotels.com, L.P.",AR04047997193192210433,CR01748279133760126977,TEXT,2024-11-11T21:17:28.000Z,2026-10-02T08:24:33.000Z,https://adstransparency.google.com/advertiser/AR04047997193192210433/creative/CR01748279133760126977?region=US
hotels.com,"Hotels.com, L.P.",AR04047997193192210433,CR16162582377233645569,VIDEO,2026-10-01T07:00:47.000Z,2026-10-02T08:23:15.000Z,https://adstransparency.google.com/advertiser/AR04047997193192210433/creative/CR16162582377233645569?region=US
hotels.com,"Hotels.com, L.P.",AR04047997193192210433,CR10651928393441869825,TEXT,2022-12-28T10:16:16.000Z,2026-10-02T08:22:48.000Z,https://adstransparency.google.com/advertiser/AR04047997193192210433/creative/CR10651928393441869825?region=US
hotels.com,"Hotels.com, L.P.",AR04047997193192210433,CR06056345074990579713,TEXT,2024-11-11T18:08:33.000Z,2026-10-02T08:22:38.000Z,https://adstransparency.google.com/advertiser/AR04047997193192210433/creative/CR06056345074990579713?region=US
hotels.com,"Hotels.com, L.P.",AR04047997193192210433,CR02627013697171619841,VIDEO,2026-10-01T07:00:53.000Z,2026-10-02T08:22:00.000Z,https://adstransparency.google.com/advertiser/AR04047997193192210433/creative/CR02627013697171619841?region=US
hotels.com,"Hotels.com, L.P.",AR04047997193192210433,CR15847026938108444673,VIDEO,2026-10-01T07:00:47.000Z,2026-10-02T08:19:53.000Z,https://adstransparency.google.com/advertiser/AR04047997193192210433/creative/CR15847026938108444673?region=US
hotels.com,"Hotels.com, L.P.",AR04047997193192210433,CR11301004613085298689,TEXT,2025-07-06T10:34:43.000Z,2026-10-02T08:19:30.000Z,https://adstransparency.google.com/advertiser/AR04047997193192210433/creative/CR11301004613085298689?region=US
hotels.com,"Hotels.com, L.P.",AR04047997193192210433,CR03583733296036577281,VIDEO,2026-08-20T20:09:23.000Z,2026-10-02T08:18:10.000Z,https://adstransparency.google.com/advertiser/AR04047997193192210433/creative/CR03583733296036577281?region=US
hotels.com,"Hotels.com, L.P.",AR04047997193192210433,CR01076500979710427137,TEXT,2023-03-13T21:32:43.000Z,2026-10-02T08:16:13.000Z,https://adstransparency.google.com/advertiser/AR04047997193192210433/creative/CR01076500979710427137?region=US
hotels.com,"Hotels.com, L.P.",AR04047997193192210433,CR12152345445586173953,TEXT,2025-06-18T00:44:40.000Z,2026-10-02T08:13:42.000Z,https://adstransparency.google.com/advertiser/AR04047997193192210433/creative/CR12152345445586173953?region=US
hotels.com,"Hotels.com, L.P.",AR04047997193192210433,CR00419548193773060097,TEXT,2024-11-11T18:27:27.000Z,2026-10-02T08:13:05.000Z,https://adstransparency.google.com/advertiser/AR04047997193192210433/creative/CR00419548193773060097?region=US
hotels.com,"Hotels.com, L.P.",AR04047997193192210433,CR12241429801813934081,TEXT,2024-11-11T19:16:16.000Z,2026-10-02T08:05:33.000Z,https://adstransparency.google.com/advertiser/AR04047997193192210433/creative/CR12241429801813934081?region=US
hotels.com,"Hotels.com, L.P.",AR04047997193192210433,CR03985471196735995905,TEXT,2023-05-31T10:49:31.000Z,2026-10-02T08:01:33.000Z,https://adstransparency.google.com/advertiser/AR04047997193192210433/creative/CR03985471196735995905?region=US
hotels.com,"Hotels.com, L.P.",AR04047997193192210433,CR16601411649861058561,TEXT,2023-05-30T08:47:42.000Z,2026-10-02T08:00:22.000Z,https://adstransparency.google.com/advertiser/AR04047997193192210433/creative/CR16601411649861058561?region=US
hotels.com,"Hotels.com, L.P.",AR04047997193192210433,CR13713948576059490305,IMAGE,2026-06-03T23:30:00.000Z,2026-10-02T08:00:00.000Z,https://adstransparency.google.com/advertiser/AR04047997193192210433/creative/CR13713948576059490305?region=US
hotels.com,"Hotels.com, L.P.",AR04047997193192210433,CR12595433539064823809,IMAGE,2026-05-11T05:30:00.000Z,2026-10-02T08:00:00.000Z,https://adstransparency.google.com/advertiser/AR04047997193192210433/creative/CR12595433539064823809?region=US
hotels.com,"Hotels.com, L.P.",AR04047997193192210433,CR12991750306273427457,IMAGE,2026-05-11T05:30:00.000Z,2026-10-02T08:00:00.000Z,https://adstransparency.google.com/advertiser/AR04047997193192210433/creative/CR12991750306273427457?region=US
hotels.com,"Hotels.com, L.P.",AR04047997193192210433,CR04574728761148178433,IMAGE,2026-06-03T23:00:00.000Z,2026-10-02T08:00:00.000Z,https://adstransparency.google.com/advertiser/AR04047997193192210433/creative/CR04574728761148178433?region=US
hotels.com,"Hotels.com, L.P.",AR04047997193192210433,CR04651096990522802177,IMAGE,2026-05-11T06:00:00.000Z,2026-10-02T08:00:00.000Z,https://adstransparency.google.com/advertiser/AR04047997193192210433/creative/CR04651096990522802177?region=US
hotels.com,"Hotels.com, L.P.",AR04047997193192210433,CR04868815883553734657,TEXT,2021-10-25T07:00:00.000Z,2026-10-02T07:58:28.000Z,https://adstransparency.google.com/advertiser/AR04047997193192210433/creative/CR04868815883553734657?region=US
hotels.com,"Hotels.com, L.P.",AR04047997193192210433,CR16272800618257580033,VIDEO,2026-07-13T21:35:40.000Z,2026-10-02T07:58:18.000Z,https://adstransparency.google.com/advertiser/AR04047997193192210433/creative/CR16272800618257580033?region=US
hotels.com,"Hotels.com, L.P.",AR04047997193192210433,CR13944716954125205505,TEXT,2022-11-01T14:50:51.000Z,2026-10-02T07:54:08.000Z,https://adstransparency.google.com/advertiser/AR04047997193192210433/creative/CR13944716954125205505?region=US
hotels.com,"Hotels.com, L.P.",AR04047997193192210433,CR11164418030232928257,TEXT,2024-11-14T20:24:31.000Z,2026-10-02T07:45:09.000Z,https://adstransparency.google.com/advertiser/AR04047997193192210433/creative/CR11164418030232928257?region=US
hotels.com,"Hotels.com, L.P.",AR04047997193192210433,CR16437365528609161217,TEXT,2025-03-31T07:29:57.000Z,2026-10-02T07:44:32.000Z,https://adstransparency.google.com/advertiser/AR04047997193192210433/creative/CR16437365528609161217?region=US
hotels.com,"Hotels.com, L.P.",AR04047997193192210433,CR10170802557761355777,VIDEO,2026-10-01T07:00:45.000Z,2026-10-02T07:43:49.000Z,https://adstransparency.google.com/advertiser/AR04047997193192210433/creative/CR10170802557761355777?region=US
hotels.com,"Hotels.com, L.P.",AR04047997193192210433,CR07297527985731534849,VIDEO,2026-10-01T07:00:43.000Z,2026-10-02T07:43:18.000Z,https://adstransparency.google.com/advertiser/AR04047997193192210433/creative/CR07297527985731534849?region=US
hotels.com,"Hotels.com, L.P.",AR04047997193192210433,CR12206992539286241281,VIDEO,2026-10-01T07:00:45.000Z,2026-10-02T07:39:52.000Z,https://adstransparency.google.com/advertiser/AR04047997193192210433/creative/CR12206992539286241281?region=US
hotels.com,"Hotels.com, L.P.",AR04047997193192210433,CR06621403101439983617,VIDEO,2026-10-01T07:00:49.000Z,2026-10-02T07:38:25.000Z,https://adstransparency.google.com/advertiser/AR04047997193192210433/creative/CR06621403101439983617?region=US
hotels.com,"Hotels.com, L.P.",AR04047997193192210433,CR04374356210233638913,TEXT,2024-11-11T18:13:41.000Z,2026-10-02T07:38:17.000Z,https://adstransparency.google.com/advertiser/AR04047997193192210433/creative/CR04374356210233638913?region=US
hotels.com,"Hotels.com, L.P.",AR04047997193192210433,CR14365790050266906625,TEXT,2023-06-01T10:25:54.000Z,2026-10-02T07:37:54.000Z,https://adstransparency.google.com/advertiser/AR04047997193192210433/creative/CR14365790050266906625?region=US
hotels.com,"Hotels.com, L.P.",AR04047997193192210433,CR11278710056327053313,VIDEO,2026-10-01T07:00:53.000Z,2026-10-02T07:36:35.000Z,https://adstransparency.google.com/advertiser/AR04047997193192210433/creative/CR11278710056327053313?region=US
hotels.com,"Hotels.com, L.P.",AR04047997193192210433,CR05774367269278711809,TEXT,2023-04-18T13:49:51.000Z,2026-10-02T07:35:10.000Z,https://adstransparency.google.com/advertiser/AR04047997193192210433/creative/CR05774367269278711809?region=US
hotels.com,"Hotels.com, L.P.",AR04047997193192210433,CR08896305853448060929,VIDEO,2026-10-01T07:00:52.000Z,2026-10-02T07:34:27.000Z,https://adstransparency.google.com/advertiser/AR04047997193192210433/creative/CR08896305853448060929?region=US
hotels.com,"Hotels.com, L.P.",AR04047997193192210433,CR06874828059057324033,TEXT,2024-12-05T01:45:30.000Z,2026-10-02T07:33:28.000Z,https://adstransparency.google.com/advertiser/AR04047997193192210433/creative/CR06874828059057324033?region=US
hotels.com,"Hotels.com, L.P.",AR04047997193192210433,CR03810049760111362049,IMAGE,2026-05-11T05:30:00.000Z,2026-10-02T07:30:00.000Z,https://adstransparency.google.com/advertiser/AR04047997193192210433/creative/CR03810049760111362049?region=US
hotels.com,"Hotels.com, L.P.",AR04047997193192210433,CR07619373765238980609,IMAGE,2026-05-11T06:00:00.000Z,2026-10-02T07:30:00.000Z,https://adstransparency.google.com/advertiser/AR04047997193192210433/creative/CR07619373765238980609?region=US
hotels.com,"Hotels.com, L.P.",AR04047997193192210433,CR06487426544443588609,IMAGE,2026-05-11T06:00:00.000Z,2026-10-02T07:30:00.000Z,https://adstransparency.google.com/advertiser/AR04047997193192210433/creative/CR06487426544443588609?region=US
hotels.com,"Hotels.com, L.P.",AR04047997193192210433,CR08577710685578854401,TEXT,2024-11-12T00:18:56.000Z,2026-10-02T07:29:20.000Z,https://adstransparency.google.com/advertiser/AR04047997193192210433/creative/CR08577710685578854401?region=US
hotels.com,"Hotels.com, L.P.",AR04047997193192210433,CR00562867146451845121,TEXT,2022-11-01T04:37:03.000Z,2026-10-02T07:28:05.000Z,https://adstransparency.google.com/advertiser/AR04047997193192210433/creative/CR00562867146451845121?region=US
hotels.com,"Hotels.com, L.P.",AR04047997193192210433,CR00527372986961887233,TEXT,2023-05-30T13:04:36.000Z,2026-10-02T07:25:57.000Z,https://adstransparency.google.com/advertiser/AR04047997193192210433/creative/CR00527372986961887233?region=US
hotels.com,"Hotels.com, L.P.",AR04047997193192210433,CR10494674883227680769,TEXT,2024-11-12T15:54:57.000Z,2026-10-02T07:25:10.000Z,https://adstransparency.google.com/advertiser/AR04047997193192210433/creative/CR10494674883227680769?region=US
hotels.com,"Hotels.com, L.P.",AR04047997193192210433,CR01809982798597980161,TEXT,2024-11-14T17:45:14.000Z,2026-10-02T07:23:41.000Z,https://adstransparency.google.com/advertiser/AR04047997193192210433/creative/CR01809982798597980161?region=US
hotels.com,"Hotels.com, L.P.",AR04047997193192210433,CR09324224672193052673,TEXT,2023-05-31T10:50:48.000Z,2026-10-02T07:18:48.000Z,https://adstransparency.google.com/advertiser/AR04047997193192210433/creative/CR09324224672193052673?region=US
hotels.com,"Hotels.com, L.P.",AR04047997193192210433,CR13056538882911240193,TEXT,2023-05-29T12:56:46.000Z,2026-10-02T07:18:11.000Z,https://adstransparency.google.com/advertiser/AR04047997193192210433/creative/CR13056538882911240193?region=US
hotels.com,"Hotels.com, L.P.",AR04047997193192210433,CR11842025073378590721,TEXT,2022-08-24T08:56:24.000Z,2026-10-02T07:17:40.000Z,https://adstransparency.google.com/advertiser/AR04047997193192210433/creative/CR11842025073378590721?region=US
hotels.com,"Hotels.com, L.P.",AR04047997193192210433,CR18032398657289977857,VIDEO,2026-10-01T07:00:44.000Z,2026-10-02T07:17:21.000Z,https://adstransparency.google.com/advertiser/AR04047997193192210433/creative/CR18032398657289977857?region=US
hotels.com,"Hotels.com, L.P.",AR04047997193192210433,CR12225028928028278785,VIDEO,2026-10-01T07:00:48.000Z,2026-10-02T07:16:21.000Z,https://adstransparency.google.com/advertiser/AR04047997193192210433/creative/CR12225028928028278785?region=US
hotels.com,"Hotels.com, L.P.",AR04047997193192210433,CR12420103980380585985,TEXT,2024-11-05T18:49:25.000Z,2026-10-02T07:15:46.000Z,https://adstransparency.google.com/advertiser/AR04047997193192210433/creative/CR12420103980380585985?region=US
hotels.com,"Hotels.com, L.P.",AR04047997193192210433,CR11082297722957463553,TEXT,2022-08-24T23:27:22.000Z,2026-10-02T07:15:45.000Z,https://adstransparency.google.com/advertiser/AR04047997193192210433/creative/CR11082297722957463553?region=US
hotels.com,"Hotels.com, L.P.",AR04047997193192210433,CR13789931675716681729,TEXT,2025-06-18T03:59:28.000Z,2026-10-02T07:14:32.000Z,https://adstransparency.google.com/advertiser/AR04047997193192210433/creative/CR13789931675716681729?region=US
hotels.com,"Hotels.com, L.P.",AR04047997193192210433,CR07642543627742216193,TEXT,2023-05-29T12:21:53.000Z,2026-10-02T07:14:21.000Z,https://adstransparency.google.com/advertiser/AR04047997193192210433/creative/CR07642543627742216193?region=US
hotels.com,"Hotels.com, L.P.",AR04047997193192210433,CR07651766331276001281,TEXT,2023-05-26T12:01:23.000Z,2026-10-02T07:14:09.000Z,https://adstransparency.google.com/advertiser/AR04047997193192210433/creative/CR07651766331276001281?region=US
hotels.com,"Hotels.com, L.P.",AR04047997193192210433,CR09816141364096663553,TEXT,2022-08-24T19:20:04.000Z,2026-10-02T07:13:58.000Z,https://adstransparency.google.com/advertiser/AR04047997193192210433/creative/CR09816141364096663553?region=US
hotels.com,"Hotels.com, L.P.",AR04047997193192210433,CR17078026163563003905,TEXT,2022-10-18T19:52:25.000Z,2026-10-02T07:13:19.000Z,https://adstransparency.google.com/advertiser/AR04047997193192210433/creative/CR17078026163563003905?region=US
hotels.com,"Hotels.com, L.P.",AR04047997193192210433,CR13207689167288401921,VIDEO,2026-06-15T22:06:57.000Z,2026-10-02T07:13:11.000Z,https://adstransparency.google.com/advertiser/AR04047997193192210433/creative/CR13207689167288401921?region=US
hotels.com,"Hotels.com, L.P.",AR04047997193192210433,CR07343054252522078209,TEXT,2023-05-29T12:15:20.000Z,2026-10-02T07:12:49.000Z,https://adstransparency.google.com/advertiser/AR04047997193192210433/creative/CR07343054252522078209?region=US
hotels.com,"Hotels.com, L.P.",AR04047997193192210433,CR07426368646605176833,TEXT,2023-05-30T08:46:33.000Z,2026-10-02T07:11:58.000Z,https://adstransparency.google.com/advertiser/AR04047997193192210433/creative/CR07426368646605176833?region=US
hotels.com,"Hotels.com, L.P.",AR04047997193192210433,CR16830965711823175681,TEXT,2024-12-04T19:20:18.000Z,2026-10-02T07:11:27.000Z,https://adstransparency.google.com/advertiser/AR04047997193192210433/creative/CR16830965711823175681?region=US
hotels.com,"Hotels.com, L.P.",AR04047997193192210433,CR07725655926434168833,TEXT,2026-03-06T16:21:21.000Z,2026-10-02T07:10:51.000Z,https://adstransparency.google.com/advertiser/AR04047997193192210433/creative/CR07725655926434168833?region=US
hotels.com,"Hotels.com, L.P.",AR04047997193192210433,CR09279415939818848257,VIDEO,2026-04-06T18:15:58.000Z,2026-10-02T07:10:11.000Z,https://adstransparency.google.com/advertiser/AR04047997193192210433/creative/CR09279415939818848257?region=US
hotels.com,"Hotels.com, L.P.",AR04047997193192210433,CR14947566941290627073,TEXT,2023-05-26T12:10:32.000Z,2026-10-02T07:09:42.000Z,https://adstransparency.google.com/advertiser/AR04047997193192210433/creative/CR14947566941290627073?region=US
hotels.com,"Hotels.com, L.P.",AR04047997193192210433,CR01705950083574398977,TEXT,2022-08-24T18:20:42.000Z,2026-10-02T07:08:25.000Z,https://adstransparency.google.com/advertiser/AR04047997193192210433/creative/CR01705950083574398977?region=US
hotels.com,"Hotels.com, L.P.",AR04047997193192210433,CR11463270951429341185,TEXT,2025-11-15T15:59:31.000Z,2026-10-02T07:07:21.000Z,https://adstransparency.google.com/advertiser/AR04047997193192210433/creative/CR11463270951429341185?region=US
hotels.com,"Hotels.com, L.P.",AR04047997193192210433,CR09562545604219895809,TEXT,2022-08-25T01:35:49.000Z,2026-10-02T07:06:19.000Z,https://adstransparency.google.com/advertiser/AR04047997193192210433/creative/CR09562545604219895809?region=US
hotels.com,"Hotels.com, L.P.",AR04047997193192210433,CR11264499993819480065,TEXT,2022-08-24T14:51:15.000Z,2026-10-02T07:05:16.000Z,https://adstransparency.google.com/advertiser/AR04047997193192210433/creative/CR11264499993819480065?region=US
hotels.com,"Hotels.com, L.P.",AR04047997193192210433,CR00624513001029894145,TEXT,2024-11-13T15:44:47.000Z,2026-10-02T07:05:02.000Z,https://adstransparency.google.com/advertiser/AR04047997193192210433/creative/CR00624513001029894145?region=US
hotels.com,"Hotels.com, L.P.",AR04047997193192210433,CR04412957606763560961,TEXT,2021-10-25T07:00:00.000Z,2026-10-02T07:04:57.000Z,https://adstransparency.google.com/advertiser/AR04047997193192210433/creative/CR04412957606763560961?region=US
hotels.com,"Hotels.com, L.P.",AR04047997193192210433,CR01015311439637774337,TEXT,2022-03-02T00:19:44.000Z,2026-10-02T07:04:26.000Z,https://adstransparency.google.com/advertiser/AR04047997193192210433/creative/CR01015311439637774337?region=US
hotels.com,"Hotels.com, L.P.",AR04047997193192210433,CR07664322565086642177,TEXT,2024-11-14T17:49:45.000Z,2026-10-02T07:02:41.000Z,https://adstransparency.google.com/advertiser/AR04047997193192210433/creative/CR07664322565086642177?region=US
hotels.com,"Hotels.com, L.P.",AR04047997193192210433,CR01579337144927780865,TEXT,2024-11-14T17:28:16.000Z,2026-10-02T07:01:35.000Z,https://adstransparency.google.com/advertiser/AR04047997193192210433/creative/CR01579337144927780865?region=US
hotels.com,"Hotels.com, L.P.",AR04047997193192210433,CR14973258825769943041,IMAGE,2026-06-03T23:30:00.000Z,2026-10-02T07:00:00.000Z,https://adstransparency.google.com/advertiser/AR04047997193192210433/creative/CR14973258825769943041?region=US
hotels.com,"Hotels.com, L.P.",AR04047997193192210433,CR07878135795247218689,TEXT,2024-11-14T17:27:33.000Z,2026-10-02T06:58:00.000Z,https://adstransparency.google.com/advertiser/AR04047997193192210433/creative/CR07878135795247218689?region=US
hotels.com,"Hotels.com, L.P.",AR04047997193192210433,CR04528363317877538817,VIDEO,2026-08-20T20:17:05.000Z,2026-10-02T06:57:56.000Z,https://adstransparency.google.com/advertiser/AR04047997193192210433/creative/CR04528363317877538817?region=US
hotels.com,"Hotels.com, L.P.",AR04047997193192210433,CR05130106781715922945,TEXT,2023-05-29T12:31:39.000Z,2026-10-02T06:56:23.000Z,https://adstransparency.google.com/advertiser/AR04047997193192210433/creative/CR05130106781715922945?region=US
hotels.com,"Hotels.com, L.P.",AR04047997193192210433,CR09946430889237938177,VIDEO,2026-07-13T21:36:12.000Z,2026-10-02T06:55:07.000Z,https://adstransparency.google.com/advertiser/AR04047997193192210433/creative/CR09946430889237938177?region=US
hotels.com,"Hotels.com, L.P.",AR04047997193192210433,CR01438059796363214849,TEXT,2024-12-04T18:33:23.000Z,2026-10-02T06:54:29.000Z,https://adstransparency.google.com/advertiser/AR04047997193192210433/creative/CR01438059796363214849?region=US
hotels.com,"Hotels.com, L.P.",AR04047997193192210433,CR00357875383980261377,TEXT,2024-11-14T17:47:16.000Z,2026-10-02T06:53:48.000Z,https://adstransparency.google.com/advertiser/AR04047997193192210433/creative/CR00357875383980261377?region=US
hotels.com,"Hotels.com, L.P.",AR04047997193192210433,CR13143877300573437953,TEXT,2024-11-06T17:29:49.000Z,2026-10-02T06:51:47.000Z,https://adstransparency.google.com/advertiser/AR04047997193192210433/creative/CR13143877300573437953?region=US
hotels.com,"Hotels.com, L.P.",AR04047997193192210433,CR03016967478921134081,TEXT,2023-03-09T18:25:26.000Z,2026-10-02T06:50:41.000Z,https://adstransparency.google.com/advertiser/AR04047997193192210433/creative/CR03016967478921134081?region=US
hotels.com,"Hotels.com, L.P.",AR04047997193192210433,CR10923645977550127105,TEXT,2024-11-14T17:32:36.000Z,2026-10-02T06:48:04.000Z,https://adstransparency.google.com/advertiser/AR04047997193192210433/creative/CR10923645977550127105?region=US
hotels.com,"Hotels.com, L.P.",AR04047997193192210433,CR09576663960585764865,VIDEO,2026-03-17T21:50:16.000Z,2026-10-02T06:47:49.000Z,https://adstransparency.google.com/advertiser/AR04047997193192210433/creative/CR09576663960585764865?region=US
hotels.com,"Hotels.com, L.P.",AR04047997193192210433,CR04485422509730037761,TEXT,2025-07-15T16:33:36.000Z,2026-10-02T06:45:57.000Z,https://adstransparency.google.com/advertiser/AR04047997193192210433/creative/CR04485422509730037761?region=US
hotels.com,"Hotels.com, L.P.",AR04047997193192210433,CR09535735336026505217,TEXT,2024-11-05T18:38:22.000Z,2026-10-02T06:44:17.000Z,https://adstransparency.google.com/advertiser/AR04047997193192210433/creative/CR09535735336026505217?region=US
hotels.com,"Hotels.com, L.P.",AR04047997193192210433,CR01053751448476581889,TEXT,2025-08-14T15:52:56.000Z,2026-10-02T06:42:39.000Z,https://adstransparency.google.com/advertiser/AR04047997193192210433/creative/CR01053751448476581889?region=US
hotels.com,"Hotels.com, L.P.",AR04047997193192210433,CR04536313439781388289,TEXT,2026-04-30T19:30:53.000Z,2026-10-02T06:37:59.000Z,https://adstransparency.google.com/advertiser/AR04047997193192210433/creative/CR04536313439781388289?region=US
hotels.com,"Hotels.com, L.P.",AR04047997193192210433,CR04636940632286298113,TEXT,2023-05-26T14:07:50.000Z,2026-10-02T06:37:44.000Z,https://adstransparency.google.com/advertiser/AR04047997193192210433/creative/CR04636940632286298113?region=US
hotels.com,"Hotels.com, L.P.",AR04047997193192210433,CR18042933937189158913,TEXT,2024-11-12T21:28:35.000Z,2026-10-02T06:35:55.000Z,https://adstransparency.google.com/advertiser/AR04047997193192210433/creative/CR18042933937189158913?region=US
hotels.com,"Hotels.com, L.P.",AR04047997193192210433,CR13537600242542706689,VIDEO,2026-08-13T07:55:46.000Z,2026-10-02T06:34:59.000Z,https://adstransparency.google.com/advertiser/AR04047997193192210433/creative/CR13537600242542706689?region=US
hotels.com,"Hotels.com, L.P.",AR04047997193192210433,CR05247635589653594113,TEXT,2024-11-13T15:21:06.000Z,2026-10-02T06:33:18.000Z,https://adstransparency.google.com/advertiser/AR04047997193192210433/creative/CR05247635589653594113?region=US
hotels.com,"Hotels.com, L.P.",AR04047997193192210433,CR16541900857885589505,TEXT,2022-11-01T05:38:17.000Z,2026-10-02T06:32:28.000Z,https://adstransparency.google.com/advertiser/AR04047997193192210433/creative/CR16541900857885589505?region=US
hotels.com,"Hotels.com, L.P.",AR04047997193192210433,CR07355851476947697665,TEXT,2026-05-20T12:53:38.000Z,2026-10-02T06:31:07.000Z,https://adstransparency.google.com/advertiser/AR04047997193192210433/creative/CR07355851476947697665?region=US
hotels.com,"Hotels.com, L.P.",AR04047997193192210433,CR05825411735820959745,TEXT,2024-11-11T19:14:52.000Z,2026-10-02T06:30:23.000Z,https://adstransparency.google.com/advertiser/AR04047997193192210433/creative/CR05825411735820959745?region=US
hotels.com,"Hotels.com, L.P.",AR04047997193192210433,CR08294851586937585665,IMAGE,2026-06-03T23:00:00.000Z,2026-10-02T06:30:00.000Z,https://adstransparency.google.com/advertiser/AR04047997193192210433/creative/CR08294851586937585665?region=US
hotels.com,"Hotels.com, L.P.",AR04047997193192210433,CR10823267085694533633,IMAGE,2026-05-11T05:30:00.000Z,2026-10-02T06:30:00.000Z,https://adstransparency.google.com/advertiser/AR04047997193192210433/creative/CR10823267085694533633?region=US
hotels.com,"Hotels.com, L.P.",AR04047997193192210433,CR07373509771128733697,IMAGE,2026-05-11T06:00:00.000Z,2026-10-02T06:30:00.000Z,https://adstransparency.google.com/advertiser/AR04047997193192210433/creative/CR07373509771128733697?region=US
hotels.com,"Hotels.com, L.P.",AR04047997193192210433,CR00718165888200605697,IMAGE,2026-05-09T20:00:00.000Z,2026-10-02T06:30:00.000Z,https://adstransparency.google.com/advertiser/AR04047997193192210433/creative/CR00718165888200605697?region=US
hotels.com,"Hotels.com, L.P.",AR04047997193192210433,CR14786922940943302657,IMAGE,2026-05-11T05:30:00.000Z,2026-10-02T06:30:00.000Z,https://adstransparency.google.com/advertiser/AR04047997193192210433/creative/CR14786922940943302657?region=US
hotels.com,"Hotels.com, L.P.",AR04047997193192210433,CR06954675005783277569,IMAGE,2026-05-11T05:30:00.000Z,2026-10-02T06:30:00.000Z,https://adstransparency.google.com/advertiser/AR04047997193192210433/creative/CR06954675005783277569?region=US
hotels.com,"Hotels.com, L.P.",AR04047997193192210433,CR11591972902039191553,TEXT,2023-05-30T08:40:19.000Z,2026-10-02T06:29:26.000Z,https://adstransparency.google.com/advertiser/AR04047997193192210433/creative/CR11591972902039191553?region=US
hotels.com,"Hotels.com, L.P.",AR04047997193192210433,CR03460888186169851905,TEXT,2022-03-31T07:00:00.000Z,2026-10-02T06:28:34.000Z,https://adstransparency.google.com/advertiser/AR04047997193192210433/creative/CR03460888186169851905?region=US
hotels.com,"Hotels.com, L.P.",AR04047997193192210433,CR14945176414033281025,TEXT,2024-11-14T17:35:37.000Z,2026-10-02T06:27:00.000Z,https://adstransparency.google.com/advertiser/AR04047997193192210433/creative/CR14945176414033281025?region=US
hotels.com,"Hotels.com, L.P.",AR04047997193192210433,CR03357834775229366273,TEXT,2023-05-26T12:57:03.000Z,2026-10-02T06:21:02.000Z,https://adstransparency.google.com/advertiser/AR04047997193192210433/creative/CR03357834775229366273?region=US
hotels.com,"Hotels.com, L.P.",AR04047997193192210433,CR14641261693489905665,TEXT,2023-05-26T12:16:15.000Z,2026-10-02T06:18:12.000Z,https://adstransparency.google.com/advertiser/AR04047997193192210433/creative/CR14641261693489905665?region=US
hotels.com,"Hotels.com, L.P.",AR04047997193192210433,CR12844202846622580737,TEXT,2022-08-26T06:27:32.000Z,2026-10-02T06:16:08.000Z,https://adstransparency.google.com/advertiser/AR04047997193192210433/creative/CR12844202846622580737?region=US
hotels.com,"Hotels.com, L.P.",AR04047997193192210433,CR12200071981172785153,TEXT,2024-11-15T22:07:14.000Z,2026-10-02T06:14:12.000Z,https://adstransparency.google.com/advertiser/AR04047997193192210433/creative/CR12200071981172785153?region=US
hotels.com,"Hotels.com, L.P.",AR04047997193192210433,CR00238982442889773057,TEXT,2024-11-05T18:03:19.000Z,2026-10-02T06:13:49.000Z,https://adstransparency.google.com/advertiser/AR04047997193192210433/creative/CR00238982442889773057?region=US
hotels.com,"Hotels.com, L.P.",AR04047997193192210433,CR17668116736882245633,TEXT,2022-08-24T15:43:48.000Z,2026-10-02T06:13:07.000Z,https://adstransparency.google.com/advertiser/AR04047997193192210433/creative/CR17668116736882245633?region=US
hotels.com,"Hotels.com, L.P.",AR04047997193192210433,CR08333918600872067073,TEXT,2022-08-24T20:22:58.000Z,2026-10-02T06:12:47.000Z,https://adstransparency.google.com/advertiser/AR04047997193192210433/creative/CR08333918600872067073?region=US
hotels.com,"Hotels.com, L.P.",AR04047997193192210433,CR04549221972579450881,TEXT,2023-04-15T14:44:28.000Z,2026-10-02T06:11:59.000Z,https://adstransparency.google.com/advertiser/AR04047997193192210433/creative/CR04549221972579450881?region=US
hotels.com,"Hotels.com, L.P.",AR04047997193192210433,CR08226068415836585985,TEXT,2024-11-14T22:40:03.000Z,2026-10-02T06:11:17.000Z,https://adstransparency.google.com/advertiser/AR04047997193192210433/creative/CR08226068415836585985?region=US
hotels.com,"Hotels.com, L.P.",AR04047997193192210433,CR18390725897599582209,TEXT,2024-11-14T17:26:04.000Z,2026-10-02T06:10:37.000Z,https://adstransparency.google.com/advertiser/AR04047997193192210433/creative/CR18390725897599582209?region=US
hotels.com,"Hotels.com, L.P.",AR04047997193192210433,CR14812918548329922561,TEXT,2023-05-30T08:45:15.000Z,2026-10-02T06:07:48.000Z,https://adstransparency.google.com/advertiser/AR04047997193192210433/creative/CR14812918548329922561?region=US
hotels.com,"Hotels.com, L.P.",AR04047997193192210433,CR08514305114180157441,TEXT,2024-11-14T02:13:17.000Z,2026-10-02T06:07:31.000Z,https://adstransparency.google.com/advertiser/AR04047997193192210433/creative/CR08514305114180157441?region=US
hotels.com,"Hotels.com, L.P.",AR04047997193192210433,CR10030059099401486337,TEXT,2025-08-16T16:06:16.000Z,2026-10-02T06:05:26.000Z,https://adstransparency.google.com/advertiser/AR04047997193192210433/creative/CR10030059099401486337?region=US
hotels.com,"Hotels.com, L.P.",AR04047997193192210433,CR06108182109027827713,TEXT,2024-11-14T17:26:19.000Z,2026-10-02T06:05:18.000Z,https://adstransparency.google.com/advertiser/AR04047997193192210433/creative/CR06108182109027827713?region=US
hotels.com,"Hotels.com, L.P.",AR04047997193192210433,CR00878965830220513281,TEXT,2024-11-14T17:24:08.000Z,2026-10-02T06:05:02.000Z,https://adstransparency.google.com/advertiser/AR04047997193192210433/creative/CR00878965830220513281?region=US
hotels.com,"Hotels.com, L.P.",AR04047997193192210433,CR14636337204247396353,TEXT,2024-11-14T04:49:30.000Z,2026-10-02T06:04:23.000Z,https://adstransparency.google.com/advertiser/AR04047997193192210433/creative/CR14636337204247396353?region=US
hotels.com,"Hotels.com, L.P.",AR04047997193192210433,CR14201408852846444545,TEXT,2024-11-11T18:13:30.000Z,2026-10-02T06:01:23.000Z,https://adstransparency.google.com/advertiser/AR04047997193192210433/creative/CR14201408852846444545?region=US
hotels.com,"Hotels.com, L.P.",AR04047997193192210433,CR00179366561654505473,TEXT,2023-05-31T10:50:35.000Z,2026-10-02T06:01:00.000Z,https://adstransparency.google.com/advertiser/AR04047997193192210433/creative/CR00179366561654505473?region=US
hotels.com,"Hotels.com, L.P.",AR04047997193192210433,CR08759492556452003841,IMAGE,2026-05-11T05:30:00.000Z,2026-10-02T06:00:00.000Z,https://adstransparency.google.com/advertiser/AR04047997193192210433/creative/CR08759492556452003841?region=US
hotels.com,"Hotels.com, L.P.",AR04047997193192210433,CR16391070273694072833,IMAGE,2026-06-03T23:30:00.000Z,2026-10-02T06:00:00.000Z,https://adstransparency.google.com/advertiser/AR04047997193192210433/creative/CR16391070273694072833?region=US
hotels.com,"Hotels.com, L.P.",AR04047997193192210433,CR08086204412160114689,IMAGE,2026-05-11T05:30:00.000Z,2026-10-02T06:00:00.000Z,https://adstransparency.google.com/advertiser/AR04047997193192210433/creative/CR08086204412160114689?region=US
hotels.com,"Hotels.com, L.P.",AR04047997193192210433,CR09220473251757555713,IMAGE,2026-06-03T23:30:00.000Z,2026-10-02T06:00:00.000Z,https://adstransparency.google.com/advertiser/AR04047997193192210433/creative/CR09220473251757555713?region=US
hotels.com,"Hotels.com, L.P.",AR04047997193192210433,CR11825217114002685953,TEXT,2022-11-01T04:37:04.000Z,2026-10-02T05:59:55.000Z,https://adstransparency.google.com/advertiser/AR04047997193192210433/creative/CR11825217114002685953?region=US
hotels.com,"Hotels.com, L.P.",AR04047997193192210433,CR11362347053993689089,VIDEO,2026-08-20T21:07:31.000Z,2026-10-02T05:59:39.000Z,https://adstransparency.google.com/advertiser/AR04047997193192210433/creative/CR11362347053993689089?region=US
hotels.com,"Hotels.com, L.P.",AR04047997193192210433,CR12355162752015138817,TEXT,2022-08-24T14:19:03.000Z,2026-10-02T05:57:49.000Z,https://adstransparency.google.com/advertiser/AR04047997193192210433/creative/CR12355162752015138817?region=US
hotels.com,"Hotels.com, L.P.",AR04047997193192210433,CR05000060532112228353,TEXT,2022-08-24T12:10:24.000Z,2026-10-02T05:56:54.000Z,https://adstransparency.google.com/advertiser/AR04047997193192210433/creative/CR05000060532112228353?region=US
hotels.com,"Hotels.com, L.P.",AR04047997193192210433,CR14196170401494597633,TEXT,2024-11-14T18:59:57.000Z,2026-10-02T05:56:02.000Z,https://adstransparency.google.com/advertiser/AR04047997193192210433/creative/CR14196170401494597633?region=US
hotels.com,"Hotels.com, L.P.",AR04047997193192210433,CR10969230406787792897,TEXT,2023-05-26T13:22:40.000Z,2026-10-02T05:52:32.000Z,https://adstransparency.google.com/advertiser/AR04047997193192210433/creative/CR10969230406787792897?region=US
hotels.com,"Hotels.com, L.P.",AR04047997193192210433,CR10444391364631199745,TEXT,2025-09-09T17:38:48.000Z,2026-10-02T05:45:43.000Z,https://adstransparency.google.com/advertiser/AR04047997193192210433/creative/CR10444391364631199745?region=US
hotels.com,"Hotels.com, L.P.",AR04047997193192210433,CR01384097054162157569,TEXT,2023-05-31T10:48:02.000Z,2026-10-02T05:42:27.000Z,https://adstransparency.google.com/advertiser/AR04047997193192210433/creative/CR01384097054162157569?region=US
hotels.com,"Hotels.com, L.P.",AR04047997193192210433,CR17887181234577080321,TEXT,2022-08-25T00:07:45.000Z,2026-10-02T05:41:54.000Z,https://adstransparency.google.com/advertiser/AR04047997193192210433/creative/CR17887181234577080321?region=US
hotels.com,"Hotels.com, L.P.",AR04047997193192210433,CR07662359249636294657,TEXT,2024-11-14T18:12:35.000Z,2026-10-02T05:41:43.000Z,https://adstransparency.google.com/advertiser/AR04047997193192210433/creative/CR07662359249636294657?region=US
hotels.com,"Hotels.com, L.P.",AR04047997193192210433,CR02087821879334141953,TEXT,2023-05-30T10:09:10.000Z,2026-10-02T05:36:04.000Z,https://adstransparency.google.com/advertiser/AR04047997193192210433/creative/CR02087821879334141953?region=US
hotels.com,"Hotels.com, L.P.",AR04047997193192210433,CR02462838907289468929,TEXT,2023-05-30T08:37:42.000Z,2026-10-02T05:34:22.000Z,https://adstransparency.google.com/advertiser/AR04047997193192210433/creative/CR02462838907289468929?region=US
hotels.com,"Hotels.com, L.P.",AR04047997193192210433,CR13885218617554894849,TEXT,2024-11-12T09:45:11.000Z,2026-10-02T05:33:43.000Z,https://adstransparency.google.com/advertiser/AR04047997193192210433/creative/CR13885218617554894849?region=US
hotels.com,"Hotels.com, L.P.",AR04047997193192210433,CR03332983613418373121,TEXT,2023-05-31T11:00:08.000Z,2026-10-02T05:33:25.000Z,https://adstransparency.google.com/advertiser/AR04047997193192210433/creative/CR03332983613418373121?region=US
hotels.com,"Hotels.com, L.P.",AR04047997193192210433,CR03499875184863608833,TEXT,2023-05-30T13:48:12.000Z,2026-10-02T05:32:56.000Z,https://adstransparency.google.com/advertiser/AR04047997193192210433/creative/CR03499875184863608833?region=US
hotels.com,"Hotels.com, L.P.",AR04047997193192210433,CR03264787641656147969,TEXT,2022-08-24T19:59:22.000Z,2026-10-02T05:32:18.000Z,https://adstransparency.google.com/advertiser/AR04047997193192210433/creative/CR03264787641656147969?region=US
hotels.com,"Hotels.com, L.P.",AR04047997193192210433,CR01788481676918128641,TEXT,2024-11-11T19:39:53.000Z,2026-10-02T05:31:32.000Z,https://adstransparency.google.com/advertiser/AR04047997193192210433/creative/CR01788481676918128641?region=US
hotels.com,"Hotels.com, L.P.",AR04047997193192210433,CR06805417951580127233,IMAGE,2026-06-03T23:30:00.000Z,2026-10-02T05:30:00.000Z,https://adstransparency.google.com/advertiser/AR04047997193192210433/creative/CR06805417951580127233?region=US
hotels.com,"Hotels.com, L.P.",AR04047997193192210433,CR06553705105365925889,IMAGE,2026-05-09T19:30:00.000Z,2026-10-02T05:30:00.000Z,https://adstransparency.google.com/advertiser/AR04047997193192210433/creative/CR06553705105365925889?region=US
hotels.com,"Hotels.com, L.P.",AR04047997193192210433,CR13334023877953585153,IMAGE,2026-05-11T05:30:00.000Z,2026-10-02T05:30:00.000Z,https://adstransparency.google.com/advertiser/AR04047997193192210433/creative/CR13334023877953585153?region=US
hotels.com,"Hotels.com, L.P.",AR04047997193192210433,CR02036207230113546241,TEXT,2023-03-13T18:26:08.000Z,2026-10-02T05:29:18.000Z,https://adstransparency.google.com/advertiser/AR04047997193192210433/creative/CR02036207230113546241?region=US
hotels.com,"Hotels.com, L.P.",AR04047997193192210433,CR11277654774272491521,TEXT,2024-11-14T17:31:22.000Z,2026-10-02T05:28:22.000Z,https://adstransparency.google.com/advertiser/AR04047997193192210433/creative/CR11277654774272491521?region=US
hotels.com,"JIANG, BIN",AR02232473611904483329,CR12379294747322220545,TEXT,2025-11-20T10:48:30.000Z,2026-10-02T05:28:04.000Z,https://adstransparency.google.com/advertiser/AR02232473611904483329/creative/CR12379294747322220545?region=US
hotels.com,"Hotels.com, L.P.",AR04047997193192210433,CR04328009458660671489,TEXT,2024-11-11T18:25:46.000Z,2026-10-02T05:26:20.000Z,https://adstransparency.google.com/advertiser/AR04047997193192210433/creative/CR04328009458660671489?region=US
hotels.com,"Hotels.com, L.P.",AR04047997193192210433,CR03816246195328647169,VIDEO,2026-07-13T21:46:51.000Z,2026-10-02T05:24:48.000Z,https://adstransparency.google.com/advertiser/AR04047997193192210433/creative/CR03816246195328647169?region=US
hotels.com,"Hotels.com, L.P.",AR04047997193192210433,CR03597854865037983745,TEXT,2022-08-25T16:05:21.000Z,2026-10-02T05:24:19.000Z,https://adstransparency.google.com/advertiser/AR04047997193192210433/creative/CR03597854865037983745?region=US
hotels.com,"Hotels.com, L.P.",AR04047997193192210433,CR08831597764497375233,TEXT,2021-11-19T08:00:00.000Z,2026-10-02T05:23:24.000Z,https://adstransparency.google.com/advertiser/AR04047997193192210433/creative/CR08831597764497375233?region=US
hotels.com,"Hotels.com, L.P.",AR04047997193192210433,CR14632365802607607809,TEXT,2024-11-11T18:34:12.000Z,2026-10-02T05:20:33.000Z,https://adstransparency.google.com/advertiser/AR04047997193192210433/creative/CR14632365802607607809?region=US
hotels.com,"Hotels.com, L.P.",AR04047997193192210433,CR01063045087690227713,TEXT,2022-03-01T15:06:12.000Z,2026-10-02T05:20:16.000Z,https://adstransparency.google.com/advertiser/AR04047997193192210433/creative/CR01063045087690227713?region=US
hotels.com,"Hotels.com, L.P.",AR04047997193192210433,CR01383050817308721153,TEXT,2024-12-04T19:22:02.000Z,2026-10-02T05:18:22.000Z,https://adstransparency.google.com/advertiser/AR04047997193192210433/creative/CR01383050817308721153?region=US
hotels.com,"Hotels.com, L.P.",AR04047997193192210433,CR10642064124873277441,TEXT,2023-05-29T12:39:59.000Z,2026-10-02T05:18:19.000Z,https://adstransparency.google.com/advertiser/AR04047997193192210433/creative/CR10642064124873277441?region=US
hotels.com,"Hotels.com, L.P.",AR04047997193192210433,CR14475006137981730817,TEXT,2024-12-04T20:10:45.000Z,2026-10-02T05:10:27.000Z,https://adstransparency.google.com/advertiser/AR04047997193192210433/creative/CR14475006137981730817?region=US
hotels.com,"Hotels.com, L.P.",AR04047997193192210433,CR13999590469911183361,TEXT,2025-09-25T17:09:09.000Z,2026-10-02T05:09:20.000Z,https://adstransparency.google.com/advertiser/AR04047997193192210433/creative/CR13999590469911183361?region=US
hotels.com,"Hotels.com, L.P.",AR04047997193192210433,CR16296298822420660225,TEXT,2023-03-10T09:05:29.000Z,2026-10-02T05:08:51.000Z,https://adstransparency.google.com/advertiser/AR04047997193192210433/creative/CR16296298822420660225?region=US
hotels.com,"Hotels.com, L.P.",AR04047997193192210433,CR04264662041119162369,TEXT,2023-05-30T09:07:59.000Z,2026-10-02T05:08:06.000Z,https://adstransparency.google.com/advertiser/AR04047997193192210433/creative/CR04264662041119162369?region=US
hotels.com,"Hotels.com, L.P.",AR04047997193192210433,CR17286357469265657857,TEXT,2023-05-30T15:23:50.000Z,2026-10-02T05:07:10.000Z,https://adstransparency.google.com/advertiser/AR04047997193192210433/creative/CR17286357469265657857?region=US
hotels.com,"Hotels.com, L.P.",AR04047997193192210433,CR01040909599340756993,TEXT,2024-12-04T18:27:00.000Z,2026-10-02T05:05:12.000Z,https://adstransparency.google.com/advertiser/AR04047997193192210433/creative/CR01040909599340756993?region=US
hotels.com,"Hotels.com, L.P.",AR04047997193192210433,CR15744076803951558657,TEXT,2022-11-01T07:00:00.000Z,2026-10-02T05:04:12.000Z,https://adstransparency.google.com/advertiser/AR04047997193192210433/creative/CR15744076803951558657?region=US
hotels.com,"Hotels.com, L.P.",AR04047997193192210433,CR12179235823509569537,TEXT,2022-04-30T21:32:20.000Z,2026-10-02T05:01:02.000Z,https://adstransparency.google.com/advertiser/AR04047997193192210433/creative/CR12179235823509569537?region=US
hotels.com,"Hotels.com, L.P.",AR04047997193192210433,CR10019404642749775873,TEXT,2022-07-08T04:42:01.000Z,2026-10-02T05:00:04.000Z,https://adstransparency.google.com/advertiser/AR04047997193192210433/creative/CR10019404642749775873?region=US
hotels.com,"Hotels.com, L.P.",AR04047997193192210433,CR12336691515014250497,IMAGE,2026-06-03T23:30:00.000Z,2026-10-02T05:00:00.000Z,https://adstransparency.google.com/advertiser/AR04047997193192210433/creative/CR12336691515014250497?region=US
hotels.com,"Hotels.com, L.P.",AR04047997193192210433,CR10039846908962275329,IMAGE,2026-06-03T23:00:00.000Z,2026-10-02T05:00:00.000Z,https://adstransparency.google.com/advertiser/AR04047997193192210433/creative/CR10039846908962275329?region=US
hotels.com,"Hotels.com, L.P.",AR04047997193192210433,CR06496648698221559809,IMAGE,2026-06-03T23:30:00.000Z,2026-10-02T05:00:00.000Z,https://adstransparency.google.com/advertiser/AR04047997193192210433/creative/CR06496648698221559809?region=US
hotels.com,"Hotels.com, L.P.",AR04047997193192210433,CR00119187137760329729,IMAGE,2026-05-09T20:00:00.000Z,2026-10-02T05:00:00.000Z,https://adstransparency.google.com/advertiser/AR04047997193192210433/creative/CR00119187137760329729?region=US
hotels.com,"Hotels.com, L.P.",AR04047997193192210433,CR13014003176079097857,TEXT,2023-05-30T08:37:09.000Z,2026-10-02T04:59:46.000Z,https://adstransparency.google.com/advertiser/AR04047997193192210433/creative/CR13014003176079097857?region=US
hotels.com,"Hotels.com, L.P.",AR04047997193192210433,CR16261751428341563393,TEXT,2024-11-14T17:33:47.000Z,2026-10-02T04:59:36.000Z,https://adstransparency.google.com/advertiser/AR04047997193192210433/creative/CR16261751428341563393?region=US
hotels.com,"Hotels.com, L.P.",AR04047997193192210433,CR13053940745524740097,TEXT,2026-06-27T12:27:48.000Z,2026-10-02T04:59:35.000Z,https://adstransparency.google.com/advertiser/AR04047997193192210433/creative/CR13053940745524740097?region=US
hotels.com,"Hotels.com, L.P.",AR04047997193192210433,CR08951046139348516865,VIDEO,2026-09-24T22:17:52.000Z,2026-10-02T04:58:17.000Z,https://adstransparency.google.com/advertiser/AR04047997193192210433/creative/CR08951046139348516865?region=US
hotels.com,"Hotels.com, L.P.",AR04047997193192210433,CR05660840168270069761,TEXT,2024-11-15T22:04:01.000Z,2026-10-02T04:55:17.000Z,https://adstransparency.google.com/advertiser/AR04047997193192210433/creative/CR05660840168270069761?region=US
hotels.com,"Hotels.com, L.P.",AR04047997193192210433,CR14945885513133850625,TEXT,2023-03-09T18:25:52.000Z,2026-10-02T04:54:38.000Z,https://adstransparency.google.com/advertiser/AR04047997193192210433/creative/CR14945885513133850625?region=US
hotels.com,"Hotels.com, L.P.",AR04047997193192210433,CR05193988888326045697,TEXT,2022-03-01T17:54:10.000Z,2026-10-02T04:50:18.000Z,https://adstransparency.google.com/advertiser/AR04047997193192210433/creative/CR05193988888326045697?region=US
hotels.com,"Hotels.com, L.P.",AR04047997193192210433,CR04961696887791943681,TEXT,2023-05-30T13:07:45.000Z,2026-10-02T04:49:07.000Z,https://adstransparency.google.com/advertiser/AR04047997193192210433/creative/CR04961696887791943681?region=US
hotels.com,"Hotels.com, L.P.",AR04047997193192210433,CR11649821919628230657,TEXT,2022-10-31T22:30:16.000Z,2026-10-02T04:39:17.000Z,https://adstransparency.google.com/advertiser/AR04047997193192210433/creative/CR11649821919628230657?region=US
hotels.com,"Hotels.com, L.P.",AR04047997193192210433,CR17953562402268119041,VIDEO,2026-05-04T18:43:27.000Z,2026-10-02T04:36:02.000Z,https://adstransparency.google.com/advertiser/AR04047997193192210433/creative/CR17953562402268119041?region=US
hotels.com,"Hotels.com, L.P.",AR04047997193192210433,CR04593606680012390401,TEXT,2023-05-29T12:20:35.000Z,2026-10-02T04:35:44.000Z,https://adstransparency.google.com/advertiser/AR04047997193192210433/creative/CR04593606680012390401?region=US
hotels.com,"Hotels.com, L.P.",AR04047997193192210433,CR00960693130808524801,TEXT,2022-08-24T19:10:09.000Z,2026-10-02T04:35:40.000Z,https://adstransparency.google.com/advertiser/AR04047997193192210433/creative/CR00960693130808524801?region=US
hotels.com,"Hotels.com, L.P.",AR04047997193192210433,CR07502687071539036161,TEXT,2024-11-14T17:33:02.000Z,2026-10-02T04:34:24.000Z,https://adstransparency.google.com/advertiser/AR04047997193192210433/creative/CR07502687071539036161?region=US
hotels.com,"Hotels.com, L.P.",AR04047997193192210433,CR05746481008698458113,TEXT,2023-05-30T13:32:06.000Z,2026-10-02T04:33:58.000Z,https://adstransparency.google.com/advertiser/AR04047997193192210433/creative/CR05746481008698458113?region=US
hotels.com,"Hotels.com, L.P.",AR04047997193192210433,CR06587482231420223489,TEXT,2022-11-01T03:50:56.000Z,2026-10-02T04:33:42.000Z,https://adstransparency.google.com/advertiser/AR04047997193192210433/creative/CR06587482231420223489?region=US
hotels.com,"Hotels.com, L.P.",AR04047997193192210433,CR07527569483532075009,TEXT,2022-08-25T00:32:52.000Z,2026-10-02T04:32:30.000Z,https://adstransparency.google.com/advertiser/AR04047997193192210433/creative/CR07527569483532075009?region=US
hotels.com,"Hotels.com, L.P.",AR04047997193192210433,CR09267584103782285313,TEXT,2024-11-14T17:46:55.000Z,2026-10-02T04:30:13.000Z,https://adstransparency.google.com/advertiser/AR04047997193192210433/creative/CR09267584103782285313?region=US
hotels.com,"Hotels.com, L.P.",AR04047997193192210433,CR03077281885047488513,IMAGE,2026-06-03T23:00:00.000Z,2026-10-02T04:30:00.000Z,https://adstransparency.google.com/advertiser/AR04047997193192210433/creative/CR03077281885047488513?region=US
hotels.com,"Hotels.com, L.P.",AR04047997193192210433,CR07009123586094923777,TEXT,2024-11-12T06:59:17.000Z,2026-10-02T04:29:50.000Z,https://adstransparency.google.com/advertiser/AR04047997193192210433/creative/CR07009123586094923777?region=US
hotels.com,"Hotels.com, L.P.",AR04047997193192210433,CR14143452306456182785,TEXT,2023-05-30T15:07:04.000Z,2026-10-02T04:27:23.000Z,https://adstransparency.google.com/advertiser/AR04047997193192210433/creative/CR14143452306456182785?region=US
hotels.com,"Hotels.com, L.P.",AR04047997193192210433,CR03315205335030956033,TEXT,2022-03-04T01:54:03.000Z,2026-10-02T04:25:20.000Z,https://adstransparency.google.com/advertiser/AR04047997193192210433/creative/CR03315205335030956033?region=US
hotels.com,"Hotels.com, L.P.",AR04047997193192210433,CR10472431041443266561,TEXT,2024-11-16T04:05:47.000Z,2026-10-02T04:21:04.000Z,https://adstransparency.google.com/advertiser/AR04047997193192210433/creative/CR10472431041443266561?region=US
hotels.com,"Hotels.com, L.P.",AR04047997193192210433,CR15386307196425863169,TEXT,2022-03-02T00:25:06.000Z,2026-10-02T04:19:14.000Z,https://adstransparency.google.com/advertiser/AR04047997193192210433/creative/CR15386307196425863169?region=US
hotels.com,"Hotels.com, L.P.",AR04047997193192210433,CR01724874465394819073,TEXT,2022-11-01T02:56:00.000Z,2026-10-02T04:19:10.000Z,https://adstransparency.google.com/advertiser/AR04047997193192210433/creative/CR01724874465394819073?region=US
hotels.com,"Hotels.com, L.P.",AR04047997193192210433,CR04237667604728119297,TEXT,2024-11-20T13:54:00.000Z,2026-10-02T04:19:09.000Z,https://adstransparency.google.com/advertiser/AR04047997193192210433/creative/CR04237667604728119297?region=US
hotels.com,"Hotels.com, L.P.",AR04047997193192210433,CR04702427184059383809,TEXT,2023-11-04T14:04:20.000Z,2026-10-02T04:18:57.000Z,https://adstransparency.google.com/advertiser/AR04047997193192210433/creative/CR04702427184059383809?region=US
hotels.com,"Hotels.com, L.P.",AR04047997193192210433,CR10518113224136589313,TEXT,2021-10-25T07:00:00.000Z,2026-10-02T04:18:56.000Z,https://adstransparency.google.com/advertiser/AR04047997193192210433/creative/CR10518113224136589313?region=US
hotels.com,"Hotels.com, L.P.",AR04047997193192210433,CR05413816455680491521,TEXT,2024-11-12T16:04:55.000Z,2026-10-02T04:18:44.000Z,https://adstransparency.google.com/advertiser/AR04047997193192210433/creative/CR05413816455680491521?region=US
hotels.com,"Hotels.com, L.P.",AR04047997193192210433,CR04786885499732099073,TEXT,2021-10-25T07:00:00.000Z,2026-10-02T04:17:36.000Z,https://adstransparency.google.com/advertiser/AR04047997193192210433/creative/CR04786885499732099073?region=US
hotels.com,"Hotels.com, L.P.",AR04047997193192210433,CR02957851239821344769,TEXT,2023-06-01T10:20:55.000Z,2026-10-02T04:14:37.000Z,https://adstransparency.google.com/advertiser/AR04047997193192210433/creative/CR02957851239821344769?region=US
hotels.com,"Hotels.com, L.P.",AR04047997193192210433,CR11224027846974373889,TEXT,2024-11-12T22:18:09.000Z,2026-10-02T04:13:54.000Z,https://adstransparency.google.com/advertiser/AR04047997193192210433/creative/CR11224027846974373889?region=US
hotels.com,"Hotels.com, L.P.",AR04047997193192210433,CR06283998055578468353,TEXT,2023-05-30T13:25:24.000Z,2026-10-02T04:13:47.000Z,https://adstransparency.google.com/advertiser/AR04047997193192210433/creative/CR06283998055578468353?region=US
hotels.com,"Hotels.com, L.P.",AR04047997193192210433,CR07734116728539447297,TEXT,2022-11-01T07:35:20.000Z,2026-10-02T04:11:04.000Z,https://adstransparency.google.com/advertiser/AR04047997193192210433/creative/CR07734116728539447297?region=US
hotels.com,"Hotels.com, L.P.",AR04047997193192210433,CR08699871392406962177,TEXT,2023-03-13T21:59:42.000Z,2026-10-02T04:09:49.000Z,https://adstransparency.google.com/advertiser/AR04047997193192210433/creative/CR08699871392406962177?region=US
hotels.com,"Hotels.com, L.P.",AR04047997193192210433,CR06890612175539273729,TEXT,2024-11-14T21:27:09.000Z,2026-10-02T04:06:10.000Z,https://adstransparency.google.com/advertiser/AR04047997193192210433/creative/CR06890612175539273729?region=US
hotels.com,"Hotels.com, L.P.",AR04047997193192210433,CR05633052348340240385,TEXT,2024-11-14T17:34:43.000Z,2026-10-02T04:02:44.000Z,https://adstransparency.google.com/advertiser/AR04047997193192210433/creative/CR05633052348340240385?region=US
hotels.com,"Hotels.com, L.P.",AR04047997193192210433,CR14432805095001292801,TEXT,2024-11-14T18:28:23.000Z,2026-10-02T04:01:34.000Z,https://adstransparency.google.com/advertiser/AR04047997193192210433/creative/CR14432805095001292801?region=US
hotels.com,"Hotels.com, L.P.",AR04047997193192210433,CR05759051982836858881,TEXT,2024-11-08T10:06:07.000Z,2026-10-02T03:57:09.000Z,https://adstransparency.google.com/advertiser/AR04047997193192210433/creative/CR05759051982836858881?region=US
hotels.com,"Hotels.com, L.P.",AR04047997193192210433,CR02054690845210181633,TEXT,2023-04-15T13:05:30.000Z,2026-10-02T03:55:29.000Z,https://adstransparency.google.com/advertiser/AR04047997193192210433/creative/CR02054690845210181633?region=US
hotels.com,"Hotels.com, L.P.",AR04047997193192210433,CR02508034590447239169,TEXT,2024-11-14T18:20:18.000Z,2026-10-02T03:54:56.000Z,https://adstransparency.google.com/advertiser/AR04047997193192210433/creative/CR02508034590447239169?region=US
hotels.com,"Hotels.com, L.P.",AR04047997193192210433,CR08494171132130230273,TEXT,2024-11-12T20:18:06.000Z,2026-10-02T03:53:43.000Z,https://adstransparency.google.com/advertiser/AR04047997193192210433/creative/CR08494171132130230273?region=US
hotels.com,"Hotels.com, L.P.",AR04047997193192210433,CR05303999639479910401,TEXT,2024-11-14T20:31:45.000Z,2026-10-02T03:52:46.000Z,https://adstransparency.google.com/advertiser/AR04047997193192210433/creative/CR05303999639479910401?region=US
hotels.com,"Hotels.com, L.P.",AR04047997193192210433,CR01794559150131249153,TEXT,2026-05-20T12:36:39.000Z,2026-10-02T03:52:41.000Z,https://adstransparency.google.com/advertiser/AR04047997193192210433/creative/CR01794559150131249153?region=US
hotels.com,"Hotels.com, L.P.",AR04047997193192210433,CR13154600837479137281,TEXT,2024-11-13T17:02:00.000Z,2026-10-02T03:52:25.000Z,https://adstransparency.google.com/advertiser/AR04047997193192210433/creative/CR13154600837479137281?region=US
hotels.com,"Hotels.com, L.P.",AR04047997193192210433,CR06451873148764684289,VIDEO,2026-08-13T06:26:43.000Z,2026-10-02T03:51:55.000Z,https://adstransparency.google.com/advertiser/AR04047997193192210433/creative/CR06451873148764684289?region=US
hotels.com,"Hotels.com, L.P.",AR04047997193192210433,CR13969706585681821697,TEXT,2021-10-25T07:00:00.000Z,2026-10-02T03:50:24.000Z,https://adstransparency.google.com/advertiser/AR04047997193192210433/creative/CR13969706585681821697?region=US
hotels.com,"Hotels.com, L.P.",AR04047997193192210433,CR02688050508207226881,IMAGE,2026-08-12T09:57:37.000Z,2026-10-02T03:49:20.000Z,https://adstransparency.google.com/advertiser/AR04047997193192210433/creative/CR02688050508207226881?region=US
hotels.com,"Hotels.com, L.P.",AR04047997193192210433,CR15585045228816433153,TEXT,2022-07-04T15:25:36.000Z,2026-10-02T03:48:25.000Z,https://adstransparency.google.com/advertiser/AR04047997193192210433/creative/CR15585045228816433153?region=US
hotels.com,"Hotels.com, L.P.",AR04047997193192210433,CR02506804889770786817,TEXT,2024-12-04T18:22:57.000Z,2026-10-02T03:47:55.000Z,https://adstransparency.google.com/advertiser/AR04047997193192210433/creative/CR02506804889770786817?region=US
hotels.com,"Hotels.com, L.P.",AR04047997193192210433,CR06846367200572342273,TEXT,2024-11-11T18:02:36.000Z,2026-10-02T03:47:02.000Z,https://adstransparency.google.com/advertiser/AR04047997193192210433/creative/CR06846367200572342273?region=US
hotels.com,"Hotels.com, L.P.",AR04047997193192210433,CR00649013195293327361,TEXT,2021-11-04T22:52:25.000Z,2026-10-02T03:44:12.000Z,https://adstransparency.google.com/advertiser/AR04047997193192210433/creative/CR00649013195293327361?region=US
hotels.com,"Hotels.com, L.P.",AR04047997193192210433,CR18395850034101878785,TEXT,2024-11-14T17:28:23.000Z,2026-10-02T03:43:21.000Z,https://adstransparency.google.com/advertiser/AR04047997193192210433/creative/CR18395850034101878785?region=US
hotels.com,"Hotels.com, L.P.",AR04047997193192210433,CR07162563105220722689,TEXT,2026-05-20T12:02:06.000Z,2026-10-02T03:42:37.000Z,https://adstransparency.google.com/advertiser/AR04047997193192210433/creative/CR07162563105220722689?region=US
hotels.com,"Hotels.com, L.P.",AR04047997193192210433,CR08931650694105006081,TEXT,2024-11-20T11:56:54.000Z,2026-10-02T03:42:37.000Z,https://adstransparency.google.com/advertiser/AR04047997193192210433/creative/CR08931650694105006081?region=US
hotels.com,"Hotels.com, L.P.",AR04047997193192210433,CR18243749969246814209,TEXT,2023-05-29T12:45:56.000Z,2026-10-02T03:40:10.000Z,https://adstransparency.google.com/advertiser/AR04047997193192210433/creative/CR18243749969246814209?region=US
hotels.com,"Hotels.com, L.P.",AR04047997193192210433,CR15249263225326272513,TEXT,2024-11-11T19:00:58.000Z,2026-10-02T03:38:48.000Z,https://adstransparency.google.com/advertiser/AR04047997193192210433/creative/CR15249263225326272513?region=US
hotels.com,"Hotels.com, L.P.",AR04047997193192210433,CR06047303112270544897,TEXT,2024-11-14T19:41:17.000Z,2026-10-02T03:34:41.000Z,https://adstransparency.google.com/advertiser/AR04047997193192210433/creative/CR06047303112270544897?region=US
hotels.com,"Hotels.com, L.P.",AR04047997193192210433,CR07467387937924055041,TEXT,2024-11-14T18:03:50.000Z,2026-10-02T03:31:23.000Z,https://adstransparency.google.com/advertiser/AR04047997193192210433/creative/CR07467387937924055041?region=US
hotels.com,"Hotels.com, L.P.",AR04047997193192210433,CR15857020167365066753,TEXT,2023-11-05T11:36:10.000Z,2026-10-02T03:31:21.000Z,https://adstransparency.google.com/advertiser/AR04047997193192210433/creative/CR15857020167365066753?region=US
hotels.com,"Hotels.com, L.P.",AR04047997193192210433,CR09940791073192280065,TEXT,2022-03-01T22:11:17.000Z,2026-10-02T03:30:25.000Z,https://adstransparency.google.com/advertiser/AR04047997193192210433/creative/CR09940791073192280065?region=US
hotels.com,"Hotels.com, L.P.",AR04047997193192210433,CR12082792289928216577,IMAGE,2026-06-03T23:30:00.000Z,2026-10-02T03:30:00.000Z,https://adstransparency.google.com/advertiser/AR04047997193192210433/creative/CR12082792289928216577?region=US
hotels.com,"Hotels.com, L.P.",AR04047997193192210433,CR17763520269902675969,IMAGE,2026-06-03T23:30:00.000Z,2026-10-02T03:30:00.000Z,https://adstransparency.google.com/advertiser/AR04047997193192210433/creative/CR17763520269902675969?region=US
hotels.com,"Hotels.com, L.P.",AR04047997193192210433,CR08222943638150184961,TEXT,2025-04-24T01:22:43.000Z,2026-10-02T03:25:52.000Z,https://adstransparency.google.com/advertiser/AR04047997193192210433/creative/CR08222943638150184961?region=US
hotels.com,"Hotels.com, L.P.",AR04047997193192210433,CR03157780764859301889,TEXT,2022-03-02T02:35:41.000Z,2026-10-02T03:25:06.000Z,https://adstransparency.google.com/advertiser/AR04047997193192210433/creative/CR03157780764859301889?region=US
hotels.com,"Hotels.com, L.P.",AR04047997193192210433,CR17061986350498054145,TEXT,2022-12-25T02:02:05.000Z,2026-10-02T03:23:43.000Z,https://adstransparency.google.com/advertiser/AR04047997193192210433/creative/CR17061986350498054145?region=US
hotels.com,"Hotels.com, L.P.",AR04047997193192210433,CR03378600916335722497,TEXT,2024-11-11T18:13:11.000Z,2026-10-02T03:22:39.000Z,https://adstransparency.google.com/advertiser/AR04047997193192210433/creative/CR03378600916335722497?region=US
hotels.com,"Hotels.com, L.P.",AR04047997193192210433,CR16396288890886946817,TEXT,2022-03-01T15:22:45.000Z,2026-10-02T03:20:43.000Z,https://adstransparency.google.com/advertiser/AR04047997193192210433/creative/CR16396288890886946817?region=US
hotels.com,"Hotels.com, L.P.",AR04047997193192210433,CR10718128201843867649,TEXT,2022-11-01T05:44:43.000Z,2026-10-02T03:14:31.000Z,https://adstransparency.google.com/advertiser/AR04047997193192210433/creative/CR10718128201843867649?region=US
hotels.com,"Hotels.com, L.P.",AR04047997193192210433,CR10700015929619644417,TEXT,2024-11-11T22:59:36.000Z,2026-10-02T03:14:13.000Z,https://adstransparency.google.com/advertiser/AR04047997193192210433/creative/CR10700015929619644417?region=US
hotels.com,"Hotels.com, L.P.",AR04047997193192210433,CR15304395950978498561,TEXT,2022-11-02T07:34:46.000Z,2026-10-02T03:14:06.000Z,https://adstransparency.google.com/advertiser/AR04047997193192210433/creative/CR15304395950978498561?region=US
hotels.com,"Hotels.com, L.P.",AR04047997193192210433,CR03436276254037245953,TEXT,2024-11-12T20:31:54.000Z,2026-10-02T03:12:55.000Z,https://adstransparency.google.com/advertiser/AR04047997193192210433/creative/CR03436276254037245953?region=US
hotels.com,"Hotels.com, L.P.",AR04047997193192210433,CR15908247616693993473,TEXT,2024-11-13T02:52:53.000Z,2026-10-02T03:11:02.000Z,https://adstransparency.google.com/advertiser/AR04047997193192210433/creative/CR15908247616693993473?region=US
hotels.com,"Hotels.com, L.P.",AR04047997193192210433,CR07699961361895260161,TEXT,2022-01-09T08:40:57.000Z,2026-10-02T03:09:35.000Z,https://adstransparency.google.com/advertiser/AR04047997193192210433/creative/CR07699961361895260161?region=US
hotels.com,"Hotels.com, L.P.",AR04047997193192210433,CR05740652506149552129,TEXT,2024-11-11T18:23:02.000Z,2026-10-02T03:07:55.000Z,https://adstransparency.google.com/advertiser/AR04047997193192210433/creative/CR05740652506149552129?region=US
hotels.com,"Hotels.com, L.P.",AR04047997193192210433,CR10681870654866718721,TEXT,2024-11-15T21:06:47.000Z,2026-10-02T03:07:04.000Z,https://adstransparency.google.com/advertiser/AR04047997193192210433/creative/CR10681870654866718721?region=US
hotels.com,"Hotels.com, L.P.",AR04047997193192210433,CR17628647860037746689,TEXT,2025-01-29T22:12:50.000Z,2026-10-02T03:04:35.000Z,https://adstransparency.google.com/advertiser/AR04047997193192210433/creative/CR17628647860037746689?region=US
hotels.com,"Hotels.com, L.P.",AR04047997193192210433,CR17287273405401268225,IMAGE,2026-06-03T23:00:00.000Z,2026-10-02T03:00:00.000Z,https://adstransparency.google.com/advertiser/AR04047997193192210433/creative/CR17287273405401268225?region=US
hotels.com,"Hotels.com, L.P.",AR04047997193192210433,CR01268623147557453825,TEXT,2023-05-30T13:03:12.000Z,2026-10-02T02:59:50.000Z,https://adstransparency.google.com/advertiser/AR04047997193192210433/creative/CR01268623147557453825?region=US
hotels.com,"Hotels.com, L.P.",AR04047997193192210433,CR10476761158751617025,TEXT,2024-11-13T15:36:15.000Z,2026-10-02T02:58:11.000Z,https://adstransparency.google.com/advertiser/AR04047997193192210433/creative/CR10476761158751617025?region=US
hotels.com,"Hotels.com, L.P.",AR04047997193192210433,CR01954559163082211329,TEXT,2024-06-03T13:30:35.000Z,2026-10-02T02:58:00.000Z,https://adstransparency.google.com/advertiser/AR04047997193192210433/creative/CR01954559163082211329?region=US
hotels.com,"Hotels.com, L.P.",AR04047997193192210433,CR07385473892158013441,TEXT,2022-03-03T21:49:55.000Z,2026-10-02T02:57:53.000Z,https://adstransparency.google.com/advertiser/AR04047997193192210433/creative/CR07385473892158013441?region=US
hotels.com,"Hotels.com, L.P.",AR04047997193192210433,CR05660009624674238465,TEXT,2024-11-14T21:39:25.000Z,2026-10-02T02:56:55.000Z,https://adstransparency.google.com/advertiser/AR04047997193192210433/creative/CR05660009624674238465?region=US
hotels.com,"Hotels.com, L.P.",AR04047997193192210433,CR10338773841035132929,TEXT,2023-06-01T09:59:00.000Z,2026-10-02T02:52:53.000Z,https://adstransparency.google.com/advertiser/AR04047997193192210433/creative/CR10338773841035132929?region=US
hotels.com,"Hotels.com, L.P.",AR04047997193192210433,CR08239494466424012801,TEXT,2022-08-24T17:49:16.000Z,2026-10-02T02:52:24.000Z,https://adstransparency.google.com/advertiser/AR04047997193192210433/creative/CR08239494466424012801?region=US
hotels.com,"Hotels.com, L.P.",AR04047997193192210433,CR18360484019256164353,TEXT,2023-05-30T13:02:08.000Z,2026-10-02T02:51:42.000Z,https://adstransparency.google.com/advertiser/AR04047997193192210433/creative/CR18360484019256164353?region=US
hotels.com,"Hotels.com, L.P.",AR04047997193192210433,CR03915018820955144193,TEXT,2022-03-04T15:54:37.000Z,2026-10-02T02:51:21.000Z,https://adstransparency.google.com/advertiser/AR04047997193192210433/creative/CR03915018820955144193?region=US
hotels.com,"Hotels.com, L.P.",AR04047997193192210433,CR14002857754612465665,TEXT,2023-05-29T12:41:33.000Z,2026-10-02T02:51:07.000Z,https://adstransparency.google.com/advertiser/AR04047997193192210433/creative/CR14002857754612465665?region=US
hotels.com,"Hotels.com, L.P.",AR04047997193192210433,CR11045299087963324417,TEXT,2021-10-25T07:00:00.000Z,2026-10-02T02:50:55.000Z,https://adstransparency.google.com/advertiser/AR04047997193192210433/creative/CR11045299087963324417?region=US
hotels.com,"Hotels.com, L.P.",AR04047997193192210433,CR10654528858700644353,TEXT,2024-11-16T02:32:15.000Z,2026-10-02T02:48:29.000Z,https://adstransparency.google.com/advertiser/AR04047997193192210433/creative/CR10654528858700644353?region=US
hotels.com,"Hotels.com, L.P.",AR04047997193192210433,CR04630456915296518145,TEXT,2023-06-01T10:31:34.000Z,2026-10-02T02:39:08.000Z,https://adstransparency.google.com/advertiser/AR04047997193192210433/creative/CR04630456915296518145?region=US
hotels.com,"Hotels.com, L.P.",AR04047997193192210433,CR02725867188442365953,TEXT,2024-12-04T18:22:58.000Z,2026-10-02T02:39:07.000Z,https://adstransparency.google.com/advertiser/AR04047997193192210433/creative/CR02725867188442365953?region=US
hotels.com,"Hotels.com, L.P.",AR04047997193192210433,CR12656058376837398529,VIDEO,2026-09-22T16:41:32.000Z,2026-10-02T02:38:09.000Z,https://adstransparency.google.com/advertiser/AR04047997193192210433/creative/CR12656058376837398529?region=US
hotels.com,"Hotels.com, L.P.",AR04047997193192210433,CR14244646322975014913,TEXT,2023-11-05T00:17:17.000Z,2026-10-02T02:36:43.000Z,https://adstransparency.google.com/advertiser/AR04047997193192210433/creative/CR14244646322975014913?region=US
hotels.com,"Hotels.com, L.P.",AR04047997193192210433,CR06843707061037957121,TEXT,2022-08-24T21:54:20.000Z,2026-10-02T02:35:37.000Z,https://adstransparency.google.com/advertiser/AR04047997193192210433/creative/CR06843707061037957121?region=US
hotels.com,"Hotels.com, L.P.",AR04047997193192210433,CR09718188278359785473,TEXT,2021-10-25T07:00:00.000Z,2026-10-02T02:33:01.000Z,https://adstransparency.google.com/advertiser/AR04047997193192210433/creative/CR09718188278359785473?region=US
hotels.com,"Hotels.com, L.P.",AR04047997193192210433,CR01028501078045360129,TEXT,2023-05-30T14:25:36.000Z,2026-10-02T02:32:59.000Z,https://adstransparency.google.com/advertiser/AR04047997193192210433/creative/CR01028501078045360129?region=US
hotels.com,"Hotels.com, L.P.",AR04047997193192210433,CR11449060175957196801,IMAGE,2026-06-03T23:00:00.000Z,2026-10-02T02:30:00.000Z,https://adstransparency.google.com/advertiser/AR04047997193192210433/creative/CR11449060175957196801?region=US
hotels.com,"Hotels.com, L.P.",AR04047997193192210433,CR12842799594907631617,TEXT,2022-01-06T23:11:47.000Z,2026-10-02T02:29:23.000Z,https://adstransparency.google.com/advertiser/AR04047997193192210433/creative/CR12842799594907631617?region=US
hotels.com,"Hotels.com, L.P.",AR04047997193192210433,CR18418821907202703361,TEXT,2023-05-29T12:20:57.000Z,2026-10-02T02:29:22.000Z,https://adstransparency.google.com/advertiser/AR04047997193192210433/creative/CR18418821907202703361?region=US
tripadvisor.com,Tripadvisor,AR17572813749046214657,CR03879517016423399425,TEXT,2024-11-23T02:34:00.000Z,2026-10-02T11:52:48.000Z,https://adstransparency.google.com/advertiser/AR17572813749046214657/creative/CR03879517016423399425?region=US
tripadvisor.com,Tripadvisor,AR17572813749046214657,CR16302499775943540737,TEXT,2025-05-22T09:53:32.000Z,2026-10-02T11:51:55.000Z,https://adstransparency.google.com/advertiser/AR17572813749046214657/creative/CR16302499775943540737?region=US
tripadvisor.com,Tripadvisor,AR17572813749046214657,CR15397586622358749185,TEXT,2024-11-21T20:25:27.000Z,2026-10-02T11:48:36.000Z,https://adstransparency.google.com/advertiser/AR17572813749046214657/creative/CR15397586622358749185?region=US
tripadvisor.com,Tripadvisor,AR17572813749046214657,CR01652436448923615233,TEXT,2026-07-16T15:06:03.000Z,2026-10-02T11:47:03.000Z,https://adstransparency.google.com/advertiser/AR17572813749046214657/creative/CR01652436448923615233?region=US
tripadvisor.com,Tripadvisor,AR17572813749046214657,CR12375447349978202113,TEXT,2025-05-21T22:45:56.000Z,2026-10-02T11:47:02.000Z,https://adstransparency.google.com/advertiser/AR17572813749046214657/creative/CR12375447349978202113?region=US
tripadvisor.com,Tripadvisor,AR17572813749046214657,CR17923639133188653057,TEXT,2024-11-21T07:42:02.000Z,2026-10-02T11:44:55.000Z,https://adstransparency.google.com/advertiser/AR17572813749046214657/creative/CR17923639133188653057?region=US
tripadvisor.com,Tripadvisor,AR17572813749046214657,CR03043701227977179137,TEXT,2024-11-21T22:01:22.000Z,2026-10-02T11:43:11.000Z,https://adstransparency.google.com/advertiser/AR17572813749046214657/creative/CR03043701227977179137?region=US
tripadvisor.com,Tripadvisor,AR17572813749046214657,CR03334049323653529601,TEXT,2026-06-24T20:03:22.000Z,2026-10-02T11:42:53.000Z,https://adstransparency.google.com/advertiser/AR17572813749046214657/creative/CR03334049323653529601?region=US
tripadvisor.com,Tripadvisor,AR15628338430440636417,CR07243399861519777793,VIDEO,2025-06-16T17:29:42.000Z,2026-10-02T11:41:56.000Z,https://adstransparency.google.com/advertiser/AR15628338430440636417/creative/CR07243399861519777793?region=US
tripadvisor.com,Tripadvisor,AR15628338430440636417,CR12306322617308020737,TEXT,2024-05-21T18:15:05.000Z,2026-10-02T11:41:11.000Z,https://adstransparency.google.com/advertiser/AR15628338430440636417/creative/CR12306322617308020737?region=US
tripadvisor.com,Tripadvisor,AR17572813749046214657,CR07193906994862882817,TEXT,2025-05-21T23:02:10.000Z,2026-10-02T11:38:54.000Z,https://adstransparency.google.com/advertiser/AR17572813749046214657/creative/CR07193906994862882817?region=US
tripadvisor.com,Tripadvisor,AR17572813749046214657,CR15071334300894887937,TEXT,2026-06-24T11:13:21.000Z,2026-10-02T11:38:12.000Z,https://adstransparency.google.com/advertiser/AR17572813749046214657/creative/CR15071334300894887937?region=US
tripadvisor.com,Tripadvisor,AR17572813749046214657,CR03936830125173112833,TEXT,2024-11-21T23:07:40.000Z,2026-10-02T11:38:02.000Z,https://adstransparency.google.com/advertiser/AR17572813749046214657/creative/CR03936830125173112833?region=US
tripadvisor.com,Tripadvisor,AR17572813749046214657,CR05437734587386036225,TEXT,2025-05-21T20:57:19.000Z,2026-10-02T11:37:00.000Z,https://adstransparency.google.com/advertiser/AR17572813749046214657/creative/CR05437734587386036225?region=US
tripadvisor.com,Tripadvisor,AR17572813749046214657,CR10263125628567945217,TEXT,2025-05-21T23:34:17.000Z,2026-10-02T11:36:09.000Z,https://adstransparency.google.com/advertiser/AR17572813749046214657/creative/CR10263125628567945217?region=US
tripadvisor.com,Tripadvisor,AR17572813749046214657,CR09199469796528226305,TEXT,2026-06-24T16:40:09.000Z,2026-10-02T11:35:55.000Z,https://adstransparency.google.com/advertiser/AR17572813749046214657/creative/CR09199469796528226305?region=US
tripadvisor.com,Tripadvisor,AR17572813749046214657,CR04003033910714826753,TEXT,2025-05-22T02:38:26.000Z,2026-10-02T11:34:21.000Z,https://adstransparency.google.com/advertiser/AR17572813749046214657/creative/CR04003033910714826753?region=US
tripadvisor.com,Tripadvisor,AR17572813749046214657,CR13210782437094719489,TEXT,2024-11-26T22:26:14.000Z,2026-10-02T11:33:24.000Z,https://adstransparency.google.com/advertiser/AR17572813749046214657/creative/CR13210782437094719489?region=US
tripadvisor.com,Tripadvisor,AR17572813749046214657,CR12345540599342956545,TEXT,2024-11-21T02:10:13.000Z,2026-10-02T11:32:49.000Z,https://adstransparency.google.com/advertiser/AR17572813749046214657/creative/CR12345540599342956545?region=US
tripadvisor.com,Tripadvisor,AR17572813749046214657,CR15277849221978390529,TEXT,2025-05-21T23:08:54.000Z,2026-10-02T11:32:28.000Z,https://adstransparency.google.com/advertiser/AR17572813749046214657/creative/CR15277849221978390529?region=US
tripadvisor.com,TripAdvisor LLC,AR03402811294795956225,CR11892752116067860481,IMAGE,2026-08-17T23:30:00.000Z,2026-10-02T11:30:00.000Z,https://adstransparency.google.com/advertiser/AR03402811294795956225/creative/CR11892752116067860481?region=US
tripadvisor.com,Tripadvisor,AR17572813749046214657,CR07239984254417895425,TEXT,2026-03-31T19:37:51.000Z,2026-10-02T11:27:48.000Z,https://adstransparency.google.com/advertiser/AR17572813749046214657/creative/CR07239984254417895425?region=US
tripadvisor.com,Tripadvisor,AR17572813749046214657,CR06385724055336517633,TEXT,2025-05-21T21:51:17.000Z,2026-10-02T11:27:17.000Z,https://adstransparency.google.com/advertiser/AR17572813749046214657/creative/CR06385724055336517633?region=US
tripadvisor.com,Tripadvisor,AR17572813749046214657,CR14807707258351255553,TEXT,2025-05-21T22:47:55.000Z,2026-10-02T11:26:44.000Z,https://adstransparency.google.com/advertiser/AR17572813749046214657/creative/CR14807707258351255553?region=US
tripadvisor.com,Tripadvisor,AR17572813749046214657,CR16944191804343844865,TEXT,2025-05-21T23:23:55.000Z,2026-10-02T11:26:43.000Z,https://adstransparency.google.com/advertiser/AR17572813749046214657/creative/CR16944191804343844865?region=US
tripadvisor.com,Tripadvisor,AR17572813749046214657,CR17659502320976658433,TEXT,2025-05-21T21:33:15.000Z,2026-10-02T11:26:32.000Z,https://adstransparency.google.com/advertiser/AR17572813749046214657/creative/CR17659502320976658433?region=US
tripadvisor.com,Tripadvisor,AR17572813749046214657,CR04191678744189992961,TEXT,2025-05-22T21:00:50.000Z,2026-10-02T11:23:42.000Z,https://adstransparency.google.com/advertiser/AR17572813749046214657/creative/CR04191678744189992961?region=US
tripadvisor.com,Tripadvisor,AR17572813749046214657,CR10628137444307894273,TEXT,2026-04-10T02:25:11.000Z,2026-10-02T11:22:24.000Z,https://adstransparency.google.com/advertiser/AR17572813749046214657/creative/CR10628137444307894273?region=US
tripadvisor.com,Tripadvisor,AR17572813749046214657,CR03480898112384401409,TEXT,2024-11-21T17:43:54.000Z,2026-10-02T11:21:24.000Z,https://adstransparency.google.com/advertiser/AR17572813749046214657/creative/CR03480898112384401409?region=US
tripadvisor.com,Tripadvisor,AR17572813749046214657,CR08323481452385665025,TEXT,2023-05-30T17:11:29.000Z,2026-10-02T11:19:36.000Z,https://adstransparency.google.com/advertiser/AR17572813749046214657/creative/CR08323481452385665025?region=US
tripadvisor.com,Tripadvisor,AR17572813749046214657,CR06785668111405154305,VIDEO,2026-07-16T15:14:59.000Z,2026-10-02T11:17:04.000Z,https://adstransparency.google.com/advertiser/AR17572813749046214657/creative/CR06785668111405154305?region=US
tripadvisor.com,Tripadvisor,AR17572813749046214657,CR03018873121550630913,TEXT,2024-11-21T03:17:01.000Z,2026-10-02T11:14:30.000Z,https://adstransparency.google.com/advertiser/AR17572813749046214657/creative/CR03018873121550630913?region=US
tripadvisor.com,Tripadvisor,AR17572813749046214657,CR11208985729042481153,TEXT,2026-03-03T00:41:53.000Z,2026-10-02T11:13:08.000Z,https://adstransparency.google.com/advertiser/AR17572813749046214657/creative/CR11208985729042481153?region=US
tripadvisor.com,Tripadvisor,AR17572813749046214657,CR03918631249228333057,TEXT,2024-11-22T03:22:41.000Z,2026-10-02T11:11:09.000Z,https://adstransparency.google.com/advertiser/AR17572813749046214657/creative/CR03918631249228333057?region=US
tripadvisor.com,Tripadvisor,AR17572813749046214657,CR03673140633804996609,TEXT,2026-06-24T14:30:00.000Z,2026-10-02T11:10:52.000Z,https://adstransparency.google.com/advertiser/AR17572813749046214657/creative/CR03673140633804996609?region=US
tripadvisor.com,Tripadvisor,AR17572813749046214657,CR03177481934464876545,TEXT,2024-11-24T18:34:18.000Z,2026-10-02T11:09:53.000Z,https://adstransparency.google.com/advertiser/AR17572813749046214657/creative/CR03177481934464876545?region=US
tripadvisor.com,Tripadvisor,AR17572813749046214657,CR03240022430730682369,TEXT,2024-11-22T13:16:50.000Z,2026-10-02T11:09:12.000Z,https://adstransparency.google.com/advertiser/AR17572813749046214657/creative/CR03240022430730682369?region=US
tripadvisor.com,Tripadvisor,AR17572813749046214657,CR14879594290647924737,TEXT,2025-05-21T19:23:21.000Z,2026-10-02T11:07:31.000Z,https://adstransparency.google.com/advertiser/AR17572813749046214657/creative/CR14879594290647924737?region=US
tripadvisor.com,Tripadvisor,AR17572813749046214657,CR11663621872888578049,TEXT,2025-05-21T21:38:21.000Z,2026-10-02T11:06:34.000Z,https://adstransparency.google.com/advertiser/AR17572813749046214657/creative/CR11663621872888578049?region=US
tripadvisor.com,Tripadvisor,AR17572813749046214657,CR08422452934997966849,TEXT,2025-05-21T22:04:21.000Z,2026-10-02T11:06:13.000Z,https://adstransparency.google.com/advertiser/AR17572813749046214657/creative/CR08422452934997966849?region=US
tripadvisor.com,Tripadvisor,AR17572813749046214657,CR04955451232249446401,TEXT,2024-11-21T01:49:18.000Z,2026-10-02T11:05:59.000Z,https://adstransparency.google.com/advertiser/AR17572813749046214657/creative/CR04955451232249446401?region=US
tripadvisor.com,Tripadvisor,AR17572813749046214657,CR12310440202454695937,TEXT,2024-11-22T16:29:04.000Z,2026-10-02T11:05:55.000Z,https://adstransparency.google.com/advertiser/AR17572813749046214657/creative/CR12310440202454695937?region=US
tripadvisor.com,Tripadvisor,AR17572813749046214657,CR11873779802412417025,TEXT,2026-06-24T08:26:17.000Z,2026-10-02T11:04:08.000Z,https://adstransparency.google.com/advertiser/AR17572813749046214657/creative/CR11873779802412417025?region=US
tripadvisor.com,Tripadvisor,AR17572813749046214657,CR06475142766178336769,TEXT,2026-06-25T12:40:19.000Z,2026-10-02T11:03:57.000Z,https://adstransparency.google.com/advertiser/AR17572813749046214657/creative/CR06475142766178336769?region=US
tripadvisor.com,Tripadvisor,AR17572813749046214657,CR10590778375658274817,TEXT,2026-06-24T08:25:13.000Z,2026-10-02T11:03:40.000Z,https://adstransparency.google.com/advertiser/AR17572813749046214657/creative/CR10590778375658274817?region=US
tripadvisor.com,Tripadvisor,AR17572813749046214657,CR12361332420996235265,TEXT,2024-02-23T00:35:46.000Z,2026-10-02T11:03:33.000Z,https://adstransparency.google.com/advertiser/AR17572813749046214657/creative/CR12361332420996235265?region=US
tripadvisor.com,Tripadvisor,AR17572813749046214657,CR18025391924952694785,TEXT,2023-05-23T19:43:28.000Z,2026-10-02T11:02:38.000Z,https://adstransparency.google.com/advertiser/AR17572813749046214657/creative/CR18025391924952694785?region=US
tripadvisor.com,Tripadvisor,AR17572813749046214657,CR04652670022294962177,TEXT,2025-05-22T22:15:27.000Z,2026-10-02T11:02:28.000Z,https://adstransparency.google.com/advertiser/AR17572813749046214657/creative/CR04652670022294962177?region=US
tripadvisor.com,Tripadvisor,AR17572813749046214657,CR03582513877511831553,TEXT,2024-11-21T03:27:31.000Z,2026-10-02T11:02:22.000Z,https://adstransparency.google.com/advertiser/AR17572813749046214657/creative/CR03582513877511831553?region=US
tripadvisor.com,Tripadvisor,AR17572813749046214657,CR08530378866076680193,VIDEO,2026-04-14T19:43:25.000Z,2026-10-02T11:01:58.000Z,https://adstransparency.google.com/advertiser/AR17572813749046214657/creative/CR08530378866076680193?region=US
tripadvisor.com,Tripadvisor,AR17572813749046214657,CR00836823748551114753,TEXT,2024-11-21T17:28:38.000Z,2026-10-02T11:01:38.000Z,https://adstransparency.google.com/advertiser/AR17572813749046214657/creative/CR00836823748551114753?region=US
tripadvisor.com,Tripadvisor,AR17572813749046214657,CR03813098843294138369,TEXT,2026-06-24T09:22:27.000Z,2026-10-02T11:01:34.000Z,https://adstransparency.google.com/advertiser/AR17572813749046214657/creative/CR03813098843294138369?region=US
tripadvisor.com,Tripadvisor,AR17572813749046214657,CR04010870482273304577,TEXT,2024-11-22T23:38:40.000Z,2026-10-02T11:01:19.000Z,https://adstransparency.google.com/advertiser/AR17572813749046214657/creative/CR04010870482273304577?region=US
tripadvisor.com,Tripadvisor,AR17572813749046214657,CR05766946510684028929,TEXT,2025-05-21T23:51:49.000Z,2026-10-02T11:00:10.000Z,https://adstransparency.google.com/advertiser/AR17572813749046214657/creative/CR05766946510684028929?region=US
tripadvisor.com,TripAdvisor LLC,AR04886545061875023873,CR17132899189722710017,IMAGE,2026-09-10T22:00:00.000Z,2026-10-02T11:00:00.000Z,https://adstransparency.google.com/advertiser/AR04886545061875023873/creative/CR17132899189722710017?region=US
tripadvisor.com,Tripadvisor,AR17572813749046214657,CR16382539961838075905,TEXT,2025-05-21T20:11:09.000Z,2026-10-02T10:59:48.000Z,https://adstransparency.google.com/advertiser/AR17572813749046214657/creative/CR16382539961838075905?region=US
tripadvisor.com,Tripadvisor,AR17572813749046214657,CR04581720254941495297,TEXT,2025-05-21T19:22:21.000Z,2026-10-02T10:59:43.000Z,https://adstransparency.google.com/advertiser/AR17572813749046214657/creative/CR04581720254941495297?region=US
tripadvisor.com,Tripadvisor,AR17572813749046214657,CR07561627663656288257,TEXT,2025-05-21T21:00:20.000Z,2026-10-02T10:59:18.000Z,https://adstransparency.google.com/advertiser/AR17572813749046214657/creative/CR07561627663656288257?region=US
tripadvisor.com,Tripadvisor,AR17572813749046214657,CR04508494979554869249,TEXT,2025-05-21T19:23:40.000Z,2026-10-02T10:58:56.000Z,https://adstransparency.google.com/advertiser/AR17572813749046214657/creative/CR04508494979554869249?region=US
tripadvisor.com,Tripadvisor,AR17572813749046214657,CR06468856136647835649,VIDEO,2026-04-14T19:37:03.000Z,2026-10-02T10:58:53.000Z,https://adstransparency.google.com/advertiser/AR17572813749046214657/creative/CR06468856136647835649?region=US
tripadvisor.com,Tripadvisor,AR17572813749046214657,CR10408723001267716097,TEXT,2025-05-21T23:26:41.000Z,2026-10-02T10:58:52.000Z,https://adstransparency.google.com/advertiser/AR17572813749046214657/creative/CR10408723001267716097?region=US
tripadvisor.com,Tripadvisor,AR17572813749046214657,CR15715900564359348225,TEXT,2025-05-21T23:11:34.000Z,2026-10-02T10:58:36.000Z,https://adstransparency.google.com/advertiser/AR17572813749046214657/creative/CR15715900564359348225?region=US
tripadvisor.com,Tripadvisor,AR17572813749046214657,CR13539047483312701441,TEXT,2024-11-21T21:18:58.000Z,2026-10-02T10:58:03.000Z,https://adstransparency.google.com/advertiser/AR17572813749046214657/creative/CR13539047483312701441?region=US
tripadvisor.com,Tripadvisor,AR17572813749046214657,CR17777511254718414849,TEXT,2025-05-21T21:13:25.000Z,2026-10-02T10:56:58.000Z,https://adstransparency.google.com/advertiser/AR17572813749046214657/creative/CR17777511254718414849?region=US
tripadvisor.com,Tripadvisor,AR17572813749046214657,CR18377494683908571137,TEXT,2024-11-23T00:14:09.000Z,2026-10-02T10:56:50.000Z,https://adstransparency.google.com/advertiser/AR17572813749046214657/creative/CR18377494683908571137?region=US
tripadvisor.com,Tripadvisor,AR17572813749046214657,CR00026112043950014465,TEXT,2024-11-21T19:17:26.000Z,2026-10-02T10:56:03.000Z,https://adstransparency.google.com/advertiser/AR17572813749046214657/creative/CR00026112043950014465?region=US
tripadvisor.com,Tripadvisor,AR17572813749046214657,CR01404054822293864449,TEXT,2024-11-27T16:28:04.000Z,2026-10-02T10:55:56.000Z,https://adstransparency.google.com/advertiser/AR17572813749046214657/creative/CR01404054822293864449?region=US
tripadvisor.com,Tripadvisor,AR17572813749046214657,CR02202369421622640641,TEXT,2024-11-22T01:53:03.000Z,2026-10-02T10:55:31.000Z,https://adstransparency.google.com/advertiser/AR17572813749046214657/creative/CR02202369421622640641?region=US
tripadvisor.com,Tripadvisor,AR17572813749046214657,CR08455108232774418433,TEXT,2024-11-22T17:57:35.000Z,2026-10-02T10:54:26.000Z,https://adstransparency.google.com/advertiser/AR17572813749046214657/creative/CR08455108232774418433?region=US
tripadvisor.com,Tripadvisor,AR17572813749046214657,CR11514523723885445121,TEXT,2024-12-06T03:20:36.000Z,2026-10-02T10:54:18.000Z,https://adstransparency.google.com/advertiser/AR17572813749046214657/creative/CR11514523723885445121?region=US
tripadvisor.com,Tripadvisor,AR17572813749046214657,CR17682132469299544065,TEXT,2025-05-21T21:32:02.000Z,2026-10-02T10:54:11.000Z,https://adstransparency.google.com/advertiser/AR17572813749046214657/creative/CR17682132469299544065?region=US
tripadvisor.com,Tripadvisor,AR17572813749046214657,CR16980552198607863809,TEXT,2024-11-21T02:23:16.000Z,2026-10-02T10:54:11.000Z,https://adstransparency.google.com/advertiser/AR17572813749046214657/creative/CR16980552198607863809?region=US
tripadvisor.com,Tripadvisor,AR17572813749046214657,CR02473730480495656961,TEXT,2024-11-21T01:56:30.000Z,2026-10-02T10:53:46.000Z,https://adstransparency.google.com/advertiser/AR17572813749046214657/creative/CR02473730480495656961?region=US
tripadvisor.com,Tripadvisor,AR17572813749046214657,CR03336656927147950081,TEXT,2025-05-22T01:03:13.000Z,2026-10-02T10:53:39.000Z,https://adstransparency.google.com/advertiser/AR17572813749046214657/creative/CR03336656927147950081?region=US
tripadvisor.com,Tripadvisor,AR17572813749046214657,CR09040045395094274049,TEXT,2024-11-21T20:25:13.000Z,2026-10-02T10:53:33.000Z,https://adstransparency.google.com/advertiser/AR17572813749046214657/creative/CR09040045395094274049?region=US
tripadvisor.com,Tripadvisor,AR17572813749046214657,CR00487092567456874497,TEXT,2024-11-22T02:35:19.000Z,2026-10-02T10:53:22.000Z,https://adstransparency.google.com/advertiser/AR17572813749046214657/creative/CR00487092567456874497?region=US
tripadvisor.com,Tripadvisor,AR17572813749046214657,CR13322883213824098305,TEXT,2026-03-03T01:31:06.000Z,2026-10-02T10:53:08.000Z,https://adstransparency.google.com/advertiser/AR17572813749046214657/creative/CR13322883213824098305?region=US
tripadvisor.com,Tripadvisor,AR17572813749046214657,CR11521160650948608001,TEXT,2025-05-22T13:51:37.000Z,2026-10-02T10:52:26.000Z,https://adstransparency.google.com/advertiser/AR17572813749046214657/creative/CR11521160650948608001?region=US
tripadvisor.com,Tripadvisor,AR17572813749046214657,CR17223943434016915457,TEXT,2025-05-21T20:42:32.000Z,2026-10-02T10:52:18.000Z,https://adstransparency.google.com/advertiser/AR17572813749046214657/creative/CR17223943434016915457?region=US
tripadvisor.com,Tripadvisor,AR17572813749046214657,CR12768576598618144769,TEXT,2024-11-21T21:21:22.000Z,2026-10-02T10:51:17.000Z,https://adstransparency.google.com/advertiser/AR17572813749046214657/creative/CR12768576598618144769?region=US
tripadvisor.com,Tripadvisor,AR17572813749046214657,CR14077920880864788481,TEXT,2024-11-22T00:50:13.000Z,2026-10-02T10:50:36.000Z,https://adstransparency.google.com/advertiser/AR17572813749046214657/creative/CR14077920880864788481?region=US
tripadvisor.com,Tripadvisor,AR17572813749046214657,CR14185404043764957185,TEXT,2024-11-23T14:17:15.000Z,2026-10-02T10:49:47.000Z,https://adstransparency.google.com/advertiser/AR17572813749046214657/creative/CR14185404043764957185?region=US
tripadvisor.com,Tripadvisor,AR17572813749046214657,CR14400662607730049025,TEXT,2024-02-27T03:44:09.000Z,2026-10-02T10:49:09.000Z,https://adstransparency.google.com/advertiser/AR17572813749046214657/creative/CR14400662607730049025?region=US
tripadvisor.com,Tripadvisor,AR17572813749046214657,CR15814363892210991105,TEXT,2025-05-22T00:39:18.000Z,2026-10-02T10:49:00.000Z,https://adstransparency.google.com/advertiser/AR17572813749046214657/creative/CR15814363892210991105?region=US
tripadvisor.com,Tripadvisor,AR17572813749046214657,CR02177535688788934657,TEXT,2025-05-21T22:25:58.000Z,2026-10-02T10:48:35.000Z,https://adstransparency.google.com/advertiser/AR17572813749046214657/creative/CR02177535688788934657?region=US
tripadvisor.com,Tripadvisor,AR17572813749046214657,CR16870564794896220161,TEXT,2025-05-21T20:31:27.000Z,2026-10-02T10:48:25.000Z,https://adstransparency.google.com/advertiser/AR17572813749046214657/creative/CR16870564794896220161?region=US
tripadvisor.com,Tripadvisor,AR17572813749046214657,CR11285852105903964161,TEXT,2026-06-24T14:09:28.000Z,2026-10-02T10:48:14.000Z,https://adstransparency.google.com/advertiser/AR17572813749046214657/creative/CR11285852105903964161?region=US
tripadvisor.com,Tripadvisor,AR17572813749046214657,CR13475640503164731393,TEXT,2024-11-21T15:12:56.000Z,2026-10-02T10:47:57.000Z,https://adstransparency.google.com/advertiser/AR17572813749046214657/creative/CR13475640503164731393?region=US
tripadvisor.com,Tripadvisor,AR17572813749046214657,CR05495546797105348609,TEXT,2026-06-25T14:42:53.000Z,2026-10-02T10:47:33.000Z,https://adstransparency.google.com/advertiser/AR17572813749046214657/creative/CR05495546797105348609?region=US
tripadvisor.com,Tripadvisor,AR17572813749046214657,CR13899164410724745217,TEXT,2024-11-22T18:29:59.000Z,2026-10-02T10:47:20.000Z,https://adstransparency.google.com/advertiser/AR17572813749046214657/creative/CR13899164410724745217?region=US
tripadvisor.com,Tripadvisor,AR17572813749046214657,CR16246550053022334977,TEXT,2026-06-24T08:54:22.000Z,2026-10-02T10:47:18.000Z,https://adstransparency.google.com/advertiser/AR17572813749046214657/creative/CR16246550053022334977?region=US
tripadvisor.com,Tripadvisor,AR17572813749046214657,CR11712287838081908737,TEXT,2024-12-02T00:29:07.000Z,2026-10-02T10:45:42.000Z,https://adstransparency.google.com/advertiser/AR17572813749046214657/creative/CR11712287838081908737?region=US
tripadvisor.com,Tripadvisor,AR17572813749046214657,CR08373724091483422721,TEXT,2026-07-29T07:00:00.000Z,2026-10-02T10:45:36.000Z,https://adstransparency.google.com/advertiser/AR17572813749046214657/creative/CR08373724091483422721?region=US
tripadvisor.com,Tripadvisor,AR17572813749046214657,CR14618838064374480897,TEXT,2024-11-21T20:44:20.000Z,2026-10-02T10:45:26.000Z,https://adstransparency.google.com/advertiser/AR17572813749046214657/creative/CR14618838064374480897?region=US
tripadvisor.com,Tripadvisor,AR17572813749046214657,CR05488032872080080897,TEXT,2024-11-24T16:48:03.000Z,2026-10-02T10:45:02.000Z,https://adstransparency.google.com/advertiser/AR17572813749046214657/creative/CR05488032872080080897?region=US
tripadvisor.com,Tripadvisor,AR17572813749046214657,CR00915588775835336705,TEXT,2024-11-22T17:43:03.000Z,2026-10-02T10:44:41.000Z,https://adstransparency.google.com/advertiser/AR17572813749046214657/creative/CR00915588775835336705?region=US
tripadvisor.com,Tripadvisor,AR17572813749046214657,CR11938320387638558721,TEXT,2024-11-22T22:15:16.000Z,2026-10-02T10:44:11.000Z,https://adstransparency.google.com/advertiser/AR17572813749046214657/creative/CR11938320387638558721?region=US
tripadvisor.com,Tripadvisor,AR17572813749046214657,CR00690998407577206785,TEXT,2024-11-21T21:14:43.000Z,2026-10-02T10:44:00.000Z,https://adstransparency.google.com/advertiser/AR17572813749046214657/creative/CR00690998407577206785?region=US
tripadvisor.com,Tripadvisor,AR17572813749046214657,CR14221908104685027329,TEXT,2024-11-23T18:07:41.000Z,2026-10-02T10:42:21.000Z,https://adstransparency.google.com/advertiser/AR17572813749046214657/creative/CR14221908104685027329?region=US
tripadvisor.com,Tripadvisor,AR17572813749046214657,CR12278128441932382209,TEXT,2024-11-21T17:15:54.000Z,2026-10-02T10:41:26.000Z,https://adstransparency.google.com/advertiser/AR17572813749046214657/creative/CR12278128441932382209?region=US
tripadvisor.com,Tripadvisor,AR17572813749046214657,CR06001752716353732609,TEXT,2025-05-21T20:24:02.000Z,2026-10-02T10:41:22.000Z,https://adstransparency.google.com/advertiser/AR17572813749046214657/creative/CR06001752716353732609?region=US
tripadvisor.com,Tripadvisor,AR17572813749046214657,CR02501025848065261569,TEXT,2026-02-27T21:13:36.000Z,2026-10-02T10:41:10.000Z,https://adstransparency.google.com/advertiser/AR17572813749046214657/creative/CR02501025848065261569?region=US
tripadvisor.com,Tripadvisor,AR17572813749046214657,CR01651978579640057857,TEXT,2024-11-21T21:53:34.000Z,2026-10-02T10:41:07.000Z,https://adstransparency.google.com/advertiser/AR17572813749046214657/creative/CR01651978579640057857?region=US
tripadvisor.com,Tripadvisor,AR17572813749046214657,CR06441398350594965505,TEXT,2025-05-21T22:23:17.000Z,2026-10-02T10:40:39.000Z,https://adstransparency.google.com/advertiser/AR17572813749046214657/creative/CR06441398350594965505?region=US
tripadvisor.com,Tripadvisor,AR17572813749046214657,CR12276662140097527809,TEXT,2024-11-22T03:27:15.000Z,2026-10-02T10:39:49.000Z,https://adstransparency.google.com/advertiser/AR17572813749046214657/creative/CR12276662140097527809?region=US
tripadvisor.com,Tripadvisor,AR17572813749046214657,CR06240145486003568641,TEXT,2026-01-22T21:49:02.000Z,2026-10-02T10:39:40.000Z,https://adstransparency.google.com/advertiser/AR17572813749046214657/creative/CR06240145486003568641?region=US
tripadvisor.com,Tripadvisor,AR17572813749046214657,CR08045847868654747649,TEXT,2024-11-21T02:54:42.000Z,2026-10-02T10:38:31.000Z,https://adstransparency.google.com/advertiser/AR17572813749046214657/creative/CR08045847868654747649?region=US
tripadvisor.com,Tripadvisor,AR17572813749046214657,CR02731541278327046145,TEXT,2024-11-22T21:22:49.000Z,2026-10-02T10:38:16.000Z,https://adstransparency.google.com/advertiser/AR17572813749046214657/creative/CR02731541278327046145?region=US
tripadvisor.com,Tripadvisor,AR17572813749046214657,CR15945432240951918593,TEXT,2024-11-21T07:05:07.000Z,2026-10-02T10:38:15.000Z,https://adstransparency.google.com/advertiser/AR17572813749046214657/creative/CR15945432240951918593?region=US
tripadvisor.com,Tripadvisor,AR17572813749046214657,CR05189679541479538689,TEXT,2024-11-21T03:25:19.000Z,2026-10-02T10:38:07.000Z,https://adstransparency.google.com/advertiser/AR17572813749046214657/creative/CR05189679541479538689?region=US
tripadvisor.com,Tripadvisor,AR17572813749046214657,CR00024245915019640833,TEXT,2023-05-26T07:00:00.000Z,2026-10-02T10:37:25.000Z,https://adstransparency.google.com/advertiser/AR17572813749046214657/creative/CR00024245915019640833?region=US
tripadvisor.com,Tripadvisor,AR17572813749046214657,CR05469415185284333569,TEXT,2026-03-02T22:26:41.000Z,2026-10-02T10:37:19.000Z,https://adstransparency.google.com/advertiser/AR17572813749046214657/creative/CR05469415185284333569?region=US
tripadvisor.com,Tripadvisor,AR17572813749046214657,CR01742251430628032513,TEXT,2024-11-21T04:31:11.000Z,2026-10-02T10:37:05.000Z,https://adstransparency.google.com/advertiser/AR17572813749046214657/creative/CR01742251430628032513?region=US
tripadvisor.com,Tripadvisor,AR17572813749046214657,CR07867081605989269505,TEXT,2025-04-05T18:29:56.000Z,2026-10-02T10:35:56.000Z,https://adstransparency.google.com/advertiser/AR17572813749046214657/creative/CR07867081605989269505?region=US
tripadvisor.com,Tripadvisor,AR17572813749046214657,CR15651971659785568257,TEXT,2025-05-21T21:54:07.000Z,2026-10-02T10:35:18.000Z,https://adstransparency.google.com/advertiser/AR17572813749046214657/creative/CR15651971659785568257?region=US
tripadvisor.com,Tripadvisor,AR17572813749046214657,CR12528950133972271105,TEXT,2024-11-21T21:39:16.000Z,2026-10-02T10:35:04.000Z,https://adstransparency.google.com/advertiser/AR17572813749046214657/creative/CR12528950133972271105?region=US
tripadvisor.com,Tripadvisor,AR17572813749046214657,CR16884580647572602881,TEXT,2024-11-21T23:20:36.000Z,2026-10-02T10:34:14.000Z,https://adstransparency.google.com/advertiser/AR17572813749046214657/creative/CR16884580647572602881?region=US
tripadvisor.com,Tripadvisor,AR17572813749046214657,CR07279489226167549953,TEXT,2026-03-26T01:15:50.000Z,2026-10-02T10:33:58.000Z,https://adstransparency.google.com/advertiser/AR17572813749046214657/creative/CR07279489226167549953?region=US
tripadvisor.com,Tripadvisor,AR17572813749046214657,CR04940048620532531201,TEXT,2024-11-22T02:10:29.000Z,2026-10-02T10:33:45.000Z,https://adstransparency.google.com/advertiser/AR17572813749046214657/creative/CR04940048620532531201?region=US
tripadvisor.com,Tripadvisor,AR17572813749046214657,CR04120644829837262849,TEXT,2024-11-23T00:44:14.000Z,2026-10-02T10:33:38.000Z,https://adstransparency.google.com/advertiser/AR17572813749046214657/creative/CR04120644829837262849?region=US
tripadvisor.com,Tripadvisor,AR17572813749046214657,CR10265704807968800769,TEXT,2026-03-02T22:33:15.000Z,2026-10-02T10:33:27.000Z,https://adstransparency.google.com/advertiser/AR17572813749046214657/creative/CR10265704807968800769?region=US
tripadvisor.com,Tripadvisor,AR17572813749046214657,CR05928366980988928001,TEXT,2025-05-22T13:55:58.000Z,2026-10-02T10:33:24.000Z,https://adstransparency.google.com/advertiser/AR17572813749046214657/creative/CR05928366980988928001?region=US
tripadvisor.com,Tripadvisor,AR17572813749046214657,CR08342688391514554369,TEXT,2024-11-22T21:50:42.000Z,2026-10-02T10:32:54.000Z,https://adstransparency.google.com/advertiser/AR17572813749046214657/creative/CR08342688391514554369?region=US
tripadvisor.com,Tripadvisor,AR17572813749046214657,CR04995515434510843905,TEXT,2026-06-24T08:27:54.000Z,2026-10-02T10:32:52.000Z,https://adstransparency.google.com/advertiser/AR17572813749046214657/creative/CR04995515434510843905?region=US
tripadvisor.com,Tripadvisor,AR17572813749046214657,CR02085731329772617729,TEXT,2023-05-29T07:00:00.000Z,2026-10-02T10:32:09.000Z,https://adstransparency.google.com/advertiser/AR17572813749046214657/creative/CR02085731329772617729?region=US
tripadvisor.com,Tripadvisor,AR17572813749046214657,CR07570440111913959425,TEXT,2025-05-22T00:54:42.000Z,2026-10-02T10:31:57.000Z,https://adstransparency.google.com/advertiser/AR17572813749046214657/creative/CR07570440111913959425?region=US
tripadvisor.com,Tripadvisor,AR17572813749046214657,CR11655330833660641281,TEXT,2024-11-21T20:31:21.000Z,2026-10-02T10:31:55.000Z,https://adstransparency.google.com/advertiser/AR17572813749046214657/creative/CR11655330833660641281?region=US
tripadvisor.com,Tripadvisor,AR17572813749046214657,CR15147360582153273345,TEXT,2024-11-23T14:18:08.000Z,2026-10-02T10:31:34.000Z,https://adstransparency.google.com/advertiser/AR17572813749046214657/creative/CR15147360582153273345?region=US
tripadvisor.com,Tripadvisor,AR17572813749046214657,CR06736483769429000193,TEXT,2025-05-21T22:38:40.000Z,2026-10-02T10:30:56.000Z,https://adstransparency.google.com/advertiser/AR17572813749046214657/creative/CR06736483769429000193?region=US
tripadvisor.com,Tripadvisor,AR17572813749046214657,CR10518411071528632321,TEXT,2024-11-21T20:17:52.000Z,2026-10-02T10:30:30.000Z,https://adstransparency.google.com/advertiser/AR17572813749046214657/creative/CR10518411071528632321?region=US
tripadvisor.com,Tripadvisor,AR17572813749046214657,CR02517316624659251201,TEXT,2026-03-02T23:12:23.000Z,2026-10-02T10:30:27.000Z,https://adstransparency.google.com/advertiser/AR17572813749046214657/creative/CR02517316624659251201?region=US
tripadvisor.com,Tripadvisor,AR17572813749046214657,CR09320928482361868289,TEXT,2024-11-21T05:05:42.000Z,2026-10-02T10:29:55.000Z,https://adstransparency.google.com/advertiser/AR17572813749046214657/creative/CR09320928482361868289?region=US
tripadvisor.com,Tripadvisor,AR17572813749046214657,CR16360898996023066625,TEXT,2024-11-21T16:04:48.000Z,2026-10-02T10:29:24.000Z,https://adstransparency.google.com/advertiser/AR17572813749046214657/creative/CR16360898996023066625?region=US
tripadvisor.com,Tripadvisor,AR17572813749046214657,CR15380220102485999617,TEXT,2026-03-02T22:37:32.000Z,2026-10-02T10:28:49.000Z,https://adstransparency.google.com/advertiser/AR17572813749046214657/creative/CR15380220102485999617?region=US
tripadvisor.com,Tripadvisor,AR17572813749046214657,CR13126719722269704193,TEXT,2024-11-26T22:56:10.000Z,2026-10-02T10:28:26.000Z,https://adstransparency.google.com/advertiser/AR17572813749046214657/creative/CR13126719722269704193?region=US
tripadvisor.com,Tripadvisor,AR17572813749046214657,CR09961067313148985345,TEXT,2026-08-13T16:00:52.000Z,2026-10-02T10:27:56.000Z,https://adstransparency.google.com/advertiser/AR17572813749046214657/creative/CR09961067313148985345?region=US
tripadvisor.com,Tripadvisor,AR17572813749046214657,CR06548772532994965505,TEXT,2024-11-22T19:37:14.000Z,2026-10-02T10:27:44.000Z,https://adstransparency.google.com/advertiser/AR17572813749046214657/creative/CR06548772532994965505?region=US
tripadvisor.com,Tripadvisor,AR17572813749046214657,CR12687568559023325185,TEXT,2026-01-25T05:42:07.000Z,2026-10-02T10:27:28.000Z,https://adstransparency.google.com/advertiser/AR17572813749046214657/creative/CR12687568559023325185?region=US
tripadvisor.com,Tripadvisor,AR17572813749046214657,CR08247062928944005121,TEXT,2026-03-07T01:18:11.000Z,2026-10-02T10:26:55.000Z,https://adstransparency.google.com/advertiser/AR17572813749046214657/creative/CR08247062928944005121?region=US
tripadvisor.com,Tripadvisor,AR17572813749046214657,CR02933999138943008769,TEXT,2024-11-27T03:44:01.000Z,2026-10-02T10:26:32.000Z,https://adstransparency.google.com/advertiser/AR17572813749046214657/creative/CR02933999138943008769?region=US
tripadvisor.com,Tripadvisor,AR17572813749046214657,CR09342541350500827137,TEXT,2024-11-23T00:45:59.000Z,2026-10-02T10:26:26.000Z,https://adstransparency.google.com/advertiser/AR17572813749046214657/creative/CR09342541350500827137?region=US
tripadvisor.com,Tripadvisor,AR17572813749046214657,CR10090280828723527681,TEXT,2024-11-21T23:08:16.000Z,2026-10-02T10:25:47.000Z,https://adstransparency.google.com/advertiser/AR17572813749046214657/creative/CR10090280828723527681?region=US
tripadvisor.com,Tripadvisor,AR17572813749046214657,CR05831032258873524225,TEXT,2026-06-24T12:58:19.000Z,2026-10-02T10:25:31.000Z,https://adstransparency.google.com/advertiser/AR17572813749046214657/creative/CR05831032258873524225?region=US
tripadvisor.com,Tripadvisor,AR17572813749046214657,CR12373878312525627393,TEXT,2024-11-21T02:37:12.000Z,2026-10-02T10:25:26.000Z,https://adstransparency.google.com/advertiser/AR17572813749046214657/creative/CR12373878312525627393?region=US
tripadvisor.com,Tripadvisor,AR17572813749046214657,CR18255391710030856193,TEXT,2024-11-22T05:34:23.000Z,2026-10-02T10:25:18.000Z,https://adstransparency.google.com/advertiser/AR17572813749046214657/creative/CR18255391710030856193?region=US
tripadvisor.com,Tripadvisor,AR17572813749046214657,CR06701441955894657025,TEXT,2024-11-21T04:35:45.000Z,2026-10-02T10:24:32.000Z,https://adstransparency.google.com/advertiser/AR17572813749046214657/creative/CR06701441955894657025?region=US
tripadvisor.com,Tripadvisor,AR17572813749046214657,CR16612957844802633729,TEXT,2024-11-22T01:00:45.000Z,2026-10-02T10:24:26.000Z,https://adstransparency.google.com/advertiser/AR17572813749046214657/creative/CR16612957844802633729?region=US
tripadvisor.com,Tripadvisor,AR17572813749046214657,CR18139388019210190849,TEXT,2025-05-21T21:40:07.000Z,2026-10-02T10:24:17.000Z,https://adstransparency.google.com/advertiser/AR17572813749046214657/creative/CR18139388019210190849?region=US
tripadvisor.com,Tripadvisor,AR17572813749046214657,CR14026419721860022273,TEXT,2025-05-22T00:05:16.000Z,2026-10-02T10:23:36.000Z,https://adstransparency.google.com/advertiser/AR17572813749046214657/creative/CR14026419721860022273?region=US
tripadvisor.com,Tripadvisor,AR17572813749046214657,CR06434021959012450305,TEXT,2026-01-23T09:12:20.000Z,2026-10-02T10:22:57.000Z,https://adstransparency.google.com/advertiser/AR17572813749046214657/creative/CR06434021959012450305?region=US
tripadvisor.com,Tripadvisor,AR17572813749046214657,CR15637426048663027713,TEXT,2024-11-22T17:32:39.000Z,2026-10-02T10:22:47.000Z,https://adstransparency.google.com/advertiser/AR17572813749046214657/creative/CR15637426048663027713?region=US
tripadvisor.com,Tripadvisor,AR17572813749046214657,CR13669278691388030977,TEXT,2024-11-24T01:06:59.000Z,2026-10-02T10:22:11.000Z,https://adstransparency.google.com/advertiser/AR17572813749046214657/creative/CR13669278691388030977?region=US
tripadvisor.com,Tripadvisor,AR17572813749046214657,CR17731700618143203329,TEXT,2024-11-22T16:53:32.000Z,2026-10-02T10:22:06.000Z,https://adstransparency.google.com/advertiser/AR17572813749046214657/creative/CR17731700618143203329?region=US
tripadvisor.com,Tripadvisor,AR17572813749046214657,CR05197789814123921409,TEXT,2025-05-21T23:03:22.000Z,2026-10-02T10:21:48.000Z,https://adstransparency.google.com/advertiser/AR17572813749046214657/creative/CR05197789814123921409?region=US
tripadvisor.com,Tripadvisor,AR17572813749046214657,CR05571396443538718721,TEXT,2024-11-21T23:14:03.000Z,2026-10-02T10:21:46.000Z,https://adstransparency.google.com/advertiser/AR17572813749046214657/creative/CR05571396443538718721?region=US
tripadvisor.com,Tripadvisor,AR17572813749046214657,CR09267811496530804737,TEXT,2024-11-22T02:19:53.000Z,2026-10-02T10:21:39.000Z,https://adstransparency.google.com/advertiser/AR17572813749046214657/creative/CR09267811496530804737?region=US
tripadvisor.com,Tripadvisor,AR17572813749046214657,CR02655658414616608769,TEXT,2024-11-23T00:52:57.000Z,2026-10-02T10:21:18.000Z,https://adstransparency.google.com/advertiser/AR17572813749046214657/creative/CR02655658414616608769?region=US
tripadvisor.com,Tripadvisor,AR17572813749046214657,CR08945425788094644225,TEXT,2024-11-21T23:39:18.000Z,2026-10-02T10:21:12.000Z,https://adstransparency.google.com/advertiser/AR17572813749046214657/creative/CR08945425788094644225?region=US
tripadvisor.com,Tripadvisor,AR17572813749046214657,CR02025987458511929345,TEXT,2024-11-29T15:12:52.000Z,2026-10-02T10:19:57.000Z,https://adstransparency.google.com/advertiser/AR17572813749046214657/creative/CR02025987458511929345?region=US
tripadvisor.com,Tripadvisor,AR17572813749046214657,CR04870546635114938369,TEXT,2024-11-25T17:26:22.000Z,2026-10-02T10:19:44.000Z,https://adstransparency.google.com/advertiser/AR17572813749046214657/creative/CR04870546635114938369?region=US
tripadvisor.com,Tripadvisor,AR17572813749046214657,CR01715375930471350273,TEXT,2024-11-23T23:45:11.000Z,2026-10-02T10:18:55.000Z,https://adstransparency.google.com/advertiser/AR17572813749046214657/creative/CR01715375930471350273?region=US
tripadvisor.com,Tripadvisor,AR17572813749046214657,CR03089871980380291073,TEXT,2025-05-22T00:23:12.000Z,2026-10-02T10:18:48.000Z,https://adstransparency.google.com/advertiser/AR17572813749046214657/creative/CR03089871980380291073?region=US
tripadvisor.com,Tripadvisor,AR17572813749046214657,CR02397783973959827457,TEXT,2026-06-24T10:13:47.000Z,2026-10-02T10:18:33.000Z,https://adstransparency.google.com/advertiser/AR17572813749046214657/creative/CR02397783973959827457?region=US
tripadvisor.com,Tripadvisor,AR17572813749046214657,CR11461789642978754561,TEXT,2024-11-21T03:10:55.000Z,2026-10-02T10:17:52.000Z,https://adstransparency.google.com/advertiser/AR17572813749046214657/creative/CR11461789642978754561?region=US
tripadvisor.com,Tripadvisor,AR17572813749046214657,CR14167142117700272129,TEXT,2024-12-04T18:51:30.000Z,2026-10-02T10:17:47.000Z,https://adstransparency.google.com/advertiser/AR17572813749046214657/creative/CR14167142117700272129?region=US
tripadvisor.com,Tripadvisor,AR17572813749046214657,CR04944986630332088321,TEXT,2024-11-21T23:16:32.000Z,2026-10-02T10:17:40.000Z,https://adstransparency.google.com/advertiser/AR17572813749046214657/creative/CR04944986630332088321?region=US
tripadvisor.com,Tripadvisor,AR17572813749046214657,CR10455479870677843969,TEXT,2024-11-21T05:05:59.000Z,2026-10-02T10:16:55.000Z,https://adstransparency.google.com/advertiser/AR17572813749046214657/creative/CR10455479870677843969?region=US
tripadvisor.com,Tripadvisor,AR17572813749046214657,CR14837976529996087297,TEXT,2026-06-24T23:56:22.000Z,2026-10-02T10:16:16.000Z,https://adstransparency.google.com/advertiser/AR17572813749046214657/creative/CR14837976529996087297?region=US
tripadvisor.com,Tripadvisor,AR17572813749046214657,CR15429790974338924545,TEXT,2024-11-21T02:24:06.000Z,2026-10-02T10:16:05.000Z,https://adstransparency.google.com/advertiser/AR17572813749046214657/creative/CR15429790974338924545?region=US
tripadvisor.com,Tripadvisor,AR17572813749046214657,CR05532858792913403905,TEXT,2025-05-22T05:15:09.000Z,2026-10-02T10:15:59.000Z,https://adstransparency.google.com/advertiser/AR17572813749046214657/creative/CR05532858792913403905?region=US
tripadvisor.com,Tripadvisor,AR17572813749046214657,CR06259861928512847873,TEXT,2026-01-22T23:23:20.000Z,2026-10-02T10:15:59.000Z,https://adstransparency.google.com/advertiser/AR17572813749046214657/creative/CR06259861928512847873?region=US
tripadvisor.com,Tripadvisor,AR17572813749046214657,CR05188562025348857857,TEXT,2024-11-21T19:36:27.000Z,2026-10-02T10:15:56.000Z,https://adstransparency.google.com/advertiser/AR17572813749046214657/creative/CR05188562025348857857?region=US
tripadvisor.com,Tripadvisor,AR17572813749046214657,CR17538382284724371457,TEXT,2024-11-21T03:36:04.000Z,2026-10-02T10:15:16.000Z,https://adstransparency.google.com/advertiser/AR17572813749046214657/creative/CR17538382284724371457?region=US
tripadvisor.com,Tripadvisor,AR17572813749046214657,CR03622827119156920321,TEXT,2025-05-21T23:41:07.000Z,2026-10-02T10:14:53.000Z,https://adstransparency.google.com/advertiser/AR17572813749046214657/creative/CR03622827119156920321?region=US
tripadvisor.com,Tripadvisor,AR17572813749046214657,CR13865842336455458817,TEXT,2024-11-22T17:14:19.000Z,2026-10-02T10:14:46.000Z,https://adstransparency.google.com/advertiser/AR17572813749046214657/creative/CR13865842336455458817?region=US
tripadvisor.com,Tripadvisor,AR17572813749046214657,CR12907809809037787137,TEXT,2026-01-23T01:25:57.000Z,2026-10-02T10:14:03.000Z,https://adstransparency.google.com/advertiser/AR17572813749046214657/creative/CR12907809809037787137?region=US
tripadvisor.com,Tripadvisor,AR17572813749046214657,CR16571123076633198593,TEXT,2023-05-19T23:26:33.000Z,2026-10-02T10:13:57.000Z,https://adstransparency.google.com/advertiser/AR17572813749046214657/creative/CR16571123076633198593?region=US
tripadvisor.com,Tripadvisor,AR17572813749046214657,CR07246852972276088833,IMAGE,2026-04-14T19:42:38.000Z,2026-10-02T10:13:53.000Z,https://adstransparency.google.com/advertiser/AR17572813749046214657/creative/CR07246852972276088833?region=US
tripadvisor.com,Tripadvisor,AR17572813749046214657,CR12181112406390341633,TEXT,2026-06-24T15:58:01.000Z,2026-10-02T10:13:15.000Z,https://adstransparency.google.com/advertiser/AR17572813749046214657/creative/CR12181112406390341633?region=US
tripadvisor.com,Tripadvisor,AR17572813749046214657,CR13959478017987182593,TEXT,2025-05-21T19:43:01.000Z,2026-10-02T10:12:50.000Z,https://adstransparency.google.com/advertiser/AR17572813749046214657/creative/CR13959478017987182593?region=US
tripadvisor.com,Tripadvisor,AR17572813749046214657,CR15394930056237154305,TEXT,2024-11-22T02:17:13.000Z,2026-10-02T10:12:02.000Z,https://adstransparency.google.com/advertiser/AR17572813749046214657/creative/CR15394930056237154305?region=US
tripadvisor.com,Tripadvisor,AR17572813749046214657,CR12777155598223409153,TEXT,2024-11-22T05:20:45.000Z,2026-10-02T10:12:00.000Z,https://adstransparency.google.com/advertiser/AR17572813749046214657/creative/CR12777155598223409153?region=US
tripadvisor.com,Tripadvisor,AR17572813749046214657,CR15389736581782831105,TEXT,2025-05-22T12:11:40.000Z,2026-10-02T10:11:50.000Z,https://adstransparency.google.com/advertiser/AR17572813749046214657/creative/CR15389736581782831105?region=US
tripadvisor.com,Tripadvisor,AR17572813749046214657,CR02157624727210819585,TEXT,2024-11-24T19:52:37.000Z,2026-10-02T10:11:50.000Z,https://adstransparency.google.com/advertiser/AR17572813749046214657/creative/CR02157624727210819585?region=US
tripadvisor.com,Tripadvisor,AR17572813749046214657,CR14156684963256205313,TEXT,2023-05-19T20:27:17.000Z,2026-10-02T10:11:32.000Z,https://adstransparency.google.com/advertiser/AR17572813749046214657/creative/CR14156684963256205313?region=US
tripadvisor.com,Tripadvisor,AR17572813749046214657,CR03062000735005704193,TEXT,2025-05-24T21:00:32.000Z,2026-10-02T10:10:50.000Z,https://adstransparency.google.com/advertiser/AR17572813749046214657/creative/CR03062000735005704193?region=US
tripadvisor.com,Tripadvisor,AR17572813749046214657,CR16945434939677999105,TEXT,2025-05-21T22:52:39.000Z,2026-10-02T10:10:42.000Z,https://adstransparency.google.com/advertiser/AR17572813749046214657/creative/CR16945434939677999105?region=US
tripadvisor.com,Tripadvisor,AR17572813749046214657,CR15416152013632700417,TEXT,2024-11-23T01:37:04.000Z,2026-10-02T10:09:59.000Z,https://adstransparency.google.com/advertiser/AR17572813749046214657/creative/CR15416152013632700417?region=US
tripadvisor.com,Tripadvisor,AR17572813749046214657,CR16666480249776635905,TEXT,2024-11-21T20:31:26.000Z,2026-10-02T10:09:46.000Z,https://adstransparency.google.com/advertiser/AR17572813749046214657/creative/CR16666480249776635905?region=US
tripadvisor.com,Tripadvisor,AR17572813749046214657,CR06610174991776350209,TEXT,2026-01-23T13:04:51.000Z,2026-10-02T10:09:09.000Z,https://adstransparency.google.com/advertiser/AR17572813749046214657/creative/CR06610174991776350209?region=US
tripadvisor.com,Tripadvisor,AR17572813749046214657,CR00355631864863522817,TEXT,2025-05-21T23:03:05.000Z,2026-10-02T10:08:34.000Z,https://adstransparency.google.com/advertiser/AR17572813749046214657/creative/CR00355631864863522817?region=US
tripadvisor.com,Tripadvisor,AR17572813749046214657,CR16420860278528278529,TEXT,2024-11-21T23:21:25.000Z,2026-10-02T10:07:32.000Z,https://adstransparency.google.com/advertiser/AR17572813749046214657/creative/CR16420860278528278529?region=US
tripadvisor.com,Tripadvisor,AR17572813749046214657,CR17791243570833784833,TEXT,2024-11-21T21:52:48.000Z,2026-10-02T10:06:04.000Z,https://adstransparency.google.com/advertiser/AR17572813749046214657/creative/CR17791243570833784833?region=US
tripadvisor.com,Tripadvisor,AR17572813749046214657,CR08039097623174447105,TEXT,2026-06-24T15:22:54.000Z,2026-10-02T10:05:15.000Z,https://adstransparency.google.com/advertiser/AR17572813749046214657/creative/CR08039097623174447105?region=US
tripadvisor.com,Tripadvisor,AR17572813749046214657,CR00433004042843586561,TEXT,2026-01-23T06:55:21.000Z,2026-10-02T10:05:15.000Z,https://adstransparency.google.com/advertiser/AR17572813749046214657/creative/CR00433004042843586561?region=US
tripadvisor.com,Tripadvisor,AR17572813749046214657,CR01493562653707075585,TEXT,2025-05-22T20:57:00.000Z,2026-10-02T10:04:57.000Z,https://adstransparency.google.com/advertiser/AR17572813749046214657/creative/CR01493562653707075585?region=US
tripadvisor.com,Tripadvisor,AR17572813749046214657,CR09996284670586650625,TEXT,2026-06-24T08:36:56.000Z,2026-10-02T10:04:06.000Z,https://adstransparency.google.com/advertiser/AR17572813749046214657/creative/CR09996284670586650625?region=US
tripadvisor.com,Tripadvisor,AR17572813749046214657,CR18260072167821541377,TEXT,2024-11-21T22:22:01.000Z,2026-10-02T10:03:59.000Z,https://adstransparency.google.com/advertiser/AR17572813749046214657/creative/CR18260072167821541377?region=US
tripadvisor.com,Tripadvisor,AR17572813749046214657,CR04610506568868298753,TEXT,2025-05-22T00:37:39.000Z,2026-10-02T10:03:28.000Z,https://adstransparency.google.com/advertiser/AR17572813749046214657/creative/CR04610506568868298753?region=US
tripadvisor.com,Tripadvisor,AR17572813749046214657,CR07916552044326944769,TEXT,2024-11-22T17:19:38.000Z,2026-10-02T10:03:09.000Z,https://adstransparency.google.com/advertiser/AR17572813749046214657/creative/CR07916552044326944769?region=US
tripadvisor.com,Tripadvisor,AR17572813749046214657,CR01604478990125367297,TEXT,2024-11-21T14:34:04.000Z,2026-10-02T10:02:48.000Z,https://adstransparency.google.com/advertiser/AR17572813749046214657/creative/CR01604478990125367297?region=US
tripadvisor.com,Tripadvisor,AR17572813749046214657,CR02985640889407242241,TEXT,2023-05-18T00:15:59.000Z,2026-10-02T10:02:16.000Z,https://adstransparency.google.com/advertiser/AR17572813749046214657/creative/CR02985640889407242241?region=US
tripadvisor.com,Tripadvisor,AR17572813749046214657,CR05042547293497065473,TEXT,2024-11-23T16:30:05.000Z,2026-10-02T10:01:36.000Z,https://adstransparency.google.com/advertiser/AR17572813749046214657/creative/CR05042547293497065473?region=US
tripadvisor.com,Tripadvisor,AR17572813749046214657,CR04206369138660081665,TEXT,2026-06-24T13:40:42.000Z,2026-10-02T10:01:16.000Z,https://adstransparency.google.com/advertiser/AR17572813749046214657/creative/CR04206369138660081665?region=US
tripadvisor.com,Tripadvisor,AR17572813749046214657,CR14040678051210067969,TEXT,2025-05-21T20:04:37.000Z,2026-10-02T10:00:37.000Z,https://adstransparency.google.com/advertiser/AR17572813749046214657/creative/CR14040678051210067969?region=US
tripadvisor.com,Tripadvisor,AR17572813749046214657,CR17202828301047955457,TEXT,2026-07-23T16:14:05.000Z,2026-10-02T09:59:48.000Z,https://adstransparency.google.com/advertiser/AR17572813749046214657/creative/CR17202828301047955457?region=US
tripadvisor.com,Tripadvisor,AR17572813749046214657,CR17377639482949369857,TEXT,2026-06-24T11:05:50.000Z,2026-10-02T09:58:54.000Z,https://adstransparency.google.com/advertiser/AR17572813749046214657/creative/CR17377639482949369857?region=US
tripadvisor.com,Tripadvisor,AR17572813749046214657,CR13307037163913740289,TEXT,2025-05-22T01:56:15.000Z,2026-10-02T09:58:42.000Z,https://adstransparency.google.com/advertiser/AR17572813749046214657/creative/CR13307037163913740289?region=US
tripadvisor.com,Tripadvisor,AR17572813749046214657,CR08041657123035152385,TEXT,2024-11-22T01:57:30.000Z,2026-10-02T09:58:38.000Z,https://adstransparency.google.com/advertiser/AR17572813749046214657/creative/CR08041657123035152385?region=US
tripadvisor.com,Tripadvisor,AR17572813749046214657,CR08950339531328978945,VIDEO,2026-04-14T19:41:28.000Z,2026-10-02T09:58:07.000Z,https://adstransparency.google.com/advertiser/AR17572813749046214657/creative/CR08950339531328978945?region=US
tripadvisor.com,Tripadvisor,AR12169573916620095489,CR12441665884437610497,TEXT,2025-03-13T20:19:12.000Z,2026-10-02T09:57:58.000Z,https://adstransparency.google.com/advertiser/AR12169573916620095489/creative/CR12441665884437610497?region=US
tripadvisor.com,Tripadvisor,AR17572813749046214657,CR11260292832834879489,TEXT,2025-05-22T02:31:43.000Z,2026-10-02T09:57:39.000Z,https://adstransparency.google.com/advertiser/AR17572813749046214657/creative/CR11260292832834879489?region=US
tripadvisor.com,Tripadvisor,AR17572813749046214657,CR07154014513983913985,TEXT,2025-05-21T22:29:49.000Z,2026-10-02T09:56:54.000Z,https://adstransparency.google.com/advertiser/AR17572813749046214657/creative/CR07154014513983913985?region=US
tripadvisor.com,Tripadvisor,AR17572813749046214657,CR10229536441692585985,TEXT,2026-06-24T13:55:14.000Z,2026-10-02T09:56:17.000Z,https://adstransparency.google.com/advertiser/AR17572813749046214657/creative/CR10229536441692585985?region=US
tripadvisor.com,Tripadvisor,AR17572813749046214657,CR07586494940184576001,TEXT,2024-11-21T21:51:23.000Z,2026-10-02T09:56:16.000Z,https://adstransparency.google.com/advertiser/AR17572813749046214657/creative/CR07586494940184576001?region=US
tripadvisor.com,Tripadvisor,AR17572813749046214657,CR07915240361314746369,TEXT,2024-11-22T02:39:07.000Z,2026-10-02T09:56:13.000Z,https://adstransparency.google.com/advertiser/AR17572813749046214657/creative/CR07915240361314746369?region=US
tripadvisor.com,Tripadvisor,AR17572813749046214657,CR01406016351037816833,TEXT,2025-05-21T21:56:25.000Z,2026-10-02T09:56:04.000Z,https://adstransparency.google.com/advertiser/AR17572813749046214657/creative/CR01406016351037816833?region=US
tripadvisor.com,Tripadvisor,AR17572813749046214657,CR18398211115063443457,TEXT,2023-05-28T15:24:28.000Z,2026-10-02T09:55:43.000Z,https://adstransparency.google.com/advertiser/AR17572813749046214657/creative/CR18398211115063443457?region=US
tripadvisor.com,Tripadvisor,AR17572813749046214657,CR04889628066709504001,TEXT,2024-12-08T08:00:00.000Z,2026-10-02T09:55:02.000Z,https://adstransparency.google.com/advertiser/AR17572813749046214657/creative/CR04889628066709504001?region=US
tripadvisor.com,Tripadvisor,AR17572813749046214657,CR09197460688136568833,TEXT,2024-11-21T02:55:28.000Z,2026-10-02T09:54:28.000Z,https://adstransparency.google.com/advertiser/AR17572813749046214657/creative/CR09197460688136568833?region=US
tripadvisor.com,Tripadvisor,AR17572813749046214657,CR13693842777584959489,TEXT,2024-11-22T17:12:47.000Z,2026-10-02T09:53:42.000Z,https://adstransparency.google.com/advertiser/AR17572813749046214657/creative/CR13693842777584959489?region=US
tripadvisor.com,Tripadvisor,AR17572813749046214657,CR04036081940300824577,TEXT,2024-11-21T20:29:00.000Z,2026-10-02T09:53:41.000Z,https://adstransparency.google.com/advertiser/AR17572813749046214657/creative/CR04036081940300824577?region=US
tripadvisor.com,Tripadvisor,AR17572813749046214657,CR15176706547498614785,TEXT,2026-04-13T02:35:08.000Z,2026-10-02T09:53:39.000Z,https://adstransparency.google.com/advertiser/AR17572813749046214657/creative/CR15176706547498614785?region=US
tripadvisor.com,Tripadvisor,AR17572813749046214657,CR12903776224861487105,TEXT,2025-05-22T01:25:07.000Z,2026-10-02T09:53:31.000Z,https://adstransparency.google.com/advertiser/AR17572813749046214657/creative/CR12903776224861487105?region=US
tripadvisor.com,Tripadvisor,AR17572813749046214657,CR06183952616393801729,TEXT,2024-11-21T22:28:14.000Z,2026-10-02T09:53:30.000Z,https://adstransparency.google.com/advertiser/AR17572813749046214657/creative/CR06183952616393801729?region=US
tripadvisor.com,Tripadvisor,AR17572813749046214657,CR11425901549088407553,TEXT,2025-05-21T21:57:07.000Z,2026-10-02T09:53:28.000Z,https://adstransparency.google.com/advertiser/AR17572813749046214657/creative/CR11425901549088407553?region=US
tripadvisor.com,Tripadvisor,AR17572813749046214657,CR00398016895652986881,TEXT,2025-05-22T10:19:54.000Z,2026-10-02T09:53:15.000Z,https://adstransparency.google.com/advertiser/AR17572813749046214657/creative/CR00398016895652986881?region=US
tripadvisor.com,Tripadvisor,AR17572813749046214657,CR00634708600555569153,TEXT,2024-11-21T16:55:35.000Z,2026-10-02T09:53:07.000Z,https://adstransparency.google.com/advertiser/AR17572813749046214657/creative/CR00634708600555569153?region=US
tripadvisor.com,Tripadvisor,AR17572813749046214657,CR11308070650331004929,TEXT,2023-05-19T21:38:12.000Z,2026-10-02T09:52:54.000Z,https://adstransparency.google.com/advertiser/AR17572813749046214657/creative/CR11308070650331004929?region=US
tripadvisor.com,Tripadvisor,AR17572813749046214657,CR13908993074014453761,TEXT,2026-01-22T16:54:46.000Z,2026-10-02T09:52:47.000Z,https://adstransparency.google.com/advertiser/AR17572813749046214657/creative/CR13908993074014453761?region=US
tripadvisor.com,Tripadvisor,AR17572813749046214657,CR02626200917560524801,TEXT,2026-04-10T00:03:54.000Z,2026-10-02T09:52:47.000Z,https://adstransparency.google.com/advertiser/AR17572813749046214657/creative/CR02626200917560524801?region=US
tripadvisor.com,Tripadvisor,AR17572813749046214657,CR14048361507184443393,TEXT,2025-05-21T20:26:33.000Z,2026-10-02T09:52:34.000Z,https://adstransparency.google.com/advertiser/AR17572813749046214657/creative/CR14048361507184443393?region=US
tripadvisor.com,Tripadvisor,AR17572813749046214657,CR10708185988208787457,TEXT,2025-05-21T18:39:04.000Z,2026-10-02T09:52:31.000Z,https://adstransparency.google.com/advertiser/AR17572813749046214657/creative/CR10708185988208787457?region=US
tripadvisor.com,Tripadvisor,AR17572813749046214657,CR09490847696513138689,TEXT,2026-06-24T12:59:55.000Z,2026-10-02T09:52:28.000Z,https://adstransparency.google.com/advertiser/AR17572813749046214657/creative/CR09490847696513138689?region=US
tripadvisor.com,Tripadvisor,AR17572813749046214657,CR17007849292754321409,TEXT,2024-11-22T17:38:11.000Z,2026-10-02T09:52:13.000Z,https://adstransparency.google.com/advertiser/AR17572813749046214657/creative/CR17007849292754321409?region=US
tripadvisor.com,Tripadvisor,AR17572813749046214657,CR05031302270252220417,TEXT,2025-05-22T01:52:27.000Z,2026-10-02T09:52:08.000Z,https://adstransparency.google.com/advertiser/AR17572813749046214657/creative/CR05031302270252220417?region=US
tripadvisor.com,Tripadvisor,AR17572813749046214657,CR08504262690368126977,TEXT,2024-11-22T21:15:01.000Z,2026-10-02T09:52:00.000Z,https://adstransparency.google.com/advertiser/AR17572813749046214657/creative/CR08504262690368126977?region=US
tripadvisor.com,Tripadvisor,AR17572813749046214657,CR13118228915522895873,TEXT,2023-05-22T20:53:21.000Z,2026-10-02T09:51:48.000Z,https://adstransparency.google.com/advertiser/AR17572813749046214657/creative/CR13118228915522895873?region=US
tripadvisor.com,Tripadvisor,AR17572813749046214657,CR18027039508767178753,TEXT,2025-05-21T23:43:25.000Z,2026-10-02T09:51:26.000Z,https://adstransparency.google.com/advertiser/AR17572813749046214657/creative/CR18027039508767178753?region=US
tripadvisor.com,Tripadvisor,AR17572813749046214657,CR01053063600874192897,TEXT,2024-11-21T22:56:03.000Z,2026-10-02T09:51:24.000Z,https://adstransparency.google.com/advertiser/AR17572813749046214657/creative/CR01053063600874192897?region=US
tripadvisor.com,Tripadvisor,AR17572813749046214657,CR02047399373721042945,TEXT,2026-03-02T22:23:13.000Z,2026-10-02T09:51:16.000Z,https://adstransparency.google.com/advertiser/AR17572813749046214657/creative/CR02047399373721042945?region=US
tripadvisor.com,Tripadvisor,AR17572813749046214657,CR04458952188198125569,TEXT,2024-11-22T19:04:12.000Z,2026-10-02T09:50:58.000Z,https://adstransparency.google.com/advertiser/AR17572813749046214657/creative/CR04458952188198125569?region=US
tripadvisor.com,Tripadvisor,AR17572813749046214657,CR00155793530571194369,TEXT,2024-11-22T14:31:40.000Z,2026-10-02T09:50:39.000Z,https://adstransparency.google.com/advertiser/AR17572813749046214657/creative/CR00155793530571194369?region=US
tripadvisor.com,Tripadvisor,AR17572813749046214657,CR03425549143718756353,TEXT,2025-05-22T02:19:34.000Z,2026-10-02T09:50:22.000Z,https://adstransparency.google.com/advertiser/AR17572813749046214657/creative/CR03425549143718756353?region=US
tripadvisor.com,Tripadvisor,AR17572813749046214657,CR02615330484183367681,TEXT,2023-05-31T14:15:32.000Z,2026-10-02T09:49:59.000Z,https://adstransparency.google.com/advertiser/AR17572813749046214657/creative/CR02615330484183367681?region=US
tripadvisor.com,Tripadvisor,AR17572813749046214657,CR10737842565588975617,TEXT,2024-11-24T20:57:02.000Z,2026-10-02T09:49:12.000Z,https://adstransparency.google.com/advertiser/AR17572813749046214657/creative/CR10737842565588975617?region=US
tripadvisor.com,Tripadvisor,AR17572813749046214657,CR04190403516860203009,TEXT,2025-05-21T20:47:32.000Z,2026-10-02T09:49:09.000Z,https://adstransparency.google.com/advertiser/AR17572813749046214657/creative/CR04190403516860203009?region=US
tripadvisor.com,Tripadvisor,AR17572813749046214657,CR15845259722274897921,TEXT,2024-11-21T04:04:12.000Z,2026-10-02T09:49:04.000Z,https://adstransparency.google.com/advertiser/AR17572813749046214657/creative/CR15845259722274897921?region=US
tripadvisor.com,Tripadvisor,AR17572813749046214657,CR03688998177047838721,TEXT,2024-11-21T23:09:05.000Z,2026-10-02T09:48:46.000Z,https://adstransparency.google.com/advertiser/AR17572813749046214657/creative/CR03688998177047838721?region=US
tripadvisor.com,Tripadvisor,AR17572813749046214657,CR18401203143900659713,TEXT,2024-11-21T21:42:58.000Z,2026-10-02T09:48:36.000Z,https://adstransparency.google.com/advertiser/AR17572813749046214657/creative/CR18401203143900659713?region=US
tripadvisor.com,Tripadvisor,AR17572813749046214657,CR08264810944991854593,TEXT,2024-11-21T19:23:41.000Z,2026-10-02T09:48:11.000Z,https://adstransparency.google.com/advertiser/AR17572813749046214657/creative/CR08264810944991854593?region=US
tripadvisor.com,Tripadvisor,AR17572813749046214657,CR13088273270979952641,TEXT,2026-06-24T12:10:32.000Z,2026-10-02T09:48:03.000Z,https://adstransparency.google.com/advertiser/AR17572813749046214657/creative/CR13088273270979952641?region=US
tripadvisor.com,Tripadvisor,AR17572813749046214657,CR07391917657362006017,TEXT,2025-05-22T22:46:24.000Z,2026-10-02T09:47:42.000Z,https://adstransparency.google.com/advertiser/AR17572813749046214657/creative/CR07391917657362006017?region=US
tripadvisor.com,Tripadvisor,AR17572813749046214657,CR09245707868248735745,TEXT,2024-11-23T00:52:55.000Z,2026-10-02T09:47:19.000Z,https://adstransparency.google.com/advertiser/AR17572813749046214657/creative/CR09245707868248735745?region=US
tripadvisor.com,Tripadvisor,AR17572813749046214657,CR14183943591675559937,TEXT,2024-11-21T21:06:20.000Z,2026-10-02T09:47:03.000Z,https://adstransparency.google.com/advertiser/AR17572813749046214657/creative/CR14183943591675559937?region=US
tripadvisor.com,Tripadvisor,AR17572813749046214657,CR01094931010795077633,TEXT,2024-11-21T04:26:07.000Z,2026-10-02T09:46:54.000Z,https://adstransparency.google.com/advertiser/AR17572813749046214657/creative/CR01094931010795077633?region=US
tripadvisor.com,Tripadvisor,AR17572813749046214657,CR14291131200696221697,TEXT,2024-11-22T22:32:45.000Z,2026-10-02T09:46:52.000Z,https://adstransparency.google.com/advertiser/AR17572813749046214657/creative/CR14291131200696221697?region=US
tripadvisor.com,Tripadvisor,AR17572813749046214657,CR08974660110060093441,TEXT,2026-06-24T12:39:43.000Z,2026-10-02T09:46:35.000Z,https://adstransparency.google.com/advertiser/AR17572813749046214657/creative/CR08974660110060093441?region=US
tripadvisor.com,Tripadvisor,AR17572813749046214657,CR04825446137022382081,VIDEO,2026-08-12T07:00:00.000Z,2026-10-02T09:45:45.000Z,https://adstransparency.google.com/advertiser/AR17572813749046214657/creative/CR04825446137022382081?region=US
tripadvisor.com,Tripadvisor,AR17572813749046214657,CR00867547075548545025,TEXT,2023-05-16T00:12:36.000Z,2026-10-02T09:45:27.000Z,https://adstransparency.google.com/advertiser/AR17572813749046214657/creative/CR00867547075548545025?region=US
tripadvisor.com,Tripadvisor,AR17572813749046214657,CR16933834181471895553,TEXT,2023-05-23T03:08:20.000Z,2026-10-02T09:45:27.000Z,https://adstransparency.google.com/advertiser/AR17572813749046214657/creative/CR16933834181471895553?region=US
tripadvisor.com,Tripadvisor,AR17572813749046214657,CR06636930791194492929,TEXT,2024-11-21T22:29:07.000Z,2026-10-02T09:45:18.000Z,https://adstransparency.google.com/advertiser/AR17572813749046214657/creative/CR06636930791194492929?region=US
tripadvisor.com,Tripadvisor,AR17572813749046214657,CR17402482647531257857,TEXT,2024-11-21T03:36:18.000Z,2026-10-02T09:45:15.000Z,https://adstransparency.google.com/advertiser/AR17572813749046214657/creative/CR17402482647531257857?region=US
tripadvisor.com,Tripadvisor,AR17572813749046214657,CR10829604533278081025,TEXT,2026-06-24T12:53:46.000Z,2026-10-02T09:44:21.000Z,https://adstransparency.google.com/advertiser/AR17572813749046214657/creative/CR10829604533278081025?region=US
tripadvisor.com,Tripadvisor,AR17572813749046214657,CR07958465427577765889,TEXT,2024-11-21T18:04:55.000Z,2026-10-02T09:44:11.000Z,https://adstransparency.google.com/advertiser/AR17572813749046214657/creative/CR07958465427577765889?region=US
tripadvisor.com,Tripadvisor,AR17572813749046214657,CR18101384799955451905,TEXT,2025-07-13T02:19:46.000Z,2026-10-02T09:43:40.000Z,https://adstransparency.google.com/advertiser/AR17572813749046214657/creative/CR18101384799955451905?region=US
tripadvisor.com,Tripadvisor,AR17572813749046214657,CR04063816219168342017,TEXT,2025-05-21T23:31:21.000Z,2026-10-02T09:43:20.000Z,https://adstransparency.google.com/advertiser/AR17572813749046214657/creative/CR04063816219168342017?region=US
tripadvisor.com,Tripadvisor,AR17572813749046214657,CR10826491824449781761,TEXT,2024-11-23T20:55:34.000Z,2026-10-02T09:43:04.000Z,https://adstransparency.google.com/advertiser/AR17572813749046214657/creative/CR10826491824449781761?region=US
tripadvisor.com,Tripadvisor,AR17572813749046214657,CR12053490141839228929,TEXT,2024-11-28T23:30:47.000Z,2026-10-02T09:42:55.000Z,https://adstransparency.google.com/advertiser/AR17572813749046214657/creative/CR12053490141839228929?region=US
tripadvisor.com,Tripadvisor,AR17572813749046214657,CR10030650456268603393,TEXT,2025-05-21T21:32:17.000Z,2026-10-02T09:42:36.000Z,https://adstransparency.google.com/advertiser/AR17572813749046214657/creative/CR10030650456268603393?region=US
tripadvisor.com,Tripadvisor,AR17572813749046214657,CR01397654324590411777,TEXT,2024-11-23T02:02:42.000Z,2026-10-02T09:42:26.000Z,https://adstransparency.google.com/advertiser/AR17572813749046214657/creative/CR01397654324590411777?region=US
tripadvisor.com,Tripadvisor,AR17572813749046214657,CR06701758950250905601,TEXT,2024-11-21T23:13:02.000Z,2026-10-02T09:42:07.000Z,https://adstransparency.google.com/advertiser/AR17572813749046214657/creative/CR06701758950250905601?region=US
tripadvisor.com,Tripadvisor,AR17572813749046214657,CR15757676671865454593,TEXT,2026-06-24T09:18:57.000Z,2026-10-02T09:42:01.000Z,https://adstransparency.google.com/advertiser/AR17572813749046214657/creative/CR15757676671865454593?region=US
tripadvisor.com,Tripadvisor,AR17572813749046214657,CR12583710314161242113,TEXT,2023-05-18T02:13:52.000Z,2026-10-02T09:41:53.000Z,https://adstransparency.google.com/advertiser/AR17572813749046214657/creative/CR12583710314161242113?region=US
tripadvisor.com,Tripadvisor,AR17572813749046214657,CR07665450148620664833,TEXT,2025-05-21T22:05:42.000Z,2026-10-02T09:41:52.000Z,https://adstransparency.google.com/advertiser/AR17572813749046214657/creative/CR07665450148620664833?region=US
tripadvisor.com,Tripadvisor,AR17572813749046214657,CR09120407385708429313,TEXT,2024-11-21T21:42:24.000Z,2026-10-02T09:41:20.000Z,https://adstransparency.google.com/advertiser/AR17572813749046214657/creative/CR09120407385708429313?region=US
tripadvisor.com,Tripadvisor,AR17572813749046214657,CR13435919992776294401,TEXT,2024-11-23T00:58:04.000Z,2026-10-02T09:40:56.000Z,https://adstransparency.google.com/advertiser/AR17572813749046214657/creative/CR13435919992776294401?region=US
tripadvisor.com,Tripadvisor,AR17572813749046214657,CR09639146904289804289,TEXT,2023-05-22T16:39:14.000Z,2026-10-02T09:40:27.000Z,https://adstransparency.google.com/advertiser/AR17572813749046214657/creative/CR09639146904289804289?region=US
tripadvisor.com,Tripadvisor,AR17572813749046214657,CR12310501354199056385,TEXT,2024-11-22T02:31:27.000Z,2026-10-02T09:40:04.000Z,https://adstransparency.google.com/advertiser/AR17572813749046214657/creative/CR12310501354199056385?region=US
tripadvisor.com,Tripadvisor,AR17572813749046214657,CR00082948411329871873,TEXT,2024-11-21T22:21:14.000Z,2026-10-02T09:39:42.000Z,https://adstransparency.google.com/advertiser/AR17572813749046214657/creative/CR00082948411329871873?region=US
tripadvisor.com,Tripadvisor,AR17572813749046214657,CR03192173909482930177,TEXT,2026-01-22T21:34:38.000Z,2026-10-02T09:39:41.000Z,https://adstransparency.google.com/advertiser/AR17572813749046214657/creative/CR03192173909482930177?region=US
tripadvisor.com,Tripadvisor,AR17572813749046214657,CR09722219105167081473,TEXT,2024-11-21T21:51:34.000Z,2026-10-02T09:39:33.000Z,https://adstransparency.google.com/advertiser/AR17572813749046214657/creative/CR09722219105167081473?region=US
tripadvisor.com,Tripadvisor,AR17572813749046214657,CR15276762492173287425,TEXT,2024-11-21T21:23:41.000Z,2026-10-02T09:39:32.000Z,https://adstransparency.google.com/advertiser/AR17572813749046214657/creative/CR15276762492173287425?region=US
tripadvisor.com,Tripadvisor,AR17572813749046214657,CR16851828395204411393,TEXT,2024-11-21T22:09:44.000Z,2026-10-02T09:39:07.000Z,https://adstransparency.google.com/advertiser/AR17572813749046214657/creative/CR16851828395204411393?region=US
tripadvisor.com,Tripadvisor,AR17572813749046214657,CR07915360517319819265,TEXT,2024-11-21T14:00:47.000Z,2026-10-02T09:39:03.000Z,https://adstransparency.google.com/advertiser/AR17572813749046214657/creative/CR07915360517319819265?region=US
tripadvisor.com,Tripadvisor,AR17572813749046214657,CR05428355031646601217,TEXT,2024-11-21T08:33:16.000Z,2026-10-02T09:38:59.000Z,https://adstransparency.google.com/advertiser/AR17572813749046214657/creative/CR05428355031646601217?region=US
tripadvisor.com,Tripadvisor,AR17572813749046214657,CR13159375672881184769,TEXT,2024-11-21T17:45:09.000Z,2026-10-02T09:37:40.000Z,https://adstransparency.google.com/advertiser/AR17572813749046214657/creative/CR13159375672881184769?region=US
tripadvisor.com,Tripadvisor,AR17572813749046214657,CR14486519734121529345,TEXT,2026-06-24T16:05:38.000Z,2026-10-02T09:37:32.000Z,https://adstransparency.google.com/advertiser/AR17572813749046214657/creative/CR14486519734121529345?region=US
tripadvisor.com,Tripadvisor,AR17572813749046214657,CR10388028294057426945,IMAGE,2026-06-25T16:25:07.000Z,2026-10-02T09:37:01.000Z,https://adstransparency.google.com/advertiser/AR17572813749046214657/creative/CR10388028294057426945?region=US
tripadvisor.com,Tripadvisor,AR17572813749046214657,CR15855743153328881665,TEXT,2024-11-21T23:02:58.000Z,2026-10-02T09:36:20.000Z,https://adstransparency.google.com/advertiser/AR17572813749046214657/creative/CR15855743153328881665?region=US
tripadvisor.com,Tripadvisor,AR17572813749046214657,CR03043311622903824385,TEXT,2024-11-21T20:12:16.000Z,2026-10-02T09:35:58.000Z,https://adstransparency.google.com/advertiser/AR17572813749046214657/creative/CR03043311622903824385?region=US
tripadvisor.com,Tripadvisor,AR17572813749046214657,CR01457787843874127873,TEXT,2024-11-22T22:05:06.000Z,2026-10-02T09:35:53.000Z,https://adstransparency.google.com/advertiser/AR17572813749046214657/creative/CR01457787843874127873?region=US
tripadvisor.com,Tripadvisor,AR17572813749046214657,CR09545680616268234753,TEXT,2026-06-24T10:55:12.000Z,2026-10-02T09:35:32.000Z,https://adstransparency.google.com/advertiser/AR17572813749046214657/creative/CR09545680616268234753?region=US
tripadvisor.com,Tripadvisor,AR17572813749046214657,CR03836202881128595457,TEXT,2026-03-03T02:27:52.000Z,2026-10-02T09:35:19.000Z,https://adstransparency.google.com/advertiser/AR17572813749046214657/creative/CR03836202881128595457?region=US
tripadvisor.com,Tripadvisor,AR17572813749046214657,CR02706985610266017793,TEXT,2024-11-22T02:11:21.000Z,2026-10-02T09:34:54.000Z,https://adstransparency.google.com/advertiser/AR17572813749046214657/creative/CR02706985610266017793?region=US
tripadvisor.com,Tripadvisor,AR17572813749046214657,CR16183161721622364161,TEXT,2023-05-25T20:17:12.000Z,2026-10-02T09:34:30.000Z,https://adstransparency.google.com/advertiser/AR17572813749046214657/creative/CR16183161721622364161?region=US
tripadvisor.com,Tripadvisor,AR17572813749046214657,CR16169545068976275457,TEXT,2024-11-24T03:46:18.000Z,2026-10-02T09:33:47.000Z,https://adstransparency.google.com/advertiser/AR17572813749046214657/creative/CR16169545068976275457?region=US
tripadvisor.com,Tripadvisor,AR17572813749046214657,CR11608821758093688833,TEXT,2025-06-20T13:23:36.000Z,2026-10-02T09:33:19.000Z,https://adstransparency.google.com/advertiser/AR17572813749046214657/creative/CR11608821758093688833?region=US
tripadvisor.com,Very Peri Cappadocia,AR11469790995252510721,CR11729137544539930625,TEXT,2025-02-20T10:44:22.000Z,2026-10-02T09:33:13.000Z,https://adstransparency.google.com/advertiser/AR11469790995252510721/creative/CR11729137544539930625?region=US
tripadvisor.com,Tripadvisor,AR17572813749046214657,CR09641838620423749633,TEXT,2024-11-21T19:32:02.000Z,2026-10-02T09:33:10.000Z,https://adstransparency.google.com/advertiser/AR17572813749046214657/creative/CR09641838620423749633?region=US
tripadvisor.com,Tripadvisor,AR17572813749046214657,CR01177208943370305537,TEXT,2025-05-21T22:46:54.000Z,2026-10-02T09:33:08.000Z,https://adstransparency.google.com/advertiser/AR17572813749046214657/creative/CR01177208943370305537?region=US
tripadvisor.com,Tripadvisor,AR17572813749046214657,CR04510205295661678593,TEXT,2026-01-22T21:56:33.000Z,2026-10-02T09:33:06.000Z,https://adstransparency.google.com/advertiser/AR17572813749046214657/creative/CR04510205295661678593?region=US
tripadvisor.com,Tripadvisor,AR17572813749046214657,CR07886246892525322241,TEXT,2024-11-21T03:47:22.000Z,2026-10-02T09:32:15.000Z,https://adstransparency.google.com/advertiser/AR17572813749046214657/creative/CR07886246892525322241?region=US
tripadvisor.com,Tripadvisor,AR17572813749046214657,CR17742286028900663297,TEXT,2024-11-21T20:09:48.000Z,2026-10-02T09:32:14.000Z,https://adstransparency.google.com/advertiser/AR17572813749046214657/creative/CR17742286028900663297?region=US
tripadvisor.com,Tripadvisor,AR17572813749046214657,CR12196220907336761345,TEXT,2025-05-21T22:56:04.000Z,2026-10-02T09:31:53.000Z,https://adstransparency.google.com/advertiser/AR17572813749046214657/creative/CR12196220907336761345?region=US
tripadvisor.com,Tripadvisor,AR17572813749046214657,CR04612176142915338241,TEXT,2024-11-21T21:43:28.000Z,2026-10-02T09:31:22.000Z,https://adstransparency.google.com/advertiser/AR17572813749046214657/creative/CR04612176142915338241?region=US
tripadvisor.com,Tripadvisor,AR17572813749046214657,CR02307315676190081025,TEXT,2026-01-23T02:54:00.000Z,2026-10-02T09:31:19.000Z,https://adstransparency.google.com/advertiser/AR17572813749046214657/creative/CR02307315676190081025?region=US
tripadvisor.com,Tripadvisor,AR17572813749046214657,CR12344443733415034881,TEXT,2024-11-24T01:38:25.000Z,2026-10-02T09:30:46.000Z,https://adstransparency.google.com/advertiser/AR17572813749046214657/creative/CR12344443733415034881?region=US
tripadvisor.com,Tripadvisor,AR17572813749046214657,CR14015669685006106625,TEXT,2024-11-21T18:47:24.000Z,2026-10-02T09:30:39.000Z,https://adstransparency.google.com/advertiser/AR17572813749046214657/creative/CR14015669685006106625?region=US
tripadvisor.com,Tripadvisor,AR15628338430440636417,CR14963398018944991233,TEXT,2024-05-22T02:24:55.000Z,2026-10-02T09:30:37.000Z,https://adstransparency.google.com/advertiser/AR15628338430440636417/creative/CR14963398018944991233?region=US
tripadvisor.com,Tripadvisor,AR17572813749046214657,CR14010975045233410049,TEXT,2024-11-23T02:48:42.000Z,2026-10-02T09:30:36.000Z,https://adstransparency.google.com/advertiser/AR17572813749046214657/creative/CR14010975045233410049?region=US
tripadvisor.com,Tripadvisor,AR17572813749046214657,CR06559295752625979393,TEXT,2024-11-21T05:47:38.000Z,2026-10-02T09:30:36.000Z,https://adstransparency.google.com/advertiser/AR17572813749046214657/creative/CR06559295752625979393?region=US
tripadvisor.com,Tripadvisor,AR17572813749046214657,CR11607007435058839553,TEXT,2024-11-21T01:19:31.000Z,2026-10-02T09:30:09.000Z,https://adstransparency.google.com/advertiser/AR17572813749046214657/creative/CR11607007435058839553?region=US
tripadvisor.com,Tripadvisor,AR17572813749046214657,CR09336919307029839873,TEXT,2024-11-22T17:03:59.000Z,2026-10-02T09:29:54.000Z,https://adstransparency.google.com/advertiser/AR17572813749046214657/creative/CR09336919307029839873?region=US
tripadvisor.com,Tripadvisor,AR17572813749046214657,CR14008867908508188673,TEXT,2024-11-22T17:17:16.000Z,2026-10-02T09:29:44.000Z,https://adstransparency.google.com/advertiser/AR17572813749046214657/creative/CR14008867908508188673?region=US
tripadvisor.com,Tripadvisor,AR17572813749046214657,CR07735222433510064129,TEXT,2025-05-21T19:29:09.000Z,2026-10-02T09:29:38.000Z,https://adstransparency.google.com/advertiser/AR17572813749046214657/creative/CR07735222433510064129?region=US
tripadvisor.com,Tripadvisor,AR15628338430440636417,CR10389231786843439105,TEXT,2024-06-10T23:49:52.000Z,2026-10-02T09:29:33.000Z,https://adstransparency.google.com/advertiser/AR15628338430440636417/creative/CR10389231786843439105?region=US
tripadvisor.com,Tripadvisor,AR17572813749046214657,CR07509066472363130881,TEXT,2025-05-22T11:01:31.000Z,2026-10-02T09:29:29.000Z,https://adstransparency.google.com/advertiser/AR17572813749046214657/creative/CR07509066472363130881?region=US
tripadvisor.com,Tripadvisor,AR17572813749046214657,CR12766391353617678337,TEXT,2024-11-21T22:56:45.000Z,2026-10-02T09:29:28.000Z,https://adstransparency.google.com/advertiser/AR17572813749046214657/creative/CR12766391353617678337?region=US
tripadvisor.com,Tripadvisor,AR17572813749046214657,CR03432637695183028225,TEXT,2025-05-22T00:36:39.000Z,2026-10-02T09:29:18.000Z,https://adstransparency.google.com/advertiser/AR17572813749046214657/creative/CR03432637695183028225?region=US
tripadvisor.com,Tripadvisor,AR17572813749046214657,CR18023749898825891841,TEXT,2024-11-22T13:42:07.000Z,2026-10-02T09:29:17.000Z,https://adstransparency.google.com/advertiser/AR17572813749046214657/creative/CR18023749898825891841?region=US
tripadvisor.com,Tripadvisor,AR17572813749046214657,CR15011197474486353921,TEXT,2024-11-22T01:04:37.000Z,2026-10-02T09:29:15.000Z,https://adstransparency.google.com/advertiser/AR17572813749046214657/creative/CR15011197474486353921?region=US
tripadvisor.com,Tripadvisor,AR17572813749046214657,CR18303796893399908353,TEXT,2025-05-21T21:46:17.000Z,2026-10-02T09:29:00.000Z,https://adstransparency.google.com/advertiser/AR17572813749046214657/creative/CR18303796893399908353?region=US
tripadvisor.com,Tripadvisor,AR17572813749046214657,CR09307952432677912577,TEXT,2025-01-23T23:14:57.000Z,2026-10-02T09:28:58.000Z,https://adstransparency.google.com/advertiser/AR17572813749046214657/creative/CR09307952432677912577?region=US
tripadvisor.com,Tripadvisor,AR17572813749046214657,CR06167347035876884481,TEXT,2024-11-21T22:57:51.000Z,2026-10-02T09:28:37.000Z,https://adstransparency.google.com/advertiser/AR17572813749046214657/creative/CR06167347035876884481?region=US
tripadvisor.com,Tripadvisor,AR17572813749046214657,CR09711214840608980993,TEXT,2026-06-24T16:19:50.000Z,2026-10-02T09:28:18.000Z,https://adstransparency.google.com/advertiser/AR17572813749046214657/creative/CR09711214840608980993?region=US
tripadvisor.com,Tripadvisor,AR17572813749046214657,CR12351625769137471489,TEXT,2026-07-17T16:27:27.000Z,2026-10-02T09:28:17.000Z,https://adstransparency.google.com/advertiser/AR17572813749046214657/creative/CR12351625769137471489?region=US
tripadvisor.com,Tripadvisor,AR17572813749046214657,CR01970502012965486593,TEXT,2024-11-21T02:22:22.000Z,2026-10-02T09:27:45.000Z,https://adstransparency.google.com/advertiser/AR17572813749046214657/creative/CR01970502012965486593?region=US
tripadvisor.com,Tripadvisor,AR17572813749046214657,CR04864994960388128769,TEXT,2024-11-22T18:48:55.000Z,2026-10-02T09:27:41.000Z,https://adstransparency.google.com/advertiser/AR17572813749046214657/creative/CR04864994960388128769?region=US
tripadvisor.com,Tripadvisor,AR17572813749046214657,CR00329573121457651713,TEXT,2025-06-11T10:28:39.000Z,2026-10-02T09:27:01.000Z,https://adstransparency.google.com/advertiser/AR17572813749046214657/creative/CR00329573121457651713?region=US
tripadvisor.com,Tripadvisor,AR17572813749046214657,CR13382178707678953473,TEXT,2026-01-23T01:50:10.000Z,2026-10-02T09:26:42.000Z,https://adstransparency.google.com/advertiser/AR17572813749046214657/creative/CR13382178707678953473?region=US
tripadvisor.com,Tripadvisor,AR17572813749046214657,CR15330493701277351937,TEXT,2025-05-21T22:20:21.000Z,2026-10-02T09:26:33.000Z,https://adstransparency.google.com/advertiser/AR17572813749046214657/creative/CR15330493701277351937?region=US
tripadvisor.com,Tripadvisor,AR17572813749046214657,CR16394167091143376897,TEXT,2024-11-21T23:05:00.000Z,2026-10-02T09:25:31.000Z,https://adstransparency.google.com/advertiser/AR17572813749046214657/creative/CR16394167091143376897?region=US
tripadvisor.com,Tripadvisor,AR17572813749046214657,CR08970197716348960769,TEXT,2025-05-21T21:41:10.000Z,2026-10-02T09:25:11.000Z,https://adstransparency.google.com/advertiser/AR17572813749046214657/creative/CR08970197716348960769?region=US
tripadvisor.com,Tripadvisor,AR17572813749046214657,CR13894049860589453313,TEXT,2025-05-22T18:31:49.000Z,2026-10-02T09:25:10.000Z,https://adstransparency.google.com/advertiser/AR17572813749046214657/creative/CR13894049860589453313?region=US
tripadvisor.com,Tripadvisor,AR15628338430440636417,CR13883247639882891265,TEXT,2025-06-17T03:14:46.000Z,2026-10-02T09:24:58.000Z,https://adstransparency.google.com/advertiser/AR15628338430440636417/creative/CR13883247639882891265?region=US
tripadvisor.com,Tripadvisor,AR17572813749046214657,CR03692201329297457153,TEXT,2024-11-22T01:08:02.000Z,2026-10-02T09:24:53.000Z,https://adstransparency.google.com/advertiser/AR17572813749046214657/creative/CR03692201329297457153?region=US
tripadvisor.com,Tripadvisor,AR17572813749046214657,CR14839411676138176513,TEXT,2025-05-21T21:21:45.000Z,2026-10-02T09:24:49.000Z,https://adstransparency.google.com/advertiser/AR17572813749046214657/creative/CR14839411676138176513?region=US
tripadvisor.com,Tripadvisor,AR17572813749046214657,CR05537673279453528065,TEXT,2025-05-22T11:54:37.000Z,2026-10-02T09:24:22.000Z,https://adstransparency.google.com/advertiser/AR17572813749046214657/creative/CR05537673279453528065?region=US
tripadvisor.com,Tripadvisor,AR17572813749046214657,CR01927901357637894145,TEXT,2024-11-23T19:57:39.000Z,2026-10-02T09:24:18.000Z,https://adstransparency.google.com/advertiser/AR17572813749046214657/creative/CR01927901357637894145?region=US
tripadvisor.com,Tripadvisor,AR17572813749046214657,CR16528713263882436609,TEXT,2024-11-22T17:40:50.000Z,2026-10-02T09:24:07.000Z,https://adstransparency.google.com/advertiser/AR17572813749046214657/creative/CR16528713263882436609?region=US
tripadvisor.com,Tripadvisor,AR17572813749046214657,CR11961302027495014401,TEXT,2025-05-22T01:45:08.000Z,2026-10-02T09:23:56.000Z,https://adstransparency.google.com/advertiser/AR17572813749046214657/creative/CR11961302027495014401?region=US
tripadvisor.com,Tripadvisor,AR17572813749046214657,CR11914858862496186369,TEXT,2024-11-21T20:16:40.000Z,2026-10-02T09:23:55.000Z,https://adstransparency.google.com/advertiser/AR17572813749046214657/creative/CR11914858862496186369?region=US
tripadvisor.com,Tripadvisor,AR17572813749046214657,CR07179655262582603777,TEXT,2024-11-21T19:39:44.000Z,2026-10-02T09:23:45.000Z,https://adstransparency.google.com/advertiser/AR17572813749046214657/creative/CR07179655262582603777?region=US
tripadvisor.com,Tripadvisor,AR17572813749046214657,CR06741566287698198529,TEXT,2024-12-02T02:05:05.000Z,2026-10-02T09:23:34.000Z,https://adstransparency.google.com/advertiser/AR17572813749046214657/creative/CR06741566287698198529?region=US
tripadvisor.com,Tripadvisor,AR17572813749046214657,CR09717640317842227201,IMAGE,2026-04-14T19:36:33.000Z,2026-10-02T09:22:53.000Z,https://adstransparency.google.com/advertiser/AR17572813749046214657/creative/CR09717640317842227201?region=US
tripadvisor.com,Tripadvisor,AR15628338430440636417,CR02338420172945096705,TEXT,2025-10-14T22:42:22.000Z,2026-10-02T09:22:47.000Z,https://adstransparency.google.com/advertiser/AR15628338430440636417/creative/CR02338420172945096705?region=US
tripadvisor.com,Tripadvisor,AR17572813749046214657,CR08033678817555906561,TEXT,2026-02-26T13:07:13.000Z,2026-10-02T09:22:35.000Z,https://adstransparency.google.com/advertiser/AR17572813749046214657/creative/CR08033678817555906561?region=US
tripadvisor.com,Tripadvisor,AR17572813749046214657,CR05023219691556962305,TEXT,2026-06-24T18:06:12.000Z,2026-10-02T09:22:21.000Z,https://adstransparency.google.com/advertiser/AR17572813749046214657/creative/CR05023219691556962305?region=US
tripadvisor.com,Tripadvisor,AR17572813749046214657,CR04393327347068043265,TEXT,2026-06-24T14:25:18.000Z,2026-10-02T09:21:57.000Z,https://adstransparency.google.com/advertiser/AR17572813749046214657/creative/CR04393327347068043265?region=US
tripadvisor.com,Tripadvisor,AR17572813749046214657,CR17456703551626543105,TEXT,2024-11-21T23:07:02.000Z,2026-10-02T09:21:52.000Z,https://adstransparency.google.com/advertiser/AR17572813749046214657/creative/CR17456703551626543105?region=US
tripadvisor.com,Tripadvisor,AR17572813749046214657,CR10050568109405765633,TEXT,2026-06-24T08:34:58.000Z,2026-10-02T09:21:37.000Z,https://adstransparency.google.com/advertiser/AR17572813749046214657/creative/CR10050568109405765633?region=US
tripadvisor.com,Tripadvisor,AR17572813749046214657,CR10829888696904318977,TEXT,2024-11-21T16:56:20.000Z,2026-10-02T09:21:32.000Z,https://adstransparency.google.com/advertiser/AR17572813749046214657/creative/CR10829888696904318977?region=US
tripadvisor.com,Tripadvisor,AR17572813749046214657,CR17072349127330758657,TEXT,2024-11-21T04:37:20.000Z,2026-10-02T09:21:28.000Z,https://adstransparency.google.com/advertiser/AR17572813749046214657/creative/CR17072349127330758657?region=US
tripadvisor.com,Tripadvisor,AR17572813749046214657,CR04651019552262455297,TEXT,2024-11-22T17:19:53.000Z,2026-10-02T09:21:16.000Z,https://adstransparency.google.com/advertiser/AR17572813749046214657/creative/CR04651019552262455297?region=US
tripadvisor.com,Tripadvisor,AR17572813749046214657,CR09566649239312793601,TEXT,2025-05-21T20:46:26.000Z,2026-10-02T09:20:50.000Z,https://adstransparency.google.com/advertiser/AR17572813749046214657/creative/CR09566649239312793601?region=US
tripadvisor.com,Tripadvisor,AR17572813749046214657,CR13349118385896554497,TEXT,2026-03-03T04:46:07.000Z,2026-10-02T09:20:47.000Z,https://adstransparency.google.com/advertiser/AR17572813749046214657/creative/CR13349118385896554497?region=US
tripadvisor.com,Tripadvisor,AR17572813749046214657,CR07984085148016574465,TEXT,2024-11-21T03:23:17.000Z,2026-10-02T09:20:18.000Z,https://adstransparency.google.com/advertiser/AR17572813749046214657/creative/CR07984085148016574465?region=US
tripadvisor.com,Tripadvisor,AR17572813749046214657,CR08354542088934653953,TEXT,2024-11-21T21:51:22.000Z,2026-10-02T09:20:15.000Z,https://adstransparency.google.com/advertiser/AR17572813749046214657/creative/CR08354542088934653953?region=US
tripadvisor.com,Tripadvisor,AR17572813749046214657,CR03355650603970723841,TEXT,2026-08-15T17:43:37.000Z,2026-10-02T09:20:11.000Z,https://adstransparency.google.com/advertiser/AR17572813749046214657/creative/CR03355650603970723841?region=US
tripadvisor.com,Tripadvisor,AR15628338430440636417,CR13868098895092908033,TEXT,2024-06-10T21:27:19.000Z,2026-10-02T09:20:06.000Z,https://adstransparency.google.com/advertiser/AR15628338430440636417/creative/CR13868098895092908033?region=US
tripadvisor.com,Tripadvisor,AR17572813749046214657,CR02230398524225224705,TEXT,2024-11-22T23:34:52.000Z,2026-10-02T09:19:30.000Z,https://adstransparency.google.com/advertiser/AR17572813749046214657/creative/CR02230398524225224705?region=US
tripadvisor.com,Tripadvisor,AR17572813749046214657,CR15117776134453854209,TEXT,2025-05-22T00:13:25.000Z,2026-10-02T09:19:28.000Z,https://adstransparency.google.com/advertiser/AR17572813749046214657/creative/CR15117776134453854209?region=US
tripadvisor.com,Tripadvisor,AR17572813749046214657,CR13891286135033823233,TEXT,2024-11-21T22:29:24.000Z,2026-10-02T09:18:38.000Z,https://adstransparency.google.com/advertiser/AR17572813749046214657/creative/CR13891286135033823233?region=US
tripadvisor.com,Tripadvisor,AR17572813749046214657,CR12207652770248916993,TEXT,2023-05-22T00:05:00.000Z,2026-10-02T09:18:32.000Z,https://adstransparency.google.com/advertiser/AR17572813749046214657/creative/CR12207652770248916993?region=US
tripadvisor.com,Tripadvisor,AR17572813749046214657,CR17679230136559337473,TEXT,2024-11-22T17:28:40.000Z,2026-10-02T09:17:48.000Z,https://adstransparency.google.com/advertiser/AR17572813749046214657/creative/CR17679230136559337473?region=US
tripadvisor.com,Tripadvisor,AR17572813749046214657,CR06913034163977191425,TEXT,2026-04-08T15:14:17.000Z,2026-10-02T09:17:20.000Z,https://adstransparency.google.com/advertiser/AR17572813749046214657/creative/CR06913034163977191425?region=US
tripadvisor.com,Tripadvisor,AR17572813749046214657,CR06070263861406072833,TEXT,2026-01-23T20:03:02.000Z,2026-10-02T09:16:57.000Z,https://adstransparency.google.com/advertiser/AR17572813749046214657/creative/CR06070263861406072833?region=US
tripadvisor.com,Tripadvisor,AR17572813749046214657,CR09191702923699027969,TEXT,2025-05-21T22:32:09.000Z,2026-10-02T09:16:03.000Z,https://adstransparency.google.com/advertiser/AR17572813749046214657/creative/CR09191702923699027969?region=US
tripadvisor.com,Tripadvisor,AR17572813749046214657,CR07789977537047691265,TEXT,2025-05-21T23:50:44.000Z,2026-10-02T09:15:48.000Z,https://adstransparency.google.com/advertiser/AR17572813749046214657/creative/CR07789977537047691265?region=US
tripadvisor.com,Tripadvisor,AR17572813749046214657,CR10250441593710444545,TEXT,2025-07-10T19:12:33.000Z,2026-10-02T09:15:30.000Z,https://adstransparency.google.com/advertiser/AR17572813749046214657/creative/CR10250441593710444545?region=US
tripadvisor.com,Tripadvisor,AR17572813749046214657,CR10185776566101868545,TEXT,2024-11-22T10:15:18.000Z,2026-10-02T09:15:29.000Z,https://adstransparency.google.com/advertiser/AR17572813749046214657/creative/CR10185776566101868545?region=US
tripadvisor.com,Tripadvisor,AR17572813749046214657,CR11777649638234914817,TEXT,2026-06-24T08:50:40.000Z,2026-10-02T09:15:18.000Z,https://adstransparency.google.com/advertiser/AR17572813749046214657/creative/CR11777649638234914817?region=US
tripadvisor.com,Tripadvisor,AR17572813749046214657,CR11595585768399044609,TEXT,2026-01-22T21:09:34.000Z,2026-10-02T09:14:43.000Z,https://adstransparency.google.com/advertiser/AR17572813749046214657/creative/CR11595585768399044609?region=US
tripadvisor.com,Tripadvisor,AR17572813749046214657,CR03445822557586980865,TEXT,2024-11-22T19:07:31.000Z,2026-10-02T09:13:37.000Z,https://adstransparency.google.com/advertiser/AR17572813749046214657/creative/CR03445822557586980865?region=US
tripadvisor.com,Tripadvisor,AR17572813749046214657,CR11374228788960296961,TEXT,2026-06-24T16:37:43.000Z,2026-10-02T09:13:22.000Z,https://adstransparency.google.com/advertiser/AR17572813749046214657/creative/CR11374228788960296961?region=US
tripadvisor.com,Tripadvisor,AR17572813749046214657,CR10198204148462125057,TEXT,2024-11-21T20:48:51.000Z,2026-10-02T09:13:16.000Z,https://adstransparency.google.com/advertiser/AR17572813749046214657/creative/CR10198204148462125057?region=US
tripadvisor.com,Tripadvisor,AR17572813749046214657,CR16916226138408222721,TEXT,2024-11-21T23:47:57.000Z,2026-10-02T09:12:51.000Z,https://adstransparency.google.com/advertiser/AR17572813749046214657/creative/CR16916226138408222721?region=US
tripadvisor.com,Tripadvisor,AR17572813749046214657,CR16355841371384315905,TEXT,2024-12-27T04:50:42.000Z,2026-10-02T09:12:35.000Z,https://adstransparency.google.com/advertiser/AR17572813749046214657/creative/CR16355841371384315905?region=US
tripadvisor.com,Tripadvisor,AR17572813749046214657,CR14253327757550288897,TEXT,2024-11-21T03:44:53.000Z,2026-10-02T09:12:29.000Z,https://adstransparency.google.com/advertiser/AR17572813749046214657/creative/CR14253327757550288897?region=US
tripadvisor.com,Tripadvisor,AR17572813749046214657,CR02242818985529704449,TEXT,2024-12-01T15:56:59.000Z,2026-10-02T09:12:25.000Z,https://adstransparency.google.com/advertiser/AR17572813749046214657/creative/CR02242818985529704449?region=US
tripadvisor.com,Tripadvisor,AR17572813749046214657,CR04134073302786244609,TEXT,2024-11-21T20:14:01.000Z,2026-10-02T09:12:02.000Z,https://adstransparency.google.com/advertiser/AR17572813749046214657/creative/CR04134073302786244609?region=US
tripadvisor.com,Tripadvisor,AR17572813749046214657,CR02408223768146083841,TEXT,2024-11-21T23:47:24.000Z,2026-10-02T09:12:01.000Z,https://adstransparency.google.com/advertiser/AR17572813749046214657/creative/CR02408223768146083841?region=US
tripadvisor.com,Tripadvisor,AR17572813749046214657,CR09287555555679797249,TEXT,2024-11-23T05:12:55.000Z,2026-10-02T09:11:12.000Z,https://adstransparency.google.com/advertiser/AR17572813749046214657/creative/CR09287555555679797249?region=US
tripadvisor.com,Tripadvisor,AR17572813749046214657,CR13233776661205352449,TEXT,2025-05-21T21:43:23.000Z,2026-10-02T09:11:06.000Z,https://adstransparency.google.com/advertiser/AR17572813749046214657/creative/CR13233776661205352449?region=US
tripadvisor.com,Tripadvisor,AR17572813749046214657,CR12419701765283250177,TEXT,2024-11-24T18:16:24.000Z,2026-10-02T09:10:57.000Z,https://adstransparency.google.com/advertiser/AR17572813749046214657/creative/CR12419701765283250177?region=US
tripadvisor.com,Tripadvisor,AR17572813749046214657,CR09180601936477421569,TEXT,2026-04-09T00:04:10.000Z,2026-10-02T09:10:55.000Z,https://adstransparency.google.com/advertiser/AR17572813749046214657/creative/CR09180601936477421569?region=US
tripadvisor.com,Tripadvisor,AR17572813749046214657,CR12802095270720438273,TEXT,2026-06-24T08:45:34.000Z,2026-10-02T09:10:43.000Z,https://adstransparency.google.com/advertiser/AR17572813749046214657/creative/CR12802095270720438273?region=US
tripadvisor.com,Tripadvisor,AR17572813749046214657,CR05964507747805298689,TEXT,2025-05-23T09:36:44.000Z,2026-10-02T09:10:35.000Z,https://adstransparency.google.com/advertiser/AR17572813749046214657/creative/CR05964507747805298689?region=US
tripadvisor.com,Tripadvisor,AR17572813749046214657,CR09330281555332956161,TEXT,2024-11-22T02:22:15.000Z,2026-10-02T09:10:34.000Z,https://adstransparency.google.com/advertiser/AR17572813749046214657/creative/CR09330281555332956161?region=US
tripadvisor.com,Tripadvisor,AR17572813749046214657,CR03899961335630266369,TEXT,2025-05-22T00:09:07.000Z,2026-10-02T09:10:33.000Z,https://adstransparency.google.com/advertiser/AR17572813749046214657/creative/CR03899961335630266369?region=US
tripadvisor.com,Tripadvisor,AR15628338430440636417,CR17055849735585267713,TEXT,2024-06-13T03:25:41.000Z,2026-10-02T09:09:40.000Z,https://adstransparency.google.com/advertiser/AR15628338430440636417/creative/CR17055849735585267713?region=US
tripadvisor.com,Tripadvisor,AR17572813749046214657,CR03199886631364460545,TEXT,2023-05-17T02:24:14.000Z,2026-10-02T09:08:39.000Z,https://adstransparency.google.com/advertiser/AR17572813749046214657/creative/CR03199886631364460545?region=US
tripadvisor.com,Tripadvisor,AR17572813749046214657,CR16602114632928198657,TEXT,2025-05-21T22:32:13.000Z,2026-10-02T09:08:24.000Z,https://adstransparency.google.com/advertiser/AR17572813749046214657/creative/CR16602114632928198657?region=US
tripadvisor.com,Tripadvisor,AR17572813749046214657,CR14982971988799127553,TEXT,2024-11-22T00:45:12.000Z,2026-10-02T09:08:18.000Z,https://adstransparency.google.com/advertiser/AR17572813749046214657/creative/CR14982971988799127553?region=US
tripadvisor.com,Tripadvisor,AR17572813749046214657,CR03168908801784938497,TEXT,2024-11-21T04:19:32.000Z,2026-10-02T09:08:00.000Z,https://adstransparency.google.com/advertiser/AR17572813749046214657/creative/CR03168908801784938497?region=US
tripadvisor.com,Tripadvisor,AR17572813749046214657,CR14632536046521286657,TEXT,2024-11-21T22:51:58.000Z,2026-10-02T09:07:34.000Z,https://adstransparency.google.com/advertiser/AR17572813749046214657/creative/CR14632536046521286657?region=US
tripadvisor.com,Tripadvisor,AR17572813749046214657,CR03912846100079312897,TEXT,2025-05-22T01:19:24.000Z,2026-10-02T09:07:23.000Z,https://adstransparency.google.com/advertiser/AR17572813749046214657/creative/CR03912846100079312897?region=US
tripadvisor.com,Tripadvisor,AR17572813749046214657,CR05112473784892260353,TEXT,2026-03-03T00:20:06.000Z,2026-10-02T09:07:18.000Z,https://adstransparency.google.com/advertiser/AR17572813749046214657/creative/CR05112473784892260353?region=US
tripadvisor.com,Tripadvisor,AR17572813749046214657,CR01921412151679909889,TEXT,2024-11-23T15:40:48.000Z,2026-10-02T09:06:34.000Z,https://adstransparency.google.com/advertiser/AR17572813749046214657/creative/CR01921412151679909889?region=US
kayak.com,Kayak Software Corporation,AR13059137097607151617,CR08160162932953448449,TEXT,2024-12-11T01:17:36.000Z,2026-10-02T11:55:16.000Z,https://adstransparency.google.com/advertiser/AR13059137097607151617/creative/CR08160162932953448449?region=US
kayak.com,Kayak Software Corporation,AR13059137097607151617,CR09900880622170144769,TEXT,2024-07-22T23:46:01.000Z,2026-10-02T11:54:09.000Z,https://adstransparency.google.com/advertiser/AR13059137097607151617/creative/CR09900880622170144769?region=US
kayak.com,Kayak Software Corporation,AR13059137097607151617,CR17547158784105775105,TEXT,2024-12-11T21:31:00.000Z,2026-10-02T11:53:57.000Z,https://adstransparency.google.com/advertiser/AR13059137097607151617/creative/CR17547158784105775105?region=US
kayak.com,Kayak Software Corporation,AR13059137097607151617,CR07244114801775869953,TEXT,2022-02-15T01:26:51.000Z,2026-10-02T11:50:33.000Z,https://adstransparency.google.com/advertiser/AR13059137097607151617/creative/CR07244114801775869953?region=US
kayak.com,Kayak Software Corporation,AR13059137097607151617,CR03034297508751736833,TEXT,2025-11-21T21:51:31.000Z,2026-10-02T11:50:18.000Z,https://adstransparency.google.com/advertiser/AR13059137097607151617/creative/CR03034297508751736833?region=US
kayak.com,Kayak Software Corporation,AR13059137097607151617,CR02152133285105369089,TEXT,2026-06-18T11:16:33.000Z,2026-10-02T11:48:46.000Z,https://adstransparency.google.com/advertiser/AR13059137097607151617/creative/CR02152133285105369089?region=US
kayak.com,Kayak Software Corporation,AR13059137097607151617,CR05673683967321047041,TEXT,2024-12-15T23:20:02.000Z,2026-10-02T11:47:24.000Z,https://adstransparency.google.com/advertiser/AR13059137097607151617/creative/CR05673683967321047041?region=US
kayak.com,Kayak Software Corporation,AR13059137097607151617,CR01010043799688183809,TEXT,2025-11-20T11:54:37.000Z,2026-10-02T11:47:21.000Z,https://adstransparency.google.com/advertiser/AR13059137097607151617/creative/CR01010043799688183809?region=US
kayak.com,Kayak Software Corporation,AR13059137097607151617,CR12649929295297249281,TEXT,2025-07-14T11:46:45.000Z,2026-10-02T11:46:36.000Z,https://adstransparency.google.com/advertiser/AR13059137097607151617/creative/CR12649929295297249281?region=US
kayak.com,Kayak Software Corporation,AR13059137097607151617,CR08290102701727940609,TEXT,2025-11-20T11:19:01.000Z,2026-10-02T11:45:51.000Z,https://adstransparency.google.com/advertiser/AR13059137097607151617/creative/CR08290102701727940609?region=US
kayak.com,Kayak Software Corporation,AR13059137097607151617,CR16446314728625537025,TEXT,2025-07-14T13:26:46.000Z,2026-10-02T11:42:53.000Z,https://adstransparency.google.com/advertiser/AR13059137097607151617/creative/CR16446314728625537025?region=US
kayak.com,Kayak Software Corporation,AR13059137097607151617,CR00384194256375382017,TEXT,2024-12-12T01:01:17.000Z,2026-10-02T11:41:54.000Z,https://adstransparency.google.com/advertiser/AR13059137097607151617/creative/CR00384194256375382017?region=US
kayak.com,Kayak Software Corporation,AR13059137097607151617,CR02485581789913939969,TEXT,2024-08-02T02:46:02.000Z,2026-10-02T11:41:11.000Z,https://adstransparency.google.com/advertiser/AR13059137097607151617/creative/CR02485581789913939969?region=US
kayak.com,Kayak Software Corporation,AR13059137097607151617,CR06262402771035619329,TEXT,2024-12-11T00:01:10.000Z,2026-10-02T11:40:53.000Z,https://adstransparency.google.com/advertiser/AR13059137097607151617/creative/CR06262402771035619329?region=US
kayak.com,Kayak Software Corporation,AR13059137097607151617,CR16751934087328956417,TEXT,2024-12-12T05:42:29.000Z,2026-10-02T11:38:34.000Z,https://adstransparency.google.com/advertiser/AR13059137097607151617/creative/CR16751934087328956417?region=US
kayak.com,Kayak Software Corporation,AR13059137097607151617,CR15151765775489957889,TEXT,2024-12-11T23:43:35.000Z,2026-10-02T11:35:37.000Z,https://adstransparency.google.com/advertiser/AR13059137097607151617/creative/CR15151765775489957889?region=US
kayak.com,Kayak Software Corporation,AR13059137097607151617,CR18338303167462113281,TEXT,2025-07-14T15:56:14.000Z,2026-10-02T11:34:34.000Z,https://adstransparency.google.com/advertiser/AR13059137097607151617/creative/CR18338303167462113281?region=US
kayak.com,Kayak Software Corporation,AR13059137097607151617,CR03687812800433881089,TEXT,2025-02-14T19:06:37.000Z,2026-10-02T11:33:12.000Z,https://adstransparency.google.com/advertiser/AR13059137097607151617/creative/CR03687812800433881089?region=US
kayak.com,Kayak Software Corporation,AR13059137097607151617,CR17034070695161626625,TEXT,2024-12-11T03:36:08.000Z,2026-10-02T11:32:32.000Z,https://adstransparency.google.com/advertiser/AR13059137097607151617/creative/CR17034070695161626625?region=US
kayak.com,Kayak Software Corporation,AR13059137097607151617,CR16239059191971446785,TEXT,2025-02-28T00:12:03.000Z,2026-10-02T11:32:22.000Z,https://adstransparency.google.com/advertiser/AR13059137097607151617/creative/CR16239059191971446785?region=US
kayak.com,Kayak Software Corporation,AR13059137097607151617,CR04100027509347713025,TEXT,2024-12-11T14:50:38.000Z,2026-10-02T11:29:20.000Z,https://adstransparency.google.com/advertiser/AR13059137097607151617/creative/CR04100027509347713025?region=US
kayak.com,Kayak Software Corporation,AR13059137097607151617,CR11764389639673085953,TEXT,2024-12-11T22:48:14.000Z,2026-10-02T11:27:28.000Z,https://adstransparency.google.com/advertiser/AR13059137097607151617/creative/CR11764389639673085953?region=US
kayak.com,Kayak Software Corporation,AR13059137097607151617,CR01141511056401629185,TEXT,2025-11-18T18:31:49.000Z,2026-10-02T11:26:46.000Z,https://adstransparency.google.com/advertiser/AR13059137097607151617/creative/CR01141511056401629185?region=US
kayak.com,Kayak Software Corporation,AR13059137097607151617,CR13339066556106145793,TEXT,2025-07-14T13:24:38.000Z,2026-10-02T11:25:58.000Z,https://adstransparency.google.com/advertiser/AR13059137097607151617/creative/CR13339066556106145793?region=US
kayak.com,Kayak Software Corporation,AR13059137097607151617,CR10656153868167020545,TEXT,2025-11-17T20:03:47.000Z,2026-10-02T11:25:56.000Z,https://adstransparency.google.com/advertiser/AR13059137097607151617/creative/CR10656153868167020545?region=US
kayak.com,Kayak Software Corporation,AR13059137097607151617,CR18017515539047383041,TEXT,2024-12-11T02:49:18.000Z,2026-10-02T11:24:56.000Z,https://adstransparency.google.com/advertiser/AR13059137097607151617/creative/CR18017515539047383041?region=US
kayak.com,Kayak Software Corporation,AR13059137097607151617,CR05723605368634867713,TEXT,2024-12-11T00:24:23.000Z,2026-10-02T11:24:35.000Z,https://adstransparency.google.com/advertiser/AR13059137097607151617/creative/CR05723605368634867713?region=US
kayak.com,Kayak Software Corporation,AR13059137097607151617,CR01766507799598071809,TEXT,2025-11-17T16:42:45.000Z,2026-10-02T11:21:55.000Z,https://adstransparency.google.com/advertiser/AR13059137097607151617/creative/CR01766507799598071809?region=US
kayak.com,Kayak Software Corporation,AR13059137097607151617,CR16675310659587538945,TEXT,2026-06-26T11:46:03.000Z,2026-10-02T11:21:52.000Z,https://adstransparency.google.com/advertiser/AR13059137097607151617/creative/CR16675310659587538945?region=US
kayak.com,Kayak Software Corporation,AR13059137097607151617,CR13084960382315921409,TEXT,2024-12-11T00:12:55.000Z,2026-10-02T11:21:14.000Z,https://adstransparency.google.com/advertiser/AR13059137097607151617/creative/CR13084960382315921409?region=US
kayak.com,Kayak Software Corporation,AR13059137097607151617,CR15281618897594220545,TEXT,2024-12-12T02:25:08.000Z,2026-10-02T11:21:10.000Z,https://adstransparency.google.com/advertiser/AR13059137097607151617/creative/CR15281618897594220545?region=US
kayak.com,Kayak Software Corporation,AR13059137097607151617,CR16259550412221186049,TEXT,2024-12-11T19:56:59.000Z,2026-10-02T11:21:02.000Z,https://adstransparency.google.com/advertiser/AR13059137097607151617/creative/CR16259550412221186049?region=US
kayak.com,Kayak Software Corporation,AR13059137097607151617,CR11011234096020979713,TEXT,2025-07-14T22:03:52.000Z,2026-10-02T11:18:30.000Z,https://adstransparency.google.com/advertiser/AR13059137097607151617/creative/CR11011234096020979713?region=US
kayak.com,Kayak Software Corporation,AR13059137097607151617,CR17033194659272196097,TEXT,2024-12-11T15:03:53.000Z,2026-10-02T11:17:57.000Z,https://adstransparency.google.com/advertiser/AR13059137097607151617/creative/CR17033194659272196097?region=US
kayak.com,Kayak Software Corporation,AR13059137097607151617,CR00073371450303578113,TEXT,2026-07-09T17:14:56.000Z,2026-10-02T11:16:16.000Z,https://adstransparency.google.com/advertiser/AR13059137097607151617/creative/CR00073371450303578113?region=US
kayak.com,Kayak Software Corporation,AR13059137097607151617,CR11619248985205637121,TEXT,2024-12-12T02:11:52.000Z,2026-10-02T11:15:49.000Z,https://adstransparency.google.com/advertiser/AR13059137097607151617/creative/CR11619248985205637121?region=US
kayak.com,Kayak Software Corporation,AR13059137097607151617,CR00337105300093927425,TEXT,2024-12-20T13:59:06.000Z,2026-10-02T11:15:06.000Z,https://adstransparency.google.com/advertiser/AR13059137097607151617/creative/CR00337105300093927425?region=US
kayak.com,Kayak Software Corporation,AR13059137097607151617,CR10323756745582706689,TEXT,2021-10-25T07:00:00.000Z,2026-10-02T11:14:53.000Z,https://adstransparency.google.com/advertiser/AR13059137097607151617/creative/CR10323756745582706689?region=US
kayak.com,Kayak Software Corporation,AR13059137097607151617,CR07551799567302262785,TEXT,2025-11-27T03:59:10.000Z,2026-10-02T11:13:52.000Z,https://adstransparency.google.com/advertiser/AR13059137097607151617/creative/CR07551799567302262785?region=US
kayak.com,Kayak Software Corporation,AR13059137097607151617,CR08675650783334629377,TEXT,2025-07-14T14:50:58.000Z,2026-10-02T11:13:24.000Z,https://adstransparency.google.com/advertiser/AR13059137097607151617/creative/CR08675650783334629377?region=US
kayak.com,Kayak Software Corporation,AR13059137097607151617,CR12893581922415935489,TEXT,2026-07-10T01:56:00.000Z,2026-10-02T11:13:12.000Z,https://adstransparency.google.com/advertiser/AR13059137097607151617/creative/CR12893581922415935489?region=US
kayak.com,Kayak Software Corporation,AR13059137097607151617,CR05377288162554937345,TEXT,2021-11-11T08:00:00.000Z,2026-10-02T11:12:40.000Z,https://adstransparency.google.com/advertiser/AR13059137097607151617/creative/CR05377288162554937345?region=US
kayak.com,Kayak Software Corporation,AR13059137097607151617,CR10329621343036768257,TEXT,2025-07-14T15:22:14.000Z,2026-10-02T11:11:58.000Z,https://adstransparency.google.com/advertiser/AR13059137097607151617/creative/CR10329621343036768257?region=US
kayak.com,Kayak Software Corporation,AR13059137097607151617,CR04629230788032856065,TEXT,2021-10-25T07:00:00.000Z,2026-10-02T11:11:24.000Z,https://adstransparency.google.com/advertiser/AR13059137097607151617/creative/CR04629230788032856065?region=US
kayak.com,Kayak Software Corporation,AR13059137097607151617,CR00859059498617143297,TEXT,2021-10-29T07:00:00.000Z,2026-10-02T11:10:52.000Z,https://adstransparency.google.com/advertiser/AR13059137097607151617/creative/CR00859059498617143297?region=US
kayak.com,Kayak Software Corporation,AR13059137097607151617,CR10067199296517701633,TEXT,2025-07-14T12:26:35.000Z,2026-10-02T11:10:40.000Z,https://adstransparency.google.com/advertiser/AR13059137097607151617/creative/CR10067199296517701633?region=US
kayak.com,Kayak Software Corporation,AR13059137097607151617,CR15433386162613387265,TEXT,2026-03-27T16:59:58.000Z,2026-10-02T11:09:38.000Z,https://adstransparency.google.com/advertiser/AR13059137097607151617/creative/CR15433386162613387265?region=US
kayak.com,Kayak Software Corporation,AR13059137097607151617,CR04233564038354698241,TEXT,2021-11-09T08:00:00.000Z,2026-10-02T11:09:18.000Z,https://adstransparency.google.com/advertiser/AR13059137097607151617/creative/CR04233564038354698241?region=US
kayak.com,Kayak Software Corporation,AR13059137097607151617,CR11134478809644924929,TEXT,2025-11-18T23:42:18.000Z,2026-10-02T11:08:24.000Z,https://adstransparency.google.com/advertiser/AR13059137097607151617/creative/CR11134478809644924929?region=US
kayak.com,Kayak Software Corporation,AR13059137097607151617,CR16274983947702632449,TEXT,2024-12-12T01:42:44.000Z,2026-10-02T11:08:03.000Z,https://adstransparency.google.com/advertiser/AR13059137097607151617/creative/CR16274983947702632449?region=US
kayak.com,Kayak Software Corporation,AR13059137097607151617,CR13839934337811742721,TEXT,2024-12-12T15:29:50.000Z,2026-10-02T11:07:08.000Z,https://adstransparency.google.com/advertiser/AR13059137097607151617/creative/CR13839934337811742721?region=US
kayak.com,Kayak Software Corporation,AR13059137097607151617,CR17772625600570195969,TEXT,2025-01-28T04:26:10.000Z,2026-10-02T11:06:58.000Z,https://adstransparency.google.com/advertiser/AR13059137097607151617/creative/CR17772625600570195969?region=US
kayak.com,Kayak Software Corporation,AR13059137097607151617,CR06198254780180070401,TEXT,2024-12-11T22:07:03.000Z,2026-10-02T11:06:41.000Z,https://adstransparency.google.com/advertiser/AR13059137097607151617/creative/CR06198254780180070401?region=US
kayak.com,Kayak Software Corporation,AR13059137097607151617,CR00568219276998082561,TEXT,2025-07-14T16:25:33.000Z,2026-10-02T11:06:30.000Z,https://adstransparency.google.com/advertiser/AR13059137097607151617/creative/CR00568219276998082561?region=US
kayak.com,Kayak Software Corporation,AR13059137097607151617,CR09896737361708974081,TEXT,2025-01-27T18:17:34.000Z,2026-10-02T11:05:41.000Z,https://adstransparency.google.com/advertiser/AR13059137097607151617/creative/CR09896737361708974081?region=US
kayak.com,Kayak Software Corporation,AR13059137097607151617,CR09398813359177990145,TEXT,2024-12-11T03:54:13.000Z,2026-10-02T11:04:58.000Z,https://adstransparency.google.com/advertiser/AR13059137097607151617/creative/CR09398813359177990145?region=US
kayak.com,Kayak Software Corporation,AR13059137097607151617,CR08924352135919828993,TEXT,2025-11-17T16:21:01.000Z,2026-10-02T11:04:36.000Z,https://adstransparency.google.com/advertiser/AR13059137097607151617/creative/CR08924352135919828993?region=US
kayak.com,Kayak Software Corporation,AR13059137097607151617,CR04743732984056643585,TEXT,2024-07-30T05:09:24.000Z,2026-10-02T11:03:43.000Z,https://adstransparency.google.com/advertiser/AR13059137097607151617/creative/CR04743732984056643585?region=US
kayak.com,Kayak Software Corporation,AR13059137097607151617,CR18120868695755456513,TEXT,2025-01-21T20:00:09.000Z,2026-10-02T11:03:37.000Z,https://adstransparency.google.com/advertiser/AR13059137097607151617/creative/CR18120868695755456513?region=US
kayak.com,Kayak Software Corporation,AR13059137097607151617,CR10673647055215263745,TEXT,2025-11-19T00:16:22.000Z,2026-10-02T11:02:32.000Z,https://adstransparency.google.com/advertiser/AR13059137097607151617/creative/CR10673647055215263745?region=US
kayak.com,Kayak Software Corporation,AR13059137097607151617,CR00461155045207965697,TEXT,2026-03-12T15:52:07.000Z,2026-10-02T11:02:18.000Z,https://adstransparency.google.com/advertiser/AR13059137097607151617/creative/CR00461155045207965697?region=US
kayak.com,Kayak Software Corporation,AR13059137097607151617,CR02142451879064371201,TEXT,2026-02-20T13:26:32.000Z,2026-10-02T11:01:52.000Z,https://adstransparency.google.com/advertiser/AR13059137097607151617/creative/CR02142451879064371201?region=US
kayak.com,Kayak Software Corporation,AR13059137097607151617,CR03707138967854907393,TEXT,2021-10-25T07:00:00.000Z,2026-10-02T11:01:02.000Z,https://adstransparency.google.com/advertiser/AR13059137097607151617/creative/CR03707138967854907393?region=US
kayak.com,Kayak Software Corporation,AR13059137097607151617,CR14757478088270938113,TEXT,2026-02-20T21:17:20.000Z,2026-10-02T11:00:38.000Z,https://adstransparency.google.com/advertiser/AR13059137097607151617/creative/CR14757478088270938113?region=US
kayak.com,Kayak Software Corporation,AR13059137097607151617,CR06739293184846725121,TEXT,2026-02-19T05:29:20.000Z,2026-10-02T10:59:54.000Z,https://adstransparency.google.com/advertiser/AR13059137097607151617/creative/CR06739293184846725121?region=US
kayak.com,Kayak Software Corporation,AR13059137097607151617,CR10787280422304743425,TEXT,2024-12-11T03:31:43.000Z,2026-10-02T10:59:20.000Z,https://adstransparency.google.com/advertiser/AR13059137097607151617/creative/CR10787280422304743425?region=US
kayak.com,Kayak Software Corporation,AR13059137097607151617,CR12605115288703205377,TEXT,2025-11-19T04:40:36.000Z,2026-10-02T10:59:12.000Z,https://adstransparency.google.com/advertiser/AR13059137097607151617/creative/CR12605115288703205377?region=US
kayak.com,Kayak Software Corporation,AR13059137097607151617,CR14454552026249428993,TEXT,2025-02-10T05:30:49.000Z,2026-10-02T10:58:41.000Z,https://adstransparency.google.com/advertiser/AR13059137097607151617/creative/CR14454552026249428993?region=US
kayak.com,Kayak Software Corporation,AR13059137097607151617,CR14131805325812039681,TEXT,2026-03-26T21:22:13.000Z,2026-10-02T10:58:07.000Z,https://adstransparency.google.com/advertiser/AR13059137097607151617/creative/CR14131805325812039681?region=US
kayak.com,Kayak Software Corporation,AR13059137097607151617,CR01009391265306902529,TEXT,2025-11-20T14:10:20.000Z,2026-10-02T10:58:01.000Z,https://adstransparency.google.com/advertiser/AR13059137097607151617/creative/CR01009391265306902529?region=US
kayak.com,Kayak Software Corporation,AR13059137097607151617,CR01199437314682519553,TEXT,2025-12-03T11:55:02.000Z,2026-10-02T10:57:08.000Z,https://adstransparency.google.com/advertiser/AR13059137097607151617/creative/CR01199437314682519553?region=US
kayak.com,Kayak Software Corporation,AR13059137097607151617,CR08781862197828517889,TEXT,2024-12-10T20:25:53.000Z,2026-10-02T10:57:08.000Z,https://adstransparency.google.com/advertiser/AR13059137097607151617/creative/CR08781862197828517889?region=US
kayak.com,Kayak Software Corporation,AR13059137097607151617,CR07526191116857638913,TEXT,2026-07-09T15:39:46.000Z,2026-10-02T10:57:03.000Z,https://adstransparency.google.com/advertiser/AR13059137097607151617/creative/CR07526191116857638913?region=US
kayak.com,Kayak Software Corporation,AR13059137097607151617,CR14337425751236673537,TEXT,2025-02-24T20:42:41.000Z,2026-10-02T10:56:36.000Z,https://adstransparency.google.com/advertiser/AR13059137097607151617/creative/CR14337425751236673537?region=US
kayak.com,Kayak Software Corporation,AR13059137097607151617,CR00702126633481404417,TEXT,2024-12-11T03:46:45.000Z,2026-10-02T10:55:47.000Z,https://adstransparency.google.com/advertiser/AR13059137097607151617/creative/CR00702126633481404417?region=US
kayak.com,Kayak Software Corporation,AR13059137097607151617,CR06073153584122298369,TEXT,2025-07-14T18:55:31.000Z,2026-10-02T10:55:44.000Z,https://adstransparency.google.com/advertiser/AR13059137097607151617/creative/CR06073153584122298369?region=US
kayak.com,Kayak Software Corporation,AR13059137097607151617,CR04095594656421642241,TEXT,2024-12-11T03:26:34.000Z,2026-10-02T10:54:06.000Z,https://adstransparency.google.com/advertiser/AR13059137097607151617/creative/CR04095594656421642241?region=US
kayak.com,Kayak Software Corporation,AR13059137097607151617,CR14625353151805390849,TEXT,2024-12-12T01:49:32.000Z,2026-10-02T10:54:02.000Z,https://adstransparency.google.com/advertiser/AR13059137097607151617/creative/CR14625353151805390849?region=US
kayak.com,Kayak Software Corporation,AR13059137097607151617,CR00938604887099310081,TEXT,2024-12-17T02:05:59.000Z,2026-10-02T10:53:54.000Z,https://adstransparency.google.com/advertiser/AR13059137097607151617/creative/CR00938604887099310081?region=US
kayak.com,Kayak Software Corporation,AR13059137097607151617,CR01019968541396303873,TEXT,2025-11-17T14:05:35.000Z,2026-10-02T10:53:41.000Z,https://adstransparency.google.com/advertiser/AR13059137097607151617/creative/CR01019968541396303873?region=US
kayak.com,Kayak Software Corporation,AR13059137097607151617,CR11994494333622419457,TEXT,2024-12-11T22:04:44.000Z,2026-10-02T10:52:56.000Z,https://adstransparency.google.com/advertiser/AR13059137097607151617/creative/CR11994494333622419457?region=US
kayak.com,Kayak Software Corporation,AR13059137097607151617,CR10397818139432714241,TEXT,2025-11-17T15:00:39.000Z,2026-10-02T10:52:36.000Z,https://adstransparency.google.com/advertiser/AR13059137097607151617/creative/CR10397818139432714241?region=US
kayak.com,Kayak Software Corporation,AR13059137097607151617,CR03143953770484858881,TEXT,2024-12-13T07:44:05.000Z,2026-10-02T10:52:35.000Z,https://adstransparency.google.com/advertiser/AR13059137097607151617/creative/CR03143953770484858881?region=US
kayak.com,Kayak Software Corporation,AR13059137097607151617,CR16313301343815073793,TEXT,2024-12-11T02:40:37.000Z,2026-10-02T10:52:31.000Z,https://adstransparency.google.com/advertiser/AR13059137097607151617/creative/CR16313301343815073793?region=US
kayak.com,Kayak Software Corporation,AR13059137097607151617,CR17964321398423814145,TEXT,2026-02-19T20:47:44.000Z,2026-10-02T10:52:26.000Z,https://adstransparency.google.com/advertiser/AR13059137097607151617/creative/CR17964321398423814145?region=US
kayak.com,Kayak Software Corporation,AR13059137097607151617,CR12010961401444040705,TEXT,2024-12-11T18:09:59.000Z,2026-10-02T10:52:12.000Z,https://adstransparency.google.com/advertiser/AR13059137097607151617/creative/CR12010961401444040705?region=US
kayak.com,Kayak Software Corporation,AR13059137097607151617,CR14172007044336320513,TEXT,2025-01-09T23:32:55.000Z,2026-10-02T10:51:29.000Z,https://adstransparency.google.com/advertiser/AR13059137097607151617/creative/CR14172007044336320513?region=US
kayak.com,Kayak Software Corporation,AR13059137097607151617,CR05107652082807078913,TEXT,2025-07-14T21:54:56.000Z,2026-10-02T10:51:24.000Z,https://adstransparency.google.com/advertiser/AR13059137097607151617/creative/CR05107652082807078913?region=US
kayak.com,Kayak Software Corporation,AR13059137097607151617,CR00532528811732893697,TEXT,2024-12-13T17:29:29.000Z,2026-10-02T10:50:14.000Z,https://adstransparency.google.com/advertiser/AR13059137097607151617/creative/CR00532528811732893697?region=US
kayak.com,Kayak Software Corporation,AR13059137097607151617,CR14667425268457537537,TEXT,2024-12-12T22:14:37.000Z,2026-10-02T10:49:56.000Z,https://adstransparency.google.com/advertiser/AR13059137097607151617/creative/CR14667425268457537537?region=US
kayak.com,Kayak Software Corporation,AR13059137097607151617,CR16680418853171232769,TEXT,2026-05-04T15:39:39.000Z,2026-10-02T10:49:32.000Z,https://adstransparency.google.com/advertiser/AR13059137097607151617/creative/CR16680418853171232769?region=US
kayak.com,Kayak Software Corporation,AR13059137097607151617,CR08242095644647358465,TEXT,2025-07-14T19:17:50.000Z,2026-10-02T10:49:22.000Z,https://adstransparency.google.com/advertiser/AR13059137097607151617/creative/CR08242095644647358465?region=US
kayak.com,Kayak Software Corporation,AR13059137097607151617,CR04671012968622718977,TEXT,2024-12-12T00:30:10.000Z,2026-10-02T10:49:13.000Z,https://adstransparency.google.com/advertiser/AR13059137097607151617/creative/CR04671012968622718977?region=US
kayak.com,Kayak Software Corporation,AR13059137097607151617,CR04881501816786780161,TEXT,2026-02-21T05:30:23.000Z,2026-10-02T10:48:44.000Z,https://adstransparency.google.com/advertiser/AR13059137097607151617/creative/CR04881501816786780161?region=US
kayak.com,Kayak Software Corporation,AR13059137097607151617,CR15521389492752613377,TEXT,2024-12-12T20:42:46.000Z,2026-10-02T10:48:44.000Z,https://adstransparency.google.com/advertiser/AR13059137097607151617/creative/CR15521389492752613377?region=US
kayak.com,Kayak Software Corporation,AR13059137097607151617,CR04269376076964167681,TEXT,2024-12-11T02:18:14.000Z,2026-10-02T10:48:43.000Z,https://adstransparency.google.com/advertiser/AR13059137097607151617/creative/CR04269376076964167681?region=US
kayak.com,Kayak Software Corporation,AR13059137097607151617,CR16435949374812454913,TEXT,2021-10-25T07:00:00.000Z,2026-10-02T10:48:01.000Z,https://adstransparency.google.com/advertiser/AR13059137097607151617/creative/CR16435949374812454913?region=US
kayak.com,Kayak Software Corporation,AR13059137097607151617,CR08106638122797760513,TEXT,2025-07-14T12:44:11.000Z,2026-10-02T10:46:51.000Z,https://adstransparency.google.com/advertiser/AR13059137097607151617/creative/CR08106638122797760513?region=US
kayak.com,Kayak Software Corporation,AR13059137097607151617,CR13352702836752777217,TEXT,2025-11-20T11:42:05.000Z,2026-10-02T10:46:39.000Z,https://adstransparency.google.com/advertiser/AR13059137097607151617/creative/CR13352702836752777217?region=US
kayak.com,Kayak Software Corporation,AR13059137097607151617,CR05322582622939906049,TEXT,2026-06-26T13:48:40.000Z,2026-10-02T10:46:32.000Z,https://adstransparency.google.com/advertiser/AR13059137097607151617/creative/CR05322582622939906049?region=US
kayak.com,Kayak Software Corporation,AR13059137097607151617,CR08456412081766268929,TEXT,2025-08-18T19:54:09.000Z,2026-10-02T10:46:31.000Z,https://adstransparency.google.com/advertiser/AR13059137097607151617/creative/CR08456412081766268929?region=US
kayak.com,Kayak Software Corporation,AR13059137097607151617,CR01614206223467413505,TEXT,2025-11-17T11:40:31.000Z,2026-10-02T10:46:15.000Z,https://adstransparency.google.com/advertiser/AR13059137097607151617/creative/CR01614206223467413505?region=US
kayak.com,Kayak Software Corporation,AR13059137097607151617,CR14412983022066335745,TEXT,2025-07-14T17:33:57.000Z,2026-10-02T10:45:02.000Z,https://adstransparency.google.com/advertiser/AR13059137097607151617/creative/CR14412983022066335745?region=US
kayak.com,Kayak Software Corporation,AR13059137097607151617,CR01052017570179186689,TEXT,2021-10-25T07:00:00.000Z,2026-10-02T10:43:38.000Z,https://adstransparency.google.com/advertiser/AR13059137097607151617/creative/CR01052017570179186689?region=US
kayak.com,Kayak Software Corporation,AR13059137097607151617,CR14224648474208501761,TEXT,2025-07-14T13:45:03.000Z,2026-10-02T10:43:36.000Z,https://adstransparency.google.com/advertiser/AR13059137097607151617/creative/CR14224648474208501761?region=US
kayak.com,Kayak Software Corporation,AR13059137097607151617,CR11138725286760153089,TEXT,2024-12-11T21:23:57.000Z,2026-10-02T10:43:08.000Z,https://adstransparency.google.com/advertiser/AR13059137097607151617/creative/CR11138725286760153089?region=US
kayak.com,Kayak Software Corporation,AR13059137097607151617,CR04883123742466637825,TEXT,2021-11-13T08:00:00.000Z,2026-10-02T10:42:50.000Z,https://adstransparency.google.com/advertiser/AR13059137097607151617/creative/CR04883123742466637825?region=US
kayak.com,Kayak Software Corporation,AR13059137097607151617,CR16089831910481592321,TEXT,2021-10-26T07:00:00.000Z,2026-10-02T10:42:48.000Z,https://adstransparency.google.com/advertiser/AR13059137097607151617/creative/CR16089831910481592321?region=US
kayak.com,Kayak Software Corporation,AR13059137097607151617,CR06499703631149793281,TEXT,2024-08-02T04:02:57.000Z,2026-10-02T10:42:37.000Z,https://adstransparency.google.com/advertiser/AR13059137097607151617/creative/CR06499703631149793281?region=US
kayak.com,Kayak Software Corporation,AR13059137097607151617,CR01339119658422239233,TEXT,2025-07-14T12:09:43.000Z,2026-10-02T10:42:27.000Z,https://adstransparency.google.com/advertiser/AR13059137097607151617/creative/CR01339119658422239233?region=US
kayak.com,Kayak Software Corporation,AR13059137097607151617,CR12970754693654380545,TEXT,2024-12-12T02:23:24.000Z,2026-10-02T10:41:50.000Z,https://adstransparency.google.com/advertiser/AR13059137097607151617/creative/CR12970754693654380545?region=US
kayak.com,Kayak Software Corporation,AR13059137097607151617,CR02828293499797897217,TEXT,2024-12-11T21:13:16.000Z,2026-10-02T10:41:33.000Z,https://adstransparency.google.com/advertiser/AR13059137097607151617/creative/CR02828293499797897217?region=US
kayak.com,Kayak Software Corporation,AR13059137097607151617,CR01877977284854415361,TEXT,2024-12-12T00:25:23.000Z,2026-10-02T10:41:32.000Z,https://adstransparency.google.com/advertiser/AR13059137097607151617/creative/CR01877977284854415361?region=US
kayak.com,Kayak Software Corporation,AR13059137097607151617,CR00026596164073684993,TEXT,2026-05-12T00:45:13.000Z,2026-10-02T10:41:22.000Z,https://adstransparency.google.com/advertiser/AR13059137097607151617/creative/CR00026596164073684993?region=US
kayak.com,Kayak Software Corporation,AR13059137097607151617,CR17033144451104505857,TEXT,2025-07-18T07:00:00.000Z,2026-10-02T10:41:21.000Z,https://adstransparency.google.com/advertiser/AR13059137097607151617/creative/CR17033144451104505857?region=US
kayak.com,Kayak Software Corporation,AR13059137097607151617,CR05000584526712274945,TEXT,2025-10-29T19:55:52.000Z,2026-10-02T10:41:03.000Z,https://adstransparency.google.com/advertiser/AR13059137097607151617/creative/CR05000584526712274945?region=US
kayak.com,Kayak Software Corporation,AR13059137097607151617,CR03217628660227899393,TEXT,2021-11-03T07:00:00.000Z,2026-10-02T10:40:28.000Z,https://adstransparency.google.com/advertiser/AR13059137097607151617/creative/CR03217628660227899393?region=US
kayak.com,Kayak Software Corporation,AR13059137097607151617,CR15658302055032815617,TEXT,2025-11-17T13:57:50.000Z,2026-10-02T10:39:54.000Z,https://adstransparency.google.com/advertiser/AR13059137097607151617/creative/CR15658302055032815617?region=US
kayak.com,Kayak Software Corporation,AR13059137097607151617,CR06028777019947352065,TEXT,2024-12-15T17:19:31.000Z,2026-10-02T10:39:49.000Z,https://adstransparency.google.com/advertiser/AR13059137097607151617/creative/CR06028777019947352065?region=US
kayak.com,Kayak Software Corporation,AR13059137097607151617,CR02035395386805321729,TEXT,2024-12-14T08:00:00.000Z,2026-10-02T10:38:45.000Z,https://adstransparency.google.com/advertiser/AR13059137097607151617/creative/CR02035395386805321729?region=US
kayak.com,Kayak Software Corporation,AR13059137097607151617,CR13587853215331778561,TEXT,2025-11-18T00:11:01.000Z,2026-10-02T10:38:32.000Z,https://adstransparency.google.com/advertiser/AR13059137097607151617/creative/CR13587853215331778561?region=US
kayak.com,Kayak Software Corporation,AR13059137097607151617,CR10457936660690632705,TEXT,2025-11-17T17:29:21.000Z,2026-10-02T10:37:16.000Z,https://adstransparency.google.com/advertiser/AR13059137097607151617/creative/CR10457936660690632705?region=US
kayak.com,Kayak Software Corporation,AR13059137097607151617,CR03284413254197051393,TEXT,2024-12-11T00:40:42.000Z,2026-10-02T10:36:32.000Z,https://adstransparency.google.com/advertiser/AR13059137097607151617/creative/CR03284413254197051393?region=US
kayak.com,Kayak Software Corporation,AR13059137097607151617,CR07904442358266068993,TEXT,2025-03-20T19:46:10.000Z,2026-10-02T10:36:12.000Z,https://adstransparency.google.com/advertiser/AR13059137097607151617/creative/CR07904442358266068993?region=US
kayak.com,Kayak Software Corporation,AR13059137097607151617,CR08802530465220132865,TEXT,2026-03-05T19:25:55.000Z,2026-10-02T10:36:11.000Z,https://adstransparency.google.com/advertiser/AR13059137097607151617/creative/CR08802530465220132865?region=US
kayak.com,Kayak Software Corporation,AR13059137097607151617,CR06049271573091713025,TEXT,2025-01-05T19:16:08.000Z,2026-10-02T10:35:26.000Z,https://adstransparency.google.com/advertiser/AR13059137097607151617/creative/CR06049271573091713025?region=US
kayak.com,Kayak Software Corporation,AR13059137097607151617,CR10052647122685132801,TEXT,2024-12-10T22:05:14.000Z,2026-10-02T10:34:32.000Z,https://adstransparency.google.com/advertiser/AR13059137097607151617/creative/CR10052647122685132801?region=US
kayak.com,Kayak Software Corporation,AR13059137097607151617,CR03197832752233709569,TEXT,2024-12-12T17:36:31.000Z,2026-10-02T10:34:06.000Z,https://adstransparency.google.com/advertiser/AR13059137097607151617/creative/CR03197832752233709569?region=US
kayak.com,Kayak Software Corporation,AR13059137097607151617,CR09782028208391061505,TEXT,2024-12-11T22:53:40.000Z,2026-10-02T10:33:07.000Z,https://adstransparency.google.com/advertiser/AR13059137097607151617/creative/CR09782028208391061505?region=US
kayak.com,Kayak Software Corporation,AR13059137097607151617,CR01786806940320399361,TEXT,2025-07-14T23:17:07.000Z,2026-10-02T10:32:17.000Z,https://adstransparency.google.com/advertiser/AR13059137097607151617/creative/CR01786806940320399361?region=US
kayak.com,Kayak Software Corporation,AR13059137097607151617,CR17981046559420186625,TEXT,2024-12-11T23:38:20.000Z,2026-10-02T10:32:14.000Z,https://adstransparency.google.com/advertiser/AR13059137097607151617/creative/CR17981046559420186625?region=US
kayak.com,Kayak Software Corporation,AR13059137097607151617,CR16402666419105300481,TEXT,2021-10-27T07:00:00.000Z,2026-10-02T10:30:46.000Z,https://adstransparency.google.com/advertiser/AR13059137097607151617/creative/CR16402666419105300481?region=US
kayak.com,Kayak Software Corporation,AR13059137097607151617,CR16727752966185943041,TEXT,2024-12-12T05:33:38.000Z,2026-10-02T10:30:40.000Z,https://adstransparency.google.com/advertiser/AR13059137097607151617/creative/CR16727752966185943041?region=US
kayak.com,Kayak Software Corporation,AR13059137097607151617,CR06348583033586581505,TEXT,2026-03-24T12:57:03.000Z,2026-10-02T10:30:35.000Z,https://adstransparency.google.com/advertiser/AR13059137097607151617/creative/CR06348583033586581505?region=US
kayak.com,Kayak Software Corporation,AR13059137097607151617,CR05935859010270920705,TEXT,2025-01-25T22:43:31.000Z,2026-10-02T10:30:14.000Z,https://adstransparency.google.com/advertiser/AR13059137097607151617/creative/CR05935859010270920705?region=US
kayak.com,Kayak Software Corporation,AR13059137097607151617,CR02431461628571549697,TEXT,2024-07-23T00:51:27.000Z,2026-10-02T10:30:02.000Z,https://adstransparency.google.com/advertiser/AR13059137097607151617/creative/CR02431461628571549697?region=US
kayak.com,Kayak Software Corporation,AR13059137097607151617,CR05380540569489506305,TEXT,2024-12-10T22:05:56.000Z,2026-10-02T10:30:02.000Z,https://adstransparency.google.com/advertiser/AR13059137097607151617/creative/CR05380540569489506305?region=US
kayak.com,Kayak Software Corporation,AR13059137097607151617,CR08695066638262730753,TEXT,2024-12-15T02:59:52.000Z,2026-10-02T10:29:57.000Z,https://adstransparency.google.com/advertiser/AR13059137097607151617/creative/CR08695066638262730753?region=US
kayak.com,Kayak Software Corporation,AR13059137097607151617,CR14775668107993153537,TEXT,2024-12-12T11:57:13.000Z,2026-10-02T10:29:33.000Z,https://adstransparency.google.com/advertiser/AR13059137097607151617/creative/CR14775668107993153537?region=US
kayak.com,Kayak Software Corporation,AR13059137097607151617,CR05351159797729198081,TEXT,2025-07-23T01:10:57.000Z,2026-10-02T10:29:19.000Z,https://adstransparency.google.com/advertiser/AR13059137097607151617/creative/CR05351159797729198081?region=US
kayak.com,Kayak Software Corporation,AR13059137097607151617,CR01359357844968701953,TEXT,2024-12-16T04:35:11.000Z,2026-10-02T10:28:48.000Z,https://adstransparency.google.com/advertiser/AR13059137097607151617/creative/CR01359357844968701953?region=US
kayak.com,Kayak Software Corporation,AR13059137097607151617,CR08180142467979411457,TEXT,2025-03-26T17:58:40.000Z,2026-10-02T10:28:41.000Z,https://adstransparency.google.com/advertiser/AR13059137097607151617/creative/CR08180142467979411457?region=US
kayak.com,Kayak Software Corporation,AR13059137097607151617,CR06376157823138529281,TEXT,2025-11-17T18:21:38.000Z,2026-10-02T10:28:37.000Z,https://adstransparency.google.com/advertiser/AR13059137097607151617/creative/CR06376157823138529281?region=US
kayak.com,Kayak Software Corporation,AR13059137097607151617,CR02691064329708503041,TEXT,2021-10-25T07:00:00.000Z,2026-10-02T10:28:34.000Z,https://adstransparency.google.com/advertiser/AR13059137097607151617/creative/CR02691064329708503041?region=US
kayak.com,Kayak Software Corporation,AR13059137097607151617,CR12940790897263509505,TEXT,2025-11-19T02:17:56.000Z,2026-10-02T10:28:23.000Z,https://adstransparency.google.com/advertiser/AR13059137097607151617/creative/CR12940790897263509505?region=US
kayak.com,Kayak Software Corporation,AR13059137097607151617,CR03159516154985185281,TEXT,2024-12-12T01:04:24.000Z,2026-10-02T10:27:44.000Z,https://adstransparency.google.com/advertiser/AR13059137097607151617/creative/CR03159516154985185281?region=US
kayak.com,Kayak Software Corporation,AR13059137097607151617,CR05634312251226718209,TEXT,2024-07-23T16:48:59.000Z,2026-10-02T10:26:54.000Z,https://adstransparency.google.com/advertiser/AR13059137097607151617/creative/CR05634312251226718209?region=US
kayak.com,Kayak Software Corporation,AR13059137097607151617,CR06304427514198491137,TEXT,2024-12-14T18:31:55.000Z,2026-10-02T10:25:54.000Z,https://adstransparency.google.com/advertiser/AR13059137097607151617/creative/CR06304427514198491137?region=US
kayak.com,Kayak Software Corporation,AR13059137097607151617,CR04140736953135923201,TEXT,2024-12-11T17:35:19.000Z,2026-10-02T10:25:38.000Z,https://adstransparency.google.com/advertiser/AR13059137097607151617/creative/CR04140736953135923201?region=US
kayak.com,Kayak Software Corporation,AR13059137097607151617,CR07616344129668120577,TEXT,2025-07-14T13:03:48.000Z,2026-10-02T10:25:35.000Z,https://adstransparency.google.com/advertiser/AR13059137097607151617/creative/CR07616344129668120577?region=US
kayak.com,Kayak Software Corporation,AR13059137097607151617,CR13797420999169277953,TEXT,2025-01-30T01:12:15.000Z,2026-10-02T10:25:35.000Z,https://adstransparency.google.com/advertiser/AR13059137097607151617/creative/CR13797420999169277953?region=US
kayak.com,Kayak Software Corporation,AR13059137097607151617,CR05692723806452318209,TEXT,2024-12-11T00:20:11.000Z,2026-10-02T10:25:01.000Z,https://adstransparency.google.com/advertiser/AR13059137097607151617/creative/CR05692723806452318209?region=US
kayak.com,Kayak Software Corporation,AR13059137097607151617,CR03707023527723925505,TEXT,2024-12-14T01:49:51.000Z,2026-10-02T10:24:52.000Z,https://adstransparency.google.com/advertiser/AR13059137097607151617/creative/CR03707023527723925505?region=US
kayak.com,Kayak Software Corporation,AR13059137097607151617,CR18232285163935498241,TEXT,2025-07-14T14:15:47.000Z,2026-10-02T10:24:28.000Z,https://adstransparency.google.com/advertiser/AR13059137097607151617/creative/CR18232285163935498241?region=US
kayak.com,Kayak Software Corporation,AR13059137097607151617,CR07385591754650550273,TEXT,2026-05-02T23:37:08.000Z,2026-10-02T10:24:17.000Z,https://adstransparency.google.com/advertiser/AR13059137097607151617/creative/CR07385591754650550273?region=US
kayak.com,Kayak Software Corporation,AR13059137097607151617,CR13506776851397214209,TEXT,2024-12-11T23:57:24.000Z,2026-10-02T10:23:44.000Z,https://adstransparency.google.com/advertiser/AR13059137097607151617/creative/CR13506776851397214209?region=US
kayak.com,Kayak Software Corporation,AR13059137097607151617,CR08345897041322311681,TEXT,2024-12-12T00:13:31.000Z,2026-10-02T10:23:22.000Z,https://adstransparency.google.com/advertiser/AR13059137097607151617/creative/CR08345897041322311681?region=US
kayak.com,Kayak Software Corporation,AR13059137097607151617,CR04810126641512579073,TEXT,2026-06-26T11:12:25.000Z,2026-10-02T10:23:18.000Z,https://adstransparency.google.com/advertiser/AR13059137097607151617/creative/CR04810126641512579073?region=US
kayak.com,Kayak Software Corporation,AR13059137097607151617,CR13944925388888080385,TEXT,2025-07-14T19:24:24.000Z,2026-10-02T10:22:52.000Z,https://adstransparency.google.com/advertiser/AR13059137097607151617/creative/CR13944925388888080385?region=US
kayak.com,Kayak Software Corporation,AR13059137097607151617,CR15854690920701100033,TEXT,2024-12-12T02:55:31.000Z,2026-10-02T10:22:47.000Z,https://adstransparency.google.com/advertiser/AR13059137097607151617/creative/CR15854690920701100033?region=US
kayak.com,Kayak Software Corporation,AR13059137097607151617,CR17191058501519015937,TEXT,2021-10-26T07:00:00.000Z,2026-10-02T10:22:39.000Z,https://adstransparency.google.com/advertiser/AR13059137097607151617/creative/CR17191058501519015937?region=US
kayak.com,Kayak Software Corporation,AR13059137097607151617,CR16886466069496070145,TEXT,2024-12-17T17:02:36.000Z,2026-10-02T10:22:05.000Z,https://adstransparency.google.com/advertiser/AR13059137097607151617/creative/CR16886466069496070145?region=US
kayak.com,Kayak Software Corporation,AR13059137097607151617,CR17115705035477483521,TEXT,2025-01-09T08:47:43.000Z,2026-10-02T10:19:07.000Z,https://adstransparency.google.com/advertiser/AR13059137097607151617/creative/CR17115705035477483521?region=US
kayak.com,Kayak Software Corporation,AR13059137097607151617,CR15330418487810064385,TEXT,2024-12-12T04:03:32.000Z,2026-10-02T10:19:03.000Z,https://adstransparency.google.com/advertiser/AR13059137097607151617/creative/CR15330418487810064385?region=US
kayak.com,Kayak Software Corporation,AR13059137097607151617,CR09531610964831502337,TEXT,2024-12-12T04:52:34.000Z,2026-10-02T10:18:59.000Z,https://adstransparency.google.com/advertiser/AR13059137097607151617/creative/CR09531610964831502337?region=US
kayak.com,Kayak Software Corporation,AR13059137097607151617,CR11354173834308616193,TEXT,2026-07-09T17:28:49.000Z,2026-10-02T10:18:47.000Z,https://adstransparency.google.com/advertiser/AR13059137097607151617/creative/CR11354173834308616193?region=US
kayak.com,Kayak Software Corporation,AR13059137097607151617,CR14245250779492384769,TEXT,2025-07-22T00:46:28.000Z,2026-10-02T10:17:42.000Z,https://adstransparency.google.com/advertiser/AR13059137097607151617/creative/CR14245250779492384769?region=US
kayak.com,Kayak Software Corporation,AR13059137097607151617,CR16321744871561887745,TEXT,2025-11-17T14:22:06.000Z,2026-10-02T10:17:25.000Z,https://adstransparency.google.com/advertiser/AR13059137097607151617/creative/CR16321744871561887745?region=US
kayak.com,Kayak Software Corporation,AR13059137097607151617,CR04667772321308606465,TEXT,2025-11-20T02:40:04.000Z,2026-10-02T10:17:16.000Z,https://adstransparency.google.com/advertiser/AR13059137097607151617/creative/CR04667772321308606465?region=US
kayak.com,Kayak Software Corporation,AR13059137097607151617,CR07325943583851151361,TEXT,2021-10-25T07:00:00.000Z,2026-10-02T10:17:09.000Z,https://adstransparency.google.com/advertiser/AR13059137097607151617/creative/CR07325943583851151361?region=US
kayak.com,Kayak Software Corporation,AR13059137097607151617,CR09312253584726818817,TEXT,2024-12-12T01:47:27.000Z,2026-10-02T10:16:53.000Z,https://adstransparency.google.com/advertiser/AR13059137097607151617/creative/CR09312253584726818817?region=US
kayak.com,Kayak Software Corporation,AR13059137097607151617,CR13099315296890519553,TEXT,2025-06-27T07:00:00.000Z,2026-10-02T10:16:35.000Z,https://adstransparency.google.com/advertiser/AR13059137097607151617/creative/CR13099315296890519553?region=US
kayak.com,Kayak Software Corporation,AR13059137097607151617,CR03620261486082916353,TEXT,2024-12-11T00:19:43.000Z,2026-10-02T10:16:23.000Z,https://adstransparency.google.com/advertiser/AR13059137097607151617/creative/CR03620261486082916353?region=US
kayak.com,Kayak Software Corporation,AR13059137097607151617,CR16627794104952029185,TEXT,2024-12-10T20:49:06.000Z,2026-10-02T10:15:25.000Z,https://adstransparency.google.com/advertiser/AR13059137097607151617/creative/CR16627794104952029185?region=US
kayak.com,Kayak Software Corporation,AR13059137097607151617,CR08944071395927654401,TEXT,2024-12-12T14:24:57.000Z,2026-10-02T10:13:54.000Z,https://adstransparency.google.com/advertiser/AR13059137097607151617/creative/CR08944071395927654401?region=US
kayak.com,Kayak Software Corporation,AR13059137097607151617,CR07606629781227962369,TEXT,2024-12-11T21:34:14.000Z,2026-10-02T10:13:48.000Z,https://adstransparency.google.com/advertiser/AR13059137097607151617/creative/CR07606629781227962369?region=US
kayak.com,Kayak Software Corporation,AR13059137097607151617,CR16231778801497931777,TEXT,2025-01-09T19:47:07.000Z,2026-10-02T10:13:42.000Z,https://adstransparency.google.com/advertiser/AR13059137097607151617/creative/CR16231778801497931777?region=US
kayak.com,Kayak Software Corporation,AR13059137097607151617,CR06781038523207122945,TEXT,2025-07-14T14:36:48.000Z,2026-10-02T10:13:20.000Z,https://adstransparency.google.com/advertiser/AR13059137097607151617/creative/CR06781038523207122945?region=US
kayak.com,Kayak Software Corporation,AR13059137097607151617,CR16317708383987695617,TEXT,2026-05-13T07:00:00.000Z,2026-10-02T10:12:47.000Z,https://adstransparency.google.com/advertiser/AR13059137097607151617/creative/CR16317708383987695617?region=US
kayak.com,Kayak Software Corporation,AR13059137097607151617,CR12514950464732659713,TEXT,2024-12-11T00:26:59.000Z,2026-10-02T10:11:21.000Z,https://adstransparency.google.com/advertiser/AR13059137097607151617/creative/CR12514950464732659713?region=US
kayak.com,Kayak Software Corporation,AR13059137097607151617,CR06024940523230330881,TEXT,2025-11-17T16:57:26.000Z,2026-10-02T10:11:20.000Z,https://adstransparency.google.com/advertiser/AR13059137097607151617/creative/CR06024940523230330881?region=US
kayak.com,Kayak Software Corporation,AR13059137097607151617,CR04503574888358871041,TEXT,2021-10-25T07:00:00.000Z,2026-10-02T10:11:09.000Z,https://adstransparency.google.com/advertiser/AR13059137097607151617/creative/CR04503574888358871041?region=US
kayak.com,Kayak Software Corporation,AR13059137097607151617,CR07787252766845435905,TEXT,2025-07-14T19:31:28.000Z,2026-10-02T10:10:54.000Z,https://adstransparency.google.com/advertiser/AR13059137097607151617/creative/CR07787252766845435905?region=US
kayak.com,Kayak Software Corporation,AR13059137097607151617,CR10065921964653936641,TEXT,2024-12-11T14:17:57.000Z,2026-10-02T10:10:02.000Z,https://adstransparency.google.com/advertiser/AR13059137097607151617/creative/CR10065921964653936641?region=US
kayak.com,Kayak Software Corporation,AR13059137097607151617,CR07872591748382326785,TEXT,2025-07-14T18:04:34.000Z,2026-10-02T10:09:58.000Z,https://adstransparency.google.com/advertiser/AR13059137097607151617/creative/CR07872591748382326785?region=US
kayak.com,Kayak Software Corporation,AR13059137097607151617,CR17573236391008010241,TEXT,2024-12-12T09:27:45.000Z,2026-10-02T10:07:49.000Z,https://adstransparency.google.com/advertiser/AR13059137097607151617/creative/CR17573236391008010241?region=US
kayak.com,Kayak Software Corporation,AR13059137097607151617,CR16919056513266352129,TEXT,2024-12-11T01:22:25.000Z,2026-10-02T10:07:12.000Z,https://adstransparency.google.com/advertiser/AR13059137097607151617/creative/CR16919056513266352129?region=US
kayak.com,Kayak Software Corporation,AR13059137097607151617,CR16943999071981404161,TEXT,2025-01-28T20:23:01.000Z,2026-10-02T10:07:03.000Z,https://adstransparency.google.com/advertiser/AR13059137097607151617/creative/CR16943999071981404161?region=US
kayak.com,Kayak Software Corporation,AR13059137097607151617,CR02870664657842995201,TEXT,2025-01-04T18:27:11.000Z,2026-10-02T10:06:26.000Z,https://adstransparency.google.com/advertiser/AR13059137097607151617/creative/CR02870664657842995201?region=US
kayak.com,Kayak Software Corporation,AR13059137097607151617,CR10239651510581460993,TEXT,2024-12-11T16:33:56.000Z,2026-10-02T10:05:22.000Z,https://adstransparency.google.com/advertiser/AR13059137097607151617/creative/CR10239651510581460993?region=US
kayak.com,Kayak Software Corporation,AR13059137097607151617,CR11669483266297036801,TEXT,2024-12-11T03:21:59.000Z,2026-10-02T10:04:53.000Z,https://adstransparency.google.com/advertiser/AR13059137097607151617/creative/CR11669483266297036801?region=US
kayak.com,Kayak Software Corporation,AR13059137097607151617,CR00536855209599565825,TEXT,2024-07-30T20:42:25.000Z,2026-10-02T10:04:50.000Z,https://adstransparency.google.com/advertiser/AR13059137097607151617/creative/CR00536855209599565825?region=US
kayak.com,Kayak Software Corporation,AR13059137097607151617,CR16521655421434331137,TEXT,2026-03-03T20:27:26.000Z,2026-10-02T10:04:00.000Z,https://adstransparency.google.com/advertiser/AR13059137097607151617/creative/CR16521655421434331137?region=US
kayak.com,Kayak Software Corporation,AR13059137097607151617,CR05339472882479136769,TEXT,2024-12-11T01:49:37.000Z,2026-10-02T10:03:37.000Z,https://adstransparency.google.com/advertiser/AR13059137097607151617/creative/CR05339472882479136769?region=US
kayak.com,Kayak Software Corporation,AR13059137097607151617,CR09911273154536275969,TEXT,2024-12-11T14:54:59.000Z,2026-10-02T10:02:43.000Z,https://adstransparency.google.com/advertiser/AR13059137097607151617/creative/CR09911273154536275969?region=US
kayak.com,Kayak Software Corporation,AR13059137097607151617,CR03185295407689236481,TEXT,2024-12-11T00:20:05.000Z,2026-10-02T10:02:39.000Z,https://adstransparency.google.com/advertiser/AR13059137097607151617/creative/CR03185295407689236481?region=US
kayak.com,Kayak Software Corporation,AR13059137097607151617,CR00267930281946644481,TEXT,2025-03-04T05:04:08.000Z,2026-10-02T10:01:59.000Z,https://adstransparency.google.com/advertiser/AR13059137097607151617/creative/CR00267930281946644481?region=US
kayak.com,Kayak Software Corporation,AR13059137097607151617,CR17647544882916491265,TEXT,2025-07-14T17:56:09.000Z,2026-10-02T10:01:53.000Z,https://adstransparency.google.com/advertiser/AR13059137097607151617/creative/CR17647544882916491265?region=US
kayak.com,Kayak Software Corporation,AR13059137097607151617,CR13972788430875131905,TEXT,2024-12-11T02:45:39.000Z,2026-10-02T10:01:24.000Z,https://adstransparency.google.com/advertiser/AR13059137097607151617/creative/CR13972788430875131905?region=US
kayak.com,Kayak Software Corporation,AR13059137097607151617,CR04043897741397458945,TEXT,2025-11-18T15:36:47.000Z,2026-10-02T10:01:10.000Z,https://adstransparency.google.com/advertiser/AR13059137097607151617/creative/CR04043897741397458945?region=US
kayak.com,Kayak Software Corporation,AR13059137097607151617,CR11049469312229179393,TEXT,2024-12-20T03:27:35.000Z,2026-10-02T10:00:21.000Z,https://adstransparency.google.com/advertiser/AR13059137097607151617/creative/CR11049469312229179393?region=US
kayak.com,Kayak Software Corporation,AR13059137097607151617,CR09763330386095505409,TEXT,2025-01-05T02:17:12.000Z,2026-10-02T10:00:05.000Z,https://adstransparency.google.com/advertiser/AR13059137097607151617/creative/CR09763330386095505409?region=US
kayak.com,Kayak Software Corporation,AR13059137097607151617,CR17068846005975252993,TEXT,2025-11-17T21:10:25.000Z,2026-10-02T09:59:36.000Z,https://adstransparency.google.com/advertiser/AR13059137097607151617/creative/CR17068846005975252993?region=US
kayak.com,Kayak Software Corporation,AR13059137097607151617,CR06959584600079204353,TEXT,2021-12-16T08:00:00.000Z,2026-10-02T09:59:34.000Z,https://adstransparency.google.com/advertiser/AR13059137097607151617/creative/CR06959584600079204353?region=US
kayak.com,Kayak Software Corporation,AR13059137097607151617,CR11636338892004655105,TEXT,2026-05-15T12:08:18.000Z,2026-10-02T09:59:34.000Z,https://adstransparency.google.com/advertiser/AR13059137097607151617/creative/CR11636338892004655105?region=US
kayak.com,Kayak Software Corporation,AR13059137097607151617,CR16358836715936284673,TEXT,2025-11-23T02:07:51.000Z,2026-10-02T09:59:33.000Z,https://adstransparency.google.com/advertiser/AR13059137097607151617/creative/CR16358836715936284673?region=US
kayak.com,Kayak Software Corporation,AR13059137097607151617,CR04989544880213590017,TEXT,2024-08-01T02:14:19.000Z,2026-10-02T09:59:23.000Z,https://adstransparency.google.com/advertiser/AR13059137097607151617/creative/CR04989544880213590017?region=US
kayak.com,Kayak Software Corporation,AR13059137097607151617,CR13226532434356469761,TEXT,2024-12-11T00:24:22.000Z,2026-10-02T09:59:04.000Z,https://adstransparency.google.com/advertiser/AR13059137097607151617/creative/CR13226532434356469761?region=US
kayak.com,Kayak Software Corporation,AR13059137097607151617,CR15565690628711907329,TEXT,2021-11-11T08:00:00.000Z,2026-10-02T09:58:35.000Z,https://adstransparency.google.com/advertiser/AR13059137097607151617/creative/CR15565690628711907329?region=US
kayak.com,Kayak Software Corporation,AR13059137097607151617,CR13408064759039787009,TEXT,2024-12-12T05:34:35.000Z,2026-10-02T09:57:54.000Z,https://adstransparency.google.com/advertiser/AR13059137097607151617/creative/CR13408064759039787009?region=US
kayak.com,Kayak Software Corporation,AR13059137097607151617,CR12787637723607334913,TEXT,2025-11-18T21:11:21.000Z,2026-10-02T09:57:35.000Z,https://adstransparency.google.com/advertiser/AR13059137097607151617/creative/CR12787637723607334913?region=US
kayak.com,Kayak Software Corporation,AR13059137097607151617,CR10350482643438534657,TEXT,2021-10-25T07:00:00.000Z,2026-10-02T09:56:32.000Z,https://adstransparency.google.com/advertiser/AR13059137097607151617/creative/CR10350482643438534657?region=US
kayak.com,Kayak Software Corporation,AR13059137097607151617,CR17229029809166745601,TEXT,2024-12-12T13:32:01.000Z,2026-10-02T09:56:19.000Z,https://adstransparency.google.com/advertiser/AR13059137097607151617/creative/CR17229029809166745601?region=US
kayak.com,Kayak Software Corporation,AR13059137097607151617,CR09195851131962523649,TEXT,2026-03-11T22:58:56.000Z,2026-10-02T09:56:07.000Z,https://adstransparency.google.com/advertiser/AR13059137097607151617/creative/CR09195851131962523649?region=US
kayak.com,Kayak Software Corporation,AR13059137097607151617,CR07810642445774880769,TEXT,2025-07-24T17:36:47.000Z,2026-10-02T09:55:56.000Z,https://adstransparency.google.com/advertiser/AR13059137097607151617/creative/CR07810642445774880769?region=US
kayak.com,Kayak Software Corporation,AR13059137097607151617,CR09244964349280256001,TEXT,2021-10-26T07:00:00.000Z,2026-10-02T09:55:09.000Z,https://adstransparency.google.com/advertiser/AR13059137097607151617/creative/CR09244964349280256001?region=US
kayak.com,Kayak Software Corporation,AR13059137097607151617,CR01031883399150698497,TEXT,2024-12-28T01:48:41.000Z,2026-10-02T09:55:01.000Z,https://adstransparency.google.com/advertiser/AR13059137097607151617/creative/CR01031883399150698497?region=US
kayak.com,Kayak Software Corporation,AR13059137097607151617,CR16150791111458160641,TEXT,2025-11-21T00:57:30.000Z,2026-10-02T09:54:50.000Z,https://adstransparency.google.com/advertiser/AR13059137097607151617/creative/CR16150791111458160641?region=US
kayak.com,Kayak Software Corporation,AR13059137097607151617,CR14109449162042900481,TEXT,2025-07-14T16:34:42.000Z,2026-10-02T09:54:47.000Z,https://adstransparency.google.com/advertiser/AR13059137097607151617/creative/CR14109449162042900481?region=US
kayak.com,Kayak Software Corporation,AR13059137097607151617,CR05629685746815205377,TEXT,2025-07-14T16:36:59.000Z,2026-10-02T09:54:29.000Z,https://adstransparency.google.com/advertiser/AR13059137097607151617/creative/CR05629685746815205377?region=US
kayak.com,Kayak Software Corporation,AR13059137097607151617,CR06628962965435449345,TEXT,2025-11-19T00:08:42.000Z,2026-10-02T09:54:08.000Z,https://adstransparency.google.com/advertiser/AR13059137097607151617/creative/CR06628962965435449345?region=US
kayak.com,Kayak Software Corporation,AR13059137097607151617,CR17809667391395725313,TEXT,2026-03-12T11:03:54.000Z,2026-10-02T09:54:08.000Z,https://adstransparency.google.com/advertiser/AR13059137097607151617/creative/CR17809667391395725313?region=US
kayak.com,Kayak Software Corporation,AR13059137097607151617,CR16383740903413514241,TEXT,2024-12-12T02:29:04.000Z,2026-10-02T09:54:03.000Z,https://adstransparency.google.com/advertiser/AR13059137097607151617/creative/CR16383740903413514241?region=US
kayak.com,Kayak Software Corporation,AR13059137097607151617,CR00556521667279454209,TEXT,2025-11-20T18:25:15.000Z,2026-10-02T09:53:39.000Z,https://adstransparency.google.com/advertiser/AR13059137097607151617/creative/CR00556521667279454209?region=US
kayak.com,Kayak Software Corporation,AR13059137097607151617,CR02040077863230636033,TEXT,2025-11-21T18:33:34.000Z,2026-10-02T09:53:30.000Z,https://adstransparency.google.com/advertiser/AR13059137097607151617/creative/CR02040077863230636033?region=US
kayak.com,Kayak Software Corporation,AR13059137097607151617,CR10350253816170938369,TEXT,2025-12-24T22:16:09.000Z,2026-10-02T09:53:11.000Z,https://adstransparency.google.com/advertiser/AR13059137097607151617/creative/CR10350253816170938369?region=US
kayak.com,Kayak Software Corporation,AR13059137097607151617,CR17116691933062758401,TEXT,2021-10-26T07:00:00.000Z,2026-10-02T09:52:49.000Z,https://adstransparency.google.com/advertiser/AR13059137097607151617/creative/CR17116691933062758401?region=US
kayak.com,Kayak Software Corporation,AR13059137097607151617,CR11852798534984138753,TEXT,2024-07-23T00:32:44.000Z,2026-10-02T09:52:14.000Z,https://adstransparency.google.com/advertiser/AR13059137097607151617/creative/CR11852798534984138753?region=US
kayak.com,Kayak Software Corporation,AR13059137097607151617,CR03899714168852316161,TEXT,2021-11-08T08:00:00.000Z,2026-10-02T09:51:57.000Z,https://adstransparency.google.com/advertiser/AR13059137097607151617/creative/CR03899714168852316161?region=US
kayak.com,Kayak Software Corporation,AR13059137097607151617,CR06092510632358182913,TEXT,2024-12-11T23:01:33.000Z,2026-10-02T09:51:32.000Z,https://adstransparency.google.com/advertiser/AR13059137097607151617/creative/CR06092510632358182913?region=US
kayak.com,Kayak Software Corporation,AR13059137097607151617,CR15898809992996716545,TEXT,2024-12-12T21:32:55.000Z,2026-10-02T09:51:11.000Z,https://adstransparency.google.com/advertiser/AR13059137097607151617/creative/CR15898809992996716545?region=US
kayak.com,Kayak Software Corporation,AR13059137097607151617,CR07617865510163578881,TEXT,2024-12-11T22:01:09.000Z,2026-10-02T09:51:06.000Z,https://adstransparency.google.com/advertiser/AR13059137097607151617/creative/CR07617865510163578881?region=US
kayak.com,Kayak Software Corporation,AR13059137097607151617,CR13091008589621886977,TEXT,2024-12-11T00:44:30.000Z,2026-10-02T09:50:25.000Z,https://adstransparency.google.com/advertiser/AR13059137097607151617/creative/CR13091008589621886977?region=US
kayak.com,Kayak Software Corporation,AR13059137097607151617,CR11068717328425287681,TEXT,2024-12-10T23:48:52.000Z,2026-10-02T09:50:22.000Z,https://adstransparency.google.com/advertiser/AR13059137097607151617/creative/CR11068717328425287681?region=US
kayak.com,Kayak Software Corporation,AR13059137097607151617,CR18204545439049449473,TEXT,2021-10-25T07:00:00.000Z,2026-10-02T09:49:56.000Z,https://adstransparency.google.com/advertiser/AR13059137097607151617/creative/CR18204545439049449473?region=US
kayak.com,Kayak Software Corporation,AR13059137097607151617,CR02010217163234738177,TEXT,2025-07-02T18:26:35.000Z,2026-10-02T09:49:24.000Z,https://adstransparency.google.com/advertiser/AR13059137097607151617/creative/CR02010217163234738177?region=US
kayak.com,Kayak Software Corporation,AR13059137097607151617,CR15438956563397607425,TEXT,2025-11-21T20:17:54.000Z,2026-10-02T09:49:24.000Z,https://adstransparency.google.com/advertiser/AR13059137097607151617/creative/CR15438956563397607425?region=US
kayak.com,Kayak Software Corporation,AR13059137097607151617,CR17927702438538641409,TEXT,2025-07-15T04:26:36.000Z,2026-10-02T09:49:21.000Z,https://adstransparency.google.com/advertiser/AR13059137097607151617/creative/CR17927702438538641409?region=US
kayak.com,Kayak Software Corporation,AR13059137097607151617,CR05801403693270040577,TEXT,2024-12-18T01:46:08.000Z,2026-10-02T09:49:19.000Z,https://adstransparency.google.com/advertiser/AR13059137097607151617/creative/CR05801403693270040577?region=US
kayak.com,Kayak Software Corporation,AR13059137097607151617,CR14778053051793014785,TEXT,2025-03-05T09:36:43.000Z,2026-10-02T09:48:57.000Z,https://adstransparency.google.com/advertiser/AR13059137097607151617/creative/CR14778053051793014785?region=US
kayak.com,Kayak Software Corporation,AR13059137097607151617,CR04421524932647714817,TEXT,2021-10-25T07:00:00.000Z,2026-10-02T09:48:44.000Z,https://adstransparency.google.com/advertiser/AR13059137097607151617/creative/CR04421524932647714817?region=US
kayak.com,Kayak Software Corporation,AR13059137097607151617,CR06314050259576160257,TEXT,2025-11-21T22:21:07.000Z,2026-10-02T09:48:13.000Z,https://adstransparency.google.com/advertiser/AR13059137097607151617/creative/CR06314050259576160257?region=US
kayak.com,Kayak Software Corporation,AR13059137097607151617,CR16488798620972220417,TEXT,2024-12-14T05:05:40.000Z,2026-10-02T09:48:04.000Z,https://adstransparency.google.com/advertiser/AR13059137097607151617/creative/CR16488798620972220417?region=US
kayak.com,Kayak Software Corporation,AR13059137097607151617,CR08733688805254496257,TEXT,2025-12-11T02:01:11.000Z,2026-10-02T09:47:33.000Z,https://adstransparency.google.com/advertiser/AR13059137097607151617/creative/CR08733688805254496257?region=US
kayak.com,Kayak Software Corporation,AR13059137097607151617,CR09734330088308080641,TEXT,2024-12-11T22:26:54.000Z,2026-10-02T09:46:37.000Z,https://adstransparency.google.com/advertiser/AR13059137097607151617/creative/CR09734330088308080641?region=US
kayak.com,Kayak Software Corporation,AR13059137097607151617,CR15225363922757353473,TEXT,2025-12-16T17:38:10.000Z,2026-10-02T09:46:12.000Z,https://adstransparency.google.com/advertiser/AR13059137097607151617/creative/CR15225363922757353473?region=US
kayak.com,Kayak Software Corporation,AR13059137097607151617,CR04153364904310472705,TEXT,2021-10-25T07:00:00.000Z,2026-10-02T09:45:37.000Z,https://adstransparency.google.com/advertiser/AR13059137097607151617/creative/CR04153364904310472705?region=US
kayak.com,Kayak Software Corporation,AR13059137097607151617,CR14139468621209927681,TEXT,2024-12-11T14:56:01.000Z,2026-10-02T09:45:32.000Z,https://adstransparency.google.com/advertiser/AR13059137097607151617/creative/CR14139468621209927681?region=US
kayak.com,Kayak Software Corporation,AR13059137097607151617,CR01060121288703475713,TEXT,2024-12-11T23:59:08.000Z,2026-10-02T09:45:27.000Z,https://adstransparency.google.com/advertiser/AR13059137097607151617/creative/CR01060121288703475713?region=US
kayak.com,Kayak Software Corporation,AR13059137097607151617,CR14575335989900738561,TEXT,2025-07-17T12:47:57.000Z,2026-10-02T09:44:50.000Z,https://adstransparency.google.com/advertiser/AR13059137097607151617/creative/CR14575335989900738561?region=US
kayak.com,Kayak Software Corporation,AR13059137097607151617,CR04483591547991883777,TEXT,2025-07-14T20:24:08.000Z,2026-10-02T09:44:50.000Z,https://adstransparency.google.com/advertiser/AR13059137097607151617/creative/CR04483591547991883777?region=US
kayak.com,Kayak Software Corporation,AR13059137097607151617,CR00075833669155028993,TEXT,2025-07-14T23:21:54.000Z,2026-10-02T09:44:49.000Z,https://adstransparency.google.com/advertiser/AR13059137097607151617/creative/CR00075833669155028993?region=US
kayak.com,Kayak Software Corporation,AR13059137097607151617,CR07588418020381294593,TEXT,2025-07-14T21:06:02.000Z,2026-10-02T09:44:49.000Z,https://adstransparency.google.com/advertiser/AR13059137097607151617/creative/CR07588418020381294593?region=US
kayak.com,Kayak Software Corporation,AR13059137097607151617,CR15014415513092620289,TEXT,2024-12-12T03:20:08.000Z,2026-10-02T09:44:49.000Z,https://adstransparency.google.com/advertiser/AR13059137097607151617/creative/CR15014415513092620289?region=US
kayak.com,Kayak Software Corporation,AR13059137097607151617,CR17616721723699232769,TEXT,2025-11-17T19:28:51.000Z,2026-10-02T09:44:46.000Z,https://adstransparency.google.com/advertiser/AR13059137097607151617/creative/CR17616721723699232769?region=US
kayak.com,Kayak Software Corporation,AR13059137097607151617,CR05658676801833009153,TEXT,2025-02-16T16:26:14.000Z,2026-10-02T09:44:43.000Z,https://adstransparency.google.com/advertiser/AR13059137097607151617/creative/CR05658676801833009153?region=US
kayak.com,Kayak Software Corporation,AR13059137097607151617,CR07791159950134214657,TEXT,2024-12-11T02:00:02.000Z,2026-10-02T09:44:11.000Z,https://adstransparency.google.com/advertiser/AR13059137097607151617/creative/CR07791159950134214657?region=US
kayak.com,Kayak Software Corporation,AR13059137097607151617,CR02428518210174189569,TEXT,2026-03-06T04:31:38.000Z,2026-10-02T09:43:39.000Z,https://adstransparency.google.com/advertiser/AR13059137097607151617/creative/CR02428518210174189569?region=US
kayak.com,Kayak Software Corporation,AR13059137097607151617,CR14049786362584891393,TEXT,2024-12-23T12:33:48.000Z,2026-10-02T09:43:17.000Z,https://adstransparency.google.com/advertiser/AR13059137097607151617/creative/CR14049786362584891393?region=US
kayak.com,Kayak Software Corporation,AR13059137097607151617,CR03956412289824849921,TEXT,2024-08-02T02:11:30.000Z,2026-10-02T09:42:00.000Z,https://adstransparency.google.com/advertiser/AR13059137097607151617/creative/CR03956412289824849921?region=US
kayak.com,Kayak Software Corporation,AR13059137097607151617,CR11719129574955548673,TEXT,2024-12-13T20:27:45.000Z,2026-10-02T09:41:58.000Z,https://adstransparency.google.com/advertiser/AR13059137097607151617/creative/CR11719129574955548673?region=US
kayak.com,Kayak Software Corporation,AR13059137097607151617,CR16841925360261005313,TEXT,2025-11-20T04:03:29.000Z,2026-10-02T09:41:20.000Z,https://adstransparency.google.com/advertiser/AR13059137097607151617/creative/CR16841925360261005313?region=US
kayak.com,Kayak Software Corporation,AR13059137097607151617,CR11505591265651589121,TEXT,2024-12-12T01:18:52.000Z,2026-10-02T09:41:17.000Z,https://adstransparency.google.com/advertiser/AR13059137097607151617/creative/CR11505591265651589121?region=US
kayak.com,Kayak Software Corporation,AR13059137097607151617,CR03074202711323836417,TEXT,2024-12-12T04:53:51.000Z,2026-10-02T09:41:01.000Z,https://adstransparency.google.com/advertiser/AR13059137097607151617/creative/CR03074202711323836417?region=US
kayak.com,Kayak Software Corporation,AR13059137097607151617,CR07955417985072496641,TEXT,2024-12-11T21:38:24.000Z,2026-10-02T09:40:42.000Z,https://adstransparency.google.com/advertiser/AR13059137097607151617/creative/CR07955417985072496641?region=US
kayak.com,Kayak Software Corporation,AR13059137097607151617,CR04734878196011368449,TEXT,2024-12-11T00:07:31.000Z,2026-10-02T09:40:37.000Z,https://adstransparency.google.com/advertiser/AR13059137097607151617/creative/CR04734878196011368449?region=US
kayak.com,Kayak Software Corporation,AR13059137097607151617,CR07107182070329245697,TEXT,2021-11-22T08:00:00.000Z,2026-10-02T09:40:23.000Z,https://adstransparency.google.com/advertiser/AR13059137097607151617/creative/CR07107182070329245697?region=US
kayak.com,Kayak Software Corporation,AR13059137097607151617,CR06128826711149641729,TEXT,2025-07-14T15:11:21.000Z,2026-10-02T09:40:17.000Z,https://adstransparency.google.com/advertiser/AR13059137097607151617/creative/CR06128826711149641729?region=US
kayak.com,Kayak Software Corporation,AR13059137097607151617,CR00933535751948206081,TEXT,2025-11-30T00:50:21.000Z,2026-10-02T09:40:16.000Z,https://adstransparency.google.com/advertiser/AR13059137097607151617/creative/CR00933535751948206081?region=US
kayak.com,Kayak Software Corporation,AR13059137097607151617,CR13262873990893928449,TEXT,2021-11-10T08:00:00.000Z,2026-10-02T09:39:45.000Z,https://adstransparency.google.com/advertiser/AR13059137097607151617/creative/CR13262873990893928449?region=US
kayak.com,Kayak Software Corporation,AR13059137097607151617,CR14142230620188704769,TEXT,2026-03-25T20:46:36.000Z,2026-10-02T09:39:09.000Z,https://adstransparency.google.com/advertiser/AR13059137097607151617/creative/CR14142230620188704769?region=US
kayak.com,Kayak Software Corporation,AR13059137097607151617,CR17011400277225373697,TEXT,2025-07-14T13:35:21.000Z,2026-10-02T09:38:45.000Z,https://adstransparency.google.com/advertiser/AR13059137097607151617/creative/CR17011400277225373697?region=US
kayak.com,Kayak Software Corporation,AR13059137097607151617,CR04873927702089826305,TEXT,2025-07-14T17:13:07.000Z,2026-10-02T09:37:46.000Z,https://adstransparency.google.com/advertiser/AR13059137097607151617/creative/CR04873927702089826305?region=US
kayak.com,Kayak Software Corporation,AR13059137097607151617,CR10813711668224196609,TEXT,2024-07-22T23:59:00.000Z,2026-10-02T09:37:41.000Z,https://adstransparency.google.com/advertiser/AR13059137097607151617/creative/CR10813711668224196609?region=US
kayak.com,Kayak Software Corporation,AR13059137097607151617,CR10092112821253832705,TEXT,2024-12-11T22:37:02.000Z,2026-10-02T09:37:02.000Z,https://adstransparency.google.com/advertiser/AR13059137097607151617/creative/CR10092112821253832705?region=US
kayak.com,Kayak Software Corporation,AR13059137097607151617,CR02382466239386615809,TEXT,2025-07-14T14:31:18.000Z,2026-10-02T09:36:41.000Z,https://adstransparency.google.com/advertiser/AR13059137097607151617/creative/CR02382466239386615809?region=US
kayak.com,Kayak Software Corporation,AR13059137097607151617,CR00647883593124675585,TEXT,2025-11-21T01:33:58.000Z,2026-10-02T09:36:39.000Z,https://adstransparency.google.com/advertiser/AR13059137097607151617/creative/CR00647883593124675585?region=US
kayak.com,Kayak Software Corporation,AR13059137097607151617,CR03233752912349888513,TEXT,2024-12-11T23:28:07.000Z,2026-10-02T09:36:38.000Z,https://adstransparency.google.com/advertiser/AR13059137097607151617/creative/CR03233752912349888513?region=US
kayak.com,Kayak Software Corporation,AR13059137097607151617,CR14589164856880922625,TEXT,2024-12-10T23:54:43.000Z,2026-10-02T09:36:18.000Z,https://adstransparency.google.com/advertiser/AR13059137097607151617/creative/CR14589164856880922625?region=US
kayak.com,Kayak Software Corporation,AR13059137097607151617,CR07961785299858620417,TEXT,2024-12-11T11:54:48.000Z,2026-10-02T09:35:25.000Z,https://adstransparency.google.com/advertiser/AR13059137097607151617/creative/CR07961785299858620417?region=US
kayak.com,Kayak Software Corporation,AR13059137097607151617,CR07719785092687593473,TEXT,2024-12-11T02:28:08.000Z,2026-10-02T09:35:16.000Z,https://adstransparency.google.com/advertiser/AR13059137097607151617/creative/CR07719785092687593473?region=US
kayak.com,Kayak Software Corporation,AR13059137097607151617,CR01075539877698732033,TEXT,2026-06-26T23:03:17.000Z,2026-10-02T09:35:14.000Z,https://adstransparency.google.com/advertiser/AR13059137097607151617/creative/CR01075539877698732033?region=US
kayak.com,Kayak Software Corporation,AR13059137097607151617,CR08341266027195138049,TEXT,2025-11-17T14:49:48.000Z,2026-10-02T09:34:53.000Z,https://adstransparency.google.com/advertiser/AR13059137097607151617/creative/CR08341266027195138049?region=US
kayak.com,Kayak Software Corporation,AR13059137097607151617,CR02446579552676216833,TEXT,2024-08-05T07:00:00.000Z,2026-10-02T09:34:50.000Z,https://adstransparency.google.com/advertiser/AR13059137097607151617/creative/CR02446579552676216833?region=US
kayak.com,Kayak Software Corporation,AR13059137097607151617,CR11250245289421832193,TEXT,2024-12-11T04:56:50.000Z,2026-10-02T09:34:37.000Z,https://adstransparency.google.com/advertiser/AR13059137097607151617/creative/CR11250245289421832193?region=US
kayak.com,Kayak Software Corporation,AR13059137097607151617,CR12652373921962655745,TEXT,2024-12-10T22:27:17.000Z,2026-10-02T09:34:07.000Z,https://adstransparency.google.com/advertiser/AR13059137097607151617/creative/CR12652373921962655745?region=US
kayak.com,Kayak Software Corporation,AR13059137097607151617,CR14453946805227880449,TEXT,2025-11-18T02:42:22.000Z,2026-10-02T09:33:58.000Z,https://adstransparency.google.com/advertiser/AR13059137097607151617/creative/CR14453946805227880449?region=US
kayak.com,Kayak Software Corporation,AR13059137097607151617,CR07778813456756506625,TEXT,2021-11-01T07:00:00.000Z,2026-10-02T09:33:48.000Z,https://adstransparency.google.com/advertiser/AR13059137097607151617/creative/CR07778813456756506625?region=US
kayak.com,Kayak Software Corporation,AR13059137097607151617,CR07352469215971901441,TEXT,2024-12-19T03:51:11.000Z,2026-10-02T09:33:30.000Z,https://adstransparency.google.com/advertiser/AR13059137097607151617/creative/CR07352469215971901441?region=US
kayak.com,Kayak Software Corporation,AR13059137097607151617,CR07185463501475807233,TEXT,2025-11-17T13:12:36.000Z,2026-10-02T09:33:27.000Z,https://adstransparency.google.com/advertiser/AR13059137097607151617/creative/CR07185463501475807233?region=US
kayak.com,Kayak Software Corporation,AR13059137097607151617,CR13674571903572901889,TEXT,2025-11-17T18:37:37.000Z,2026-10-02T09:33:09.000Z,https://adstransparency.google.com/advertiser/AR13059137097607151617/creative/CR13674571903572901889?region=US
kayak.com,Kayak Software Corporation,AR13059137097607151617,CR00558506148328636417,TEXT,2024-12-11T23:13:41.000Z,2026-10-02T09:33:04.000Z,https://adstransparency.google.com/advertiser/AR13059137097607151617/creative/CR00558506148328636417?region=US
kayak.com,Kayak Software Corporation,AR13059137097607151617,CR02904858095077294081,TEXT,2024-12-11T08:00:00.000Z,2026-10-02T09:32:57.000Z,https://adstransparency.google.com/advertiser/AR13059137097607151617/creative/CR02904858095077294081?region=US
kayak.com,Kayak Software Corporation,AR13059137097607151617,CR12342624041671065601,TEXT,2024-12-14T02:44:39.000Z,2026-10-02T09:32:50.000Z,https://adstransparency.google.com/advertiser/AR13059137097607151617/creative/CR12342624041671065601?region=US
kayak.com,Kayak Software Corporation,AR13059137097607151617,CR17469404070568525825,TEXT,2026-02-26T03:04:38.000Z,2026-10-02T09:32:42.000Z,https://adstransparency.google.com/advertiser/AR13059137097607151617/creative/CR17469404070568525825?region=US
kayak.com,Kayak Software Corporation,AR13059137097607151617,CR12976034711699718145,TEXT,2025-01-22T00:08:49.000Z,2026-10-02T09:32:29.000Z,https://adstransparency.google.com/advertiser/AR13059137097607151617/creative/CR12976034711699718145?region=US
kayak.com,Kayak Software Corporation,AR13059137097607151617,CR04496923401356574721,TEXT,2025-07-15T03:07:38.000Z,2026-10-02T09:32:27.000Z,https://adstransparency.google.com/advertiser/AR13059137097607151617/creative/CR04496923401356574721?region=US
kayak.com,Kayak Software Corporation,AR13059137097607151617,CR13117239492496850945,TEXT,2024-12-12T17:57:45.000Z,2026-10-02T09:32:03.000Z,https://adstransparency.google.com/advertiser/AR13059137097607151617/creative/CR13117239492496850945?region=US
kayak.com,Kayak Software Corporation,AR13059137097607151617,CR04104209879781081089,TEXT,2024-12-11T22:14:58.000Z,2026-10-02T09:32:00.000Z,https://adstransparency.google.com/advertiser/AR13059137097607151617/creative/CR04104209879781081089?region=US
kayak.com,Kayak Software Corporation,AR13059137097607151617,CR00167202681696288769,TEXT,2024-12-11T14:34:29.000Z,2026-10-02T09:31:59.000Z,https://adstransparency.google.com/advertiser/AR13059137097607151617/creative/CR00167202681696288769?region=US
kayak.com,Kayak Software Corporation,AR13059137097607151617,CR15660350032878501889,TEXT,2025-12-04T15:45:40.000Z,2026-10-02T09:31:47.000Z,https://adstransparency.google.com/advertiser/AR13059137097607151617/creative/CR15660350032878501889?region=US
kayak.com,Kayak Software Corporation,AR13059137097607151617,CR10333808876020826113,TEXT,2025-07-14T12:04:35.000Z,2026-10-02T09:31:44.000Z,https://adstransparency.google.com/advertiser/AR13059137097607151617/creative/CR10333808876020826113?region=US
kayak.com,Kayak Software Corporation,AR13059137097607151617,CR09378647456931119105,TEXT,2024-12-13T00:58:59.000Z,2026-10-02T09:31:27.000Z,https://adstransparency.google.com/advertiser/AR13059137097607151617/creative/CR09378647456931119105?region=US
kayak.com,Kayak Software Corporation,AR13059137097607151617,CR05797650673537384449,TEXT,2024-12-30T03:01:32.000Z,2026-10-02T09:31:11.000Z,https://adstransparency.google.com/advertiser/AR13059137097607151617/creative/CR05797650673537384449?region=US
kayak.com,Kayak Software Corporation,AR13059137097607151617,CR03822929920355467265,TEXT,2024-12-11T10:15:19.000Z,2026-10-02T09:31:08.000Z,https://adstransparency.google.com/advertiser/AR13059137097607151617/creative/CR03822929920355467265?region=US
kayak.com,Kayak Software Corporation,AR13059137097607151617,CR09214786234021314561,TEXT,2025-07-14T12:14:32.000Z,2026-10-02T09:30:58.000Z,https://adstransparency.google.com/advertiser/AR13059137097607151617/creative/CR09214786234021314561?region=US
kayak.com,Kayak Software Corporation,AR13059137097607151617,CR12227978445279199233,TEXT,2024-12-13T06:37:50.000Z,2026-10-02T09:30:19.000Z,https://adstransparency.google.com/advertiser/AR13059137097607151617/creative/CR12227978445279199233?region=US
kayak.com,Kayak Software Corporation,AR13059137097607151617,CR05885616551561789441,TEXT,2025-07-14T19:59:42.000Z,2026-10-02T09:30:10.000Z,https://adstransparency.google.com/advertiser/AR13059137097607151617/creative/CR05885616551561789441?region=US
kayak.com,Kayak Software Corporation,AR13059137097607151617,CR13434820154731003905,TEXT,2021-10-25T07:00:00.000Z,2026-10-02T09:29:36.000Z,https://adstransparency.google.com/advertiser/AR13059137097607151617/creative/CR13434820154731003905?region=US
kayak.com,Kayak Software Corporation,AR13059137097607151617,CR01807106716697886721,TEXT,2025-11-17T15:19:36.000Z,2026-10-02T09:29:23.000Z,https://adstransparency.google.com/advertiser/AR13059137097607151617/creative/CR01807106716697886721?region=US
kayak.com,Kayak Software Corporation,AR13059137097607151617,CR08351676658553454593,TEXT,2024-12-10T22:37:52.000Z,2026-10-02T09:29:05.000Z,https://adstransparency.google.com/advertiser/AR13059137097607151617/creative/CR08351676658553454593?region=US
kayak.com,Kayak Software Corporation,AR13059137097607151617,CR07287940209977589761,TEXT,2025-07-14T15:14:20.000Z,2026-10-02T09:29:00.000Z,https://adstransparency.google.com/advertiser/AR13059137097607151617/creative/CR07287940209977589761?region=US
kayak.com,Kayak Software Corporation,AR13059137097607151617,CR10475155562537418753,TEXT,2025-01-03T02:52:35.000Z,2026-10-02T09:28:53.000Z,https://adstransparency.google.com/advertiser/AR13059137097607151617/creative/CR10475155562537418753?region=US
kayak.com,Kayak Software Corporation,AR13059137097607151617,CR04834111328031342593,TEXT,2024-12-11T00:00:30.000Z,2026-10-02T09:28:24.000Z,https://adstransparency.google.com/advertiser/AR13059137097607151617/creative/CR04834111328031342593?region=US
kayak.com,Kayak Software Corporation,AR13059137097607151617,CR16607879183414067201,TEXT,2021-10-25T07:00:00.000Z,2026-10-02T09:27:24.000Z,https://adstransparency.google.com/advertiser/AR13059137097607151617/creative/CR16607879183414067201?region=US
kayak.com,Kayak Software Corporation,AR13059137097607151617,CR03667415682917597185,TEXT,2024-12-18T03:44:22.000Z,2026-10-02T09:27:23.000Z,https://adstransparency.google.com/advertiser/AR13059137097607151617/creative/CR03667415682917597185?region=US
kayak.com,Kayak Software Corporation,AR13059137097607151617,CR18292725051826372609,TEXT,2024-07-30T06:05:43.000Z,2026-10-02T09:27:19.000Z,https://adstransparency.google.com/advertiser/AR13059137097607151617/creative/CR18292725051826372609?region=US
kayak.com,Kayak Software Corporation,AR13059137097607151617,CR03341323417704988673,TEXT,2025-07-23T04:07:19.000Z,2026-10-02T09:27:15.000Z,https://adstransparency.google.com/advertiser/AR13059137097607151617/creative/CR03341323417704988673?region=US
kayak.com,Kayak Software Corporation,AR13059137097607151617,CR07404747076862476289,TEXT,2025-07-22T18:20:34.000Z,2026-10-02T09:26:51.000Z,https://adstransparency.google.com/advertiser/AR13059137097607151617/creative/CR07404747076862476289?region=US
kayak.com,Kayak Software Corporation,AR13059137097607151617,CR01638243196918038529,TEXT,2025-07-14T17:25:20.000Z,2026-10-02T09:26:46.000Z,https://adstransparency.google.com/advertiser/AR13059137097607151617/creative/CR01638243196918038529?region=US
kayak.com,Kayak Software Corporation,AR13059137097607151617,CR12944460216673501185,TEXT,2024-12-11T10:01:41.000Z,2026-10-02T09:26:28.000Z,https://adstransparency.google.com/advertiser/AR13059137097607151617/creative/CR12944460216673501185?region=US
kayak.com,Kayak Software Corporation,AR13059137097607151617,CR12627767289819693057,TEXT,2025-07-14T12:33:20.000Z,2026-10-02T09:26:26.000Z,https://adstransparency.google.com/advertiser/AR13059137097607151617/creative/CR12627767289819693057?region=US
kayak.com,Kayak Software Corporation,AR13059137097607151617,CR04839359632038166529,TEXT,2025-02-07T02:26:18.000Z,2026-10-02T09:26:03.000Z,https://adstransparency.google.com/advertiser/AR13059137097607151617/creative/CR04839359632038166529?region=US
kayak.com,Kayak Software Corporation,AR13059137097607151617,CR11334531222287155201,TEXT,2021-11-01T07:00:00.000Z,2026-10-02T09:26:02.000Z,https://adstransparency.google.com/advertiser/AR13059137097607151617/creative/CR11334531222287155201?region=US
kayak.com,Kayak Software Corporation,AR13059137097607151617,CR06478933573033263105,TEXT,2025-11-19T01:44:36.000Z,2026-10-02T09:25:45.000Z,https://adstransparency.google.com/advertiser/AR13059137097607151617/creative/CR06478933573033263105?region=US
kayak.com,Kayak Software Corporation,AR13059137097607151617,CR13479649288199864321,TEXT,2025-07-14T17:50:00.000Z,2026-10-02T09:24:55.000Z,https://adstransparency.google.com/advertiser/AR13059137097607151617/creative/CR13479649288199864321?region=US
kayak.com,Kayak Software Corporation,AR13059137097607151617,CR06009037083966963713,TEXT,2024-12-12T04:54:02.000Z,2026-10-02T09:24:45.000Z,https://adstransparency.google.com/advertiser/AR13059137097607151617/creative/CR06009037083966963713?region=US
kayak.com,Kayak Software Corporation,AR13059137097607151617,CR10294819231627214849,TEXT,2024-12-11T00:31:44.000Z,2026-10-02T09:24:32.000Z,https://adstransparency.google.com/advertiser/AR13059137097607151617/creative/CR10294819231627214849?region=US
kayak.com,Kayak Software Corporation,AR13059137097607151617,CR14411267345840340993,TEXT,2024-12-11T03:55:59.000Z,2026-10-02T09:24:04.000Z,https://adstransparency.google.com/advertiser/AR13059137097607151617/creative/CR14411267345840340993?region=US
kayak.com,Kayak Software Corporation,AR13059137097607151617,CR14554340385871626241,TEXT,2024-08-02T03:05:25.000Z,2026-10-02T09:23:33.000Z,https://adstransparency.google.com/advertiser/AR13059137097607151617/creative/CR14554340385871626241?region=US
kayak.com,Kayak Software Corporation,AR13059137097607151617,CR01336681147790262273,TEXT,2024-12-11T02:40:04.000Z,2026-10-02T09:23:25.000Z,https://adstransparency.google.com/advertiser/AR13059137097607151617/creative/CR01336681147790262273?region=US
kayak.com,Kayak Software Corporation,AR13059137097607151617,CR15187516232858337281,TEXT,2024-12-12T20:06:26.000Z,2026-10-02T09:23:21.000Z,https://adstransparency.google.com/advertiser/AR13059137097607151617/creative/CR15187516232858337281?region=US
kayak.com,Kayak Software Corporation,AR13059137097607151617,CR10684147459980001281,TEXT,2024-12-11T05:25:47.000Z,2026-10-02T09:23:13.000Z,https://adstransparency.google.com/advertiser/AR13059137097607151617/creative/CR10684147459980001281?region=US
kayak.com,Kayak Software Corporation,AR13059137097607151617,CR02354388079667576833,TEXT,2025-11-17T15:58:42.000Z,2026-10-02T09:23:12.000Z,https://adstransparency.google.com/advertiser/AR13059137097607151617/creative/CR02354388079667576833?region=US
kayak.com,Kayak Software Corporation,AR13059137097607151617,CR13766182911751487489,TEXT,2025-07-14T12:46:01.000Z,2026-10-02T09:23:09.000Z,https://adstransparency.google.com/advertiser/AR13059137097607151617/creative/CR13766182911751487489?region=US
kayak.com,Kayak Software Corporation,AR13059137097607151617,CR05420711836695658497,TEXT,2026-05-13T01:43:41.000Z,2026-10-02T09:22:41.000Z,https://adstransparency.google.com/advertiser/AR13059137097607151617/creative/CR05420711836695658497?region=US
kayak.com,Kayak Software Corporation,AR13059137097607151617,CR01423006279588118529,TEXT,2024-12-12T05:55:53.000Z,2026-10-02T09:21:53.000Z,https://adstransparency.google.com/advertiser/AR13059137097607151617/creative/CR01423006279588118529?region=US
kayak.com,Kayak Software Corporation,AR13059137097607151617,CR04239861362353766401,TEXT,2026-03-05T08:00:00.000Z,2026-10-02T09:21:11.000Z,https://adstransparency.google.com/advertiser/AR13059137097607151617/creative/CR04239861362353766401?region=US
kayak.com,Kayak Software Corporation,AR13059137097607151617,CR12198505649549606913,TEXT,2025-11-17T14:35:04.000Z,2026-10-02T09:20:57.000Z,https://adstransparency.google.com/advertiser/AR13059137097607151617/creative/CR12198505649549606913?region=US
kayak.com,Kayak Software Corporation,AR13059137097607151617,CR14890941766042648577,TEXT,2024-12-11T23:15:49.000Z,2026-10-02T09:20:42.000Z,https://adstransparency.google.com/advertiser/AR13059137097607151617/creative/CR14890941766042648577?region=US
kayak.com,Kayak Software Corporation,AR13059137097607151617,CR15955487343507406849,TEXT,2024-12-11T02:32:36.000Z,2026-10-02T09:20:35.000Z,https://adstransparency.google.com/advertiser/AR13059137097607151617/creative/CR15955487343507406849?region=US
kayak.com,Kayak Software Corporation,AR13059137097607151617,CR16538317291792629761,TEXT,2024-12-12T17:06:25.000Z,2026-10-02T09:20:19.000Z,https://adstransparency.google.com/advertiser/AR13059137097607151617/creative/CR16538317291792629761?region=US
kayak.com,Kayak Software Corporation,AR13059137097607151617,CR16971774178808037377,TEXT,2026-03-12T21:21:42.000Z,2026-10-02T09:20:13.000Z,https://adstransparency.google.com/advertiser/AR13059137097607151617/creative/CR16971774178808037377?region=US
kayak.com,Kayak Software Corporation,AR13059137097607151617,CR11257118774693724161,TEXT,2025-11-19T14:58:36.000Z,2026-10-02T09:19:51.000Z,https://adstransparency.google.com/advertiser/AR13059137097607151617/creative/CR11257118774693724161?region=US
kayak.com,Kayak Software Corporation,AR13059137097607151617,CR13353846603723571201,TEXT,2025-07-14T00:53:24.000Z,2026-10-02T09:19:06.000Z,https://adstransparency.google.com/advertiser/AR13059137097607151617/creative/CR13353846603723571201?region=US
kayak.com,Kayak Software Corporation,AR13059137097607151617,CR13087451523477143553,TEXT,2025-11-17T16:01:02.000Z,2026-10-02T09:18:58.000Z,https://adstransparency.google.com/advertiser/AR13059137097607151617/creative/CR13087451523477143553?region=US
kayak.com,Kayak Software Corporation,AR13059137097607151617,CR13347979403519328257,TEXT,2024-12-11T04:22:15.000Z,2026-10-02T09:18:49.000Z,https://adstransparency.google.com/advertiser/AR13059137097607151617/creative/CR13347979403519328257?region=US
kayak.com,Kayak Software Corporation,AR13059137097607151617,CR17361723055704899585,TEXT,2025-11-17T11:45:58.000Z,2026-10-02T09:18:39.000Z,https://adstransparency.google.com/advertiser/AR13059137097607151617/creative/CR17361723055704899585?region=US
kayak.com,Kayak Software Corporation,AR13059137097607151617,CR16988022426635862017,TEXT,2024-12-11T22:25:09.000Z,2026-10-02T09:18:38.000Z,https://adstransparency.google.com/advertiser/AR13059137097607151617/creative/CR16988022426635862017?region=US
kayak.com,Kayak Software Corporation,AR13059137097607151617,CR00642258775104815105,TEXT,2024-12-11T01:28:23.000Z,2026-10-02T09:18:00.000Z,https://adstransparency.google.com/advertiser/AR13059137097607151617/creative/CR00642258775104815105?region=US
kayak.com,Kayak Software Corporation,AR13059137097607151617,CR00462069838882275329,TEXT,2024-12-11T21:07:29.000Z,2026-10-02T09:17:58.000Z,https://adstransparency.google.com/advertiser/AR13059137097607151617/creative/CR00462069838882275329?region=US
kayak.com,Kayak Software Corporation,AR13059137097607151617,CR14833273858634547201,TEXT,2024-12-12T14:15:01.000Z,2026-10-02T09:17:11.000Z,https://adstransparency.google.com/advertiser/AR13059137097607151617/creative/CR14833273858634547201?region=US
kayak.com,Kayak Software Corporation,AR13059137097607151617,CR05980586524813557761,TEXT,2024-12-23T01:39:27.000Z,2026-10-02T09:16:42.000Z,https://adstransparency.google.com/advertiser/AR13059137097607151617/creative/CR05980586524813557761?region=US
kayak.com,Kayak Software Corporation,AR13059137097607151617,CR16565089334777085953,TEXT,2024-12-11T07:58:04.000Z,2026-10-02T09:16:16.000Z,https://adstransparency.google.com/advertiser/AR13059137097607151617/creative/CR16565089334777085953?region=US
kayak.com,Kayak Software Corporation,AR13059137097607151617,CR07918662110219862017,TEXT,2025-07-14T12:31:16.000Z,2026-10-02T09:16:01.000Z,https://adstransparency.google.com/advertiser/AR13059137097607151617/creative/CR07918662110219862017?region=US
kayak.com,Kayak Software Corporation,AR13059137097607151617,CR00144568616363229185,TEXT,2024-12-11T02:43:19.000Z,2026-10-02T09:15:49.000Z,https://adstransparency.google.com/advertiser/AR13059137097607151617/creative/CR00144568616363229185?region=US
kayak.com,Kayak Software Corporation,AR13059137097607151617,CR14345461214140694529,TEXT,2024-08-02T10:59:06.000Z,2026-10-02T09:14:44.000Z,https://adstransparency.google.com/advertiser/AR13059137097607151617/creative/CR14345461214140694529?region=US
kayak.com,Kayak Software Corporation,AR13059137097607151617,CR03285736232973238273,TEXT,2025-07-14T19:46:21.000Z,2026-10-02T09:14:35.000Z,https://adstransparency.google.com/advertiser/AR13059137097607151617/creative/CR03285736232973238273?region=US
kayak.com,Kayak Software Corporation,AR13059137097607151617,CR16508460448677363713,TEXT,2021-10-28T07:00:00.000Z,2026-10-02T09:14:34.000Z,https://adstransparency.google.com/advertiser/AR13059137097607151617/creative/CR16508460448677363713?region=US
kayak.com,Kayak Software Corporation,AR13059137097607151617,CR01110081181514203137,TEXT,2024-12-11T02:45:32.000Z,2026-10-02T09:14:27.000Z,https://adstransparency.google.com/advertiser/AR13059137097607151617/creative/CR01110081181514203137?region=US
kayak.com,Kayak Software Corporation,AR13059137097607151617,CR16892594987827462145,TEXT,2024-12-14T07:26:33.000Z,2026-10-02T09:14:00.000Z,https://adstransparency.google.com/advertiser/AR13059137097607151617/creative/CR16892594987827462145?region=US
kayak.com,Kayak Software Corporation,AR13059137097607151617,CR12502142039032332289,TEXT,2026-07-09T16:40:46.000Z,2026-10-02T09:13:56.000Z,https://adstransparency.google.com/advertiser/AR13059137097607151617/creative/CR12502142039032332289?region=US
kayak.com,Kayak Software Corporation,AR13059137097607151617,CR18081587723730157569,TEXT,2025-07-14T19:53:57.000Z,2026-10-02T09:13:46.000Z,https://adstransparency.google.com/advertiser/AR13059137097607151617/creative/CR18081587723730157569?region=US
kayak.com,Kayak Software Corporation,AR13059137097607151617,CR06077064272104390657,TEXT,2025-11-19T01:47:31.000Z,2026-10-02T09:13:27.000Z,https://adstransparency.google.com/advertiser/AR13059137097607151617/creative/CR06077064272104390657?region=US
kayak.com,Kayak Software Corporation,AR13059137097607151617,CR04636613055130632193,TEXT,2025-11-21T14:52:07.000Z,2026-10-02T09:13:12.000Z,https://adstransparency.google.com/advertiser/AR13059137097607151617/creative/CR04636613055130632193?region=US
kayak.com,Kayak Software Corporation,AR13059137097607151617,CR02328813026888646657,TEXT,2025-07-14T18:16:55.000Z,2026-10-02T09:13:00.000Z,https://adstransparency.google.com/advertiser/AR13059137097607151617/creative/CR02328813026888646657?region=US
kayak.com,Kayak Software Corporation,AR13059137097607151617,CR14815366903026941953,TEXT,2024-12-11T23:40:07.000Z,2026-10-02T09:12:40.000Z,https://adstransparency.google.com/advertiser/AR13059137097607151617/creative/CR14815366903026941953?region=US
kayak.com,Kayak Software Corporation,AR13059137097607151617,CR05337195510430171137,TEXT,2025-12-04T08:00:00.000Z,2026-10-02T09:12:16.000Z,https://adstransparency.google.com/advertiser/AR13059137097607151617/creative/CR05337195510430171137?region=US
kayak.com,Kayak Software Corporation,AR13059137097607151617,CR09101075497390964737,TEXT,2026-03-25T18:10:44.000Z,2026-10-02T09:11:48.000Z,https://adstransparency.google.com/advertiser/AR13059137097607151617/creative/CR09101075497390964737?region=US
kayak.com,Kayak Software Corporation,AR13059137097607151617,CR15812584633289146369,TEXT,2024-12-16T16:40:57.000Z,2026-10-02T09:11:48.000Z,https://adstransparency.google.com/advertiser/AR13059137097607151617/creative/CR15812584633289146369?region=US
kayak.com,Kayak Software Corporation,AR13059137097607151617,CR17005718739867402241,TEXT,2021-11-16T08:00:00.000Z,2026-10-02T09:11:43.000Z,https://adstransparency.google.com/advertiser/AR13059137097607151617/creative/CR17005718739867402241?region=US
kayak.com,Kayak Software Corporation,AR13059137097607151617,CR06278284494944337921,TEXT,2025-11-17T21:45:23.000Z,2026-10-02T09:11:39.000Z,https://adstransparency.google.com/advertiser/AR13059137097607151617/creative/CR06278284494944337921?region=US
kayak.com,Kayak Software Corporation,AR13059137097607151617,CR13694948302166949889,TEXT,2025-07-14T15:02:02.000Z,2026-10-02T09:10:42.000Z,https://adstransparency.google.com/advertiser/AR13059137097607151617/creative/CR13694948302166949889?region=US
kayak.com,Kayak Software Corporation,AR13059137097607151617,CR04822309573945720833,TEXT,2025-11-17T14:08:21.000Z,2026-10-02T09:10:35.000Z,https://adstransparency.google.com/advertiser/AR13059137097607151617/creative/CR04822309573945720833?region=US
kayak.com,Kayak Software Corporation,AR13059137097607151617,CR12742834145193885697,TEXT,2024-12-11T00:38:48.000Z,2026-10-02T09:10:32.000Z,https://adstransparency.google.com/advertiser/AR13059137097607151617/creative/CR12742834145193885697?region=US
kayak.com,Kayak Software Corporation,AR13059137097607151617,CR03461686612000243713,TEXT,2024-12-13T02:27:50.000Z,2026-10-02T09:10:31.000Z,https://adstransparency.google.com/advertiser/AR13059137097607151617/creative/CR03461686612000243713?region=US
kayak.com,Kayak Software Corporation,AR13059137097607151617,CR17624084508825354241,TEXT,2025-11-18T17:32:00.000Z,2026-10-02T09:10:14.000Z,https://adstransparency.google.com/advertiser/AR13059137097607151617/creative/CR17624084508825354241?region=US
kayak.com,Kayak Software Corporation,AR13059137097607151617,CR06880102794292887553,TEXT,2025-11-19T02:56:10.000Z,2026-10-02T09:08:56.000Z,https://adstransparency.google.com/advertiser/AR13059137097607151617/creative/CR06880102794292887553?region=US
kayak.com,Kayak Software Corporation,AR13059137097607151617,CR10973023824982835201,TEXT,2021-10-26T07:00:00.000Z,2026-10-02T09:08:51.000Z,https://adstransparency.google.com/advertiser/AR13059137097607151617/creative/CR10973023824982835201?region=US
kayak.com,Kayak Software Corporation,AR13059137097607151617,CR11808082264665882625,TEXT,2025-11-18T05:20:53.000Z,2026-10-02T09:08:47.000Z,https://adstransparency.google.com/advertiser/AR13059137097607151617/creative/CR11808082264665882625?region=US
kayak.com,Kayak Software Corporation,AR13059137097607151617,CR17004237190898647041,TEXT,2024-12-12T05:07:50.000Z,2026-10-02T09:08:29.000Z,https://adstransparency.google.com/advertiser/AR13059137097607151617/creative/CR17004237190898647041?region=US
kayak.com,Kayak Software Corporation,AR13059137097607151617,CR05466516460316655617,TEXT,2025-11-20T22:02:23.000Z,2026-10-02T09:08:26.000Z,https://adstransparency.google.com/advertiser/AR13059137097607151617/creative/CR05466516460316655617?region=US
kayak.com,Kayak Software Corporation,AR13059137097607151617,CR17112165458439569409,TEXT,2024-12-12T20:50:37.000Z,2026-10-02T09:08:05.000Z,https://adstransparency.google.com/advertiser/AR13059137097607151617/creative/CR17112165458439569409?region=US
kayak.com,Kayak Software Corporation,AR13059137097607151617,CR13535455705242271745,TEXT,2021-10-25T07:00:00.000Z,2026-10-02T09:07:36.000Z,https://adstransparency.google.com/advertiser/AR13059137097607151617/creative/CR13535455705242271745?region=US
kayak.com,Kayak Software Corporation,AR13059137097607151617,CR06096652071753220097,TEXT,2025-11-24T20:33:16.000Z,2026-10-02T09:06:39.000Z,https://adstransparency.google.com/advertiser/AR13059137097607151617/creative/CR06096652071753220097?region=US
kayak.com,Kayak Software Corporation,AR13059137097607151617,CR05035318416861298689,TEXT,2021-12-14T08:00:00.000Z,2026-10-02T09:06:17.000Z,https://adstransparency.google.com/advertiser/AR13059137097607151617/creative/CR05035318416861298689?region=US
kayak.com,Kayak Software Corporation,AR13059137097607151617,CR03828471802556841985,TEXT,2025-11-17T19:16:29.000Z,2026-10-02T09:05:49.000Z,https://adstransparency.google.com/advertiser/AR13059137097607151617/creative/CR03828471802556841985?region=US
kayak.com,Kayak Software Corporation,AR13059137097607151617,CR17153533690081443841,TEXT,2025-11-21T23:14:04.000Z,2026-10-02T09:05:10.000Z,https://adstransparency.google.com/advertiser/AR13059137097607151617/creative/CR17153533690081443841?region=US
kayak.com,Kayak Software Corporation,AR13059137097607151617,CR15577534361807880193,TEXT,2024-08-09T18:58:04.000Z,2026-10-02T09:04:57.000Z,https://adstransparency.google.com/advertiser/AR13059137097607151617/creative/CR15577534361807880193?region=US
kayak.com,Kayak Software Corporation,AR13059137097607151617,CR17768664609931132929,TEXT,2025-07-18T21:52:45.000Z,2026-10-02T09:04:56.000Z,https://adstransparency.google.com/advertiser/AR13059137097607151617/creative/CR17768664609931132929?region=US
kayak.com,Kayak Software Corporation,AR13059137097607151617,CR13121807765741764609,TEXT,2024-12-10T23:18:55.000Z,2026-10-02T09:04:12.000Z,https://adstransparency.google.com/advertiser/AR13059137097607151617/creative/CR13121807765741764609?region=US
kayak.com,Kayak Software Corporation,AR13059137097607151617,CR07299877238353166337,TEXT,2025-07-14T13:41:28.000Z,2026-10-02T09:04:10.000Z,https://adstransparency.google.com/advertiser/AR13059137097607151617/creative/CR07299877238353166337?region=US
kayak.com,Kayak Software Corporation,AR13059137097607151617,CR01101092734086676481,TEXT,2025-11-17T13:59:11.000Z,2026-10-02T09:03:38.000Z,https://adstransparency.google.com/advertiser/AR13059137097607151617/creative/CR01101092734086676481?region=US
kayak.com,Kayak Software Corporation,AR13059137097607151617,CR07708820573756850177,TEXT,2024-08-02T02:25:21.000Z,2026-10-02T09:03:03.000Z,https://adstransparency.google.com/advertiser/AR13059137097607151617/creative/CR07708820573756850177?region=US
kayak.com,Kayak Software Corporation,AR13059137097607151617,CR07023264533988769793,TEXT,2024-12-13T20:14:38.000Z,2026-10-02T09:02:59.000Z,https://adstransparency.google.com/advertiser/AR13059137097607151617/creative/CR07023264533988769793?region=US
kayak.com,Kayak Software Corporation,AR13059137097607151617,CR15085136264199929857,TEXT,2025-05-27T19:47:37.000Z,2026-10-02T09:01:46.000Z,https://adstransparency.google.com/advertiser/AR13059137097607151617/creative/CR15085136264199929857?region=US
kayak.com,Kayak Software Corporation,AR13059137097607151617,CR04636168568965169153,TEXT,2021-10-25T07:00:00.000Z,2026-10-02T09:01:36.000Z,https://adstransparency.google.com/advertiser/AR13059137097607151617/creative/CR04636168568965169153?region=US
kayak.com,Kayak Software Corporation,AR13059137097607151617,CR15636654191500328961,TEXT,2024-12-11T00:36:47.000Z,2026-10-02T09:01:24.000Z,https://adstransparency.google.com/advertiser/AR13059137097607151617/creative/CR15636654191500328961?region=US
kayak.com,Kayak Software Corporation,AR13059137097607151617,CR14859992016959307777,TEXT,2024-12-11T16:04:41.000Z,2026-10-02T09:00:40.000Z,https://adstransparency.google.com/advertiser/AR13059137097607151617/creative/CR14859992016959307777?region=US
kayak.com,Kayak Software Corporation,AR13059137097607151617,CR09571666963705364481,TEXT,2024-12-12T00:44:18.000Z,2026-10-02T09:00:27.000Z,https://adstransparency.google.com/advertiser/AR13059137097607151617/creative/CR09571666963705364481?region=US
priceline.com,Priceline.com Incorporated,AR14891855855342321665,CR03355385174991831041,TEXT,2023-12-29T20:35:12.000Z,2026-10-02T11:59:02.000Z,https://adstransparency.google.com/advertiser/AR14891855855342321665/creative/CR03355385174991831041?region=US
priceline.com,Priceline.com Incorporated,AR14891855855342321665,CR14129477625336299521,TEXT,2026-09-24T03:53:33.000Z,2026-10-02T11:58:06.000Z,https://adstransparency.google.com/advertiser/AR14891855855342321665/creative/CR14129477625336299521?region=US
priceline.com,Priceline.com Incorporated,AR14891855855342321665,CR13635326760164786177,TEXT,2026-08-19T19:47:50.000Z,2026-10-02T11:55:18.000Z,https://adstransparency.google.com/advertiser/AR14891855855342321665/creative/CR13635326760164786177?region=US
priceline.com,Priceline.com Incorporated,AR14891855855342321665,CR09413270554103775233,TEXT,2026-08-13T16:46:38.000Z,2026-10-02T11:54:27.000Z,https://adstransparency.google.com/advertiser/AR14891855855342321665/creative/CR09413270554103775233?region=US
priceline.com,Priceline.com Incorporated,AR14891855855342321665,CR17767122407434223617,TEXT,2026-08-13T16:43:52.000Z,2026-10-02T11:54:24.000Z,https://adstransparency.google.com/advertiser/AR14891855855342321665/creative/CR17767122407434223617?region=US
priceline.com,Priceline.com Incorporated,AR14891855855342321665,CR10180946652039217153,TEXT,2021-11-14T08:00:00.000Z,2026-10-02T11:52:39.000Z,https://adstransparency.google.com/advertiser/AR14891855855342321665/creative/CR10180946652039217153?region=US
priceline.com,Priceline.com Incorporated,AR14891855855342321665,CR14234225899091263489,TEXT,2026-09-24T03:27:49.000Z,2026-10-02T11:51:36.000Z,https://adstransparency.google.com/advertiser/AR14891855855342321665/creative/CR14234225899091263489?region=US
priceline.com,Priceline.com Incorporated,AR14891855855342321665,CR16744136651512479745,TEXT,2026-06-05T22:09:45.000Z,2026-10-02T11:51:12.000Z,https://adstransparency.google.com/advertiser/AR14891855855342321665/creative/CR16744136651512479745?region=US
priceline.com,Priceline.com Incorporated,AR14891855855342321665,CR05906948795127562241,TEXT,2026-03-26T14:08:22.000Z,2026-10-02T11:50:48.000Z,https://adstransparency.google.com/advertiser/AR14891855855342321665/creative/CR05906948795127562241?region=US
priceline.com,Priceline.com Incorporated,AR14891855855342321665,CR02728769100275777537,TEXT,2026-09-24T03:38:32.000Z,2026-10-02T11:50:18.000Z,https://adstransparency.google.com/advertiser/AR14891855855342321665/creative/CR02728769100275777537?region=US
priceline.com,Priceline.com Incorporated,AR14891855855342321665,CR14216527687484178433,TEXT,2024-11-03T01:17:17.000Z,2026-10-02T11:50:18.000Z,https://adstransparency.google.com/advertiser/AR14891855855342321665/creative/CR14216527687484178433?region=US
priceline.com,Priceline.com Incorporated,AR14891855855342321665,CR06836648617294430209,TEXT,2026-08-13T16:36:19.000Z,2026-10-02T11:49:51.000Z,https://adstransparency.google.com/advertiser/AR14891855855342321665/creative/CR06836648617294430209?region=US
priceline.com,Priceline.com Incorporated,AR14891855855342321665,CR00522081149166551041,TEXT,2026-09-24T03:26:48.000Z,2026-10-02T11:49:34.000Z,https://adstransparency.google.com/advertiser/AR14891855855342321665/creative/CR00522081149166551041?region=US
priceline.com,Priceline.com Incorporated,AR14891855855342321665,CR05266144837115052033,TEXT,2022-06-20T21:09:40.000Z,2026-10-02T11:49:29.000Z,https://adstransparency.google.com/advertiser/AR14891855855342321665/creative/CR05266144837115052033?region=US
priceline.com,Priceline.com Incorporated,AR14891855855342321665,CR01095340080660217857,TEXT,2021-10-25T07:00:00.000Z,2026-10-02T11:49:13.000Z,https://adstransparency.google.com/advertiser/AR14891855855342321665/creative/CR01095340080660217857?region=US
priceline.com,Priceline.com Incorporated,AR14891855855342321665,CR04583312717145702401,TEXT,2026-03-26T12:59:58.000Z,2026-10-02T11:49:12.000Z,https://adstransparency.google.com/advertiser/AR14891855855342321665/creative/CR04583312717145702401?region=US
priceline.com,Priceline.com Incorporated,AR14891855855342321665,CR07924319535631433729,TEXT,2026-03-26T13:31:25.000Z,2026-10-02T11:49:03.000Z,https://adstransparency.google.com/advertiser/AR14891855855342321665/creative/CR07924319535631433729?region=US
priceline.com,Priceline.com Incorporated,AR14891855855342321665,CR15558185233491689473,TEXT,2026-09-24T03:26:31.000Z,2026-10-02T11:48:16.000Z,https://adstransparency.google.com/advertiser/AR14891855855342321665/creative/CR15558185233491689473?region=US
priceline.com,Priceline.com Incorporated,AR14891855855342321665,CR18206245558903898113,TEXT,2021-10-25T07:00:00.000Z,2026-10-02T11:48:11.000Z,https://adstransparency.google.com/advertiser/AR14891855855342321665/creative/CR18206245558903898113?region=US
priceline.com,Priceline.com Incorporated,AR14891855855342321665,CR00423770515992215553,TEXT,2026-09-24T03:37:03.000Z,2026-10-02T11:47:59.000Z,https://adstransparency.google.com/advertiser/AR14891855855342321665/creative/CR00423770515992215553?region=US
priceline.com,Priceline.com Incorporated,AR14891855855342321665,CR01124156124350644225,TEXT,2026-09-24T03:27:17.000Z,2026-10-02T11:47:16.000Z,https://adstransparency.google.com/advertiser/AR14891855855342321665/creative/CR01124156124350644225?region=US
priceline.com,Priceline.com Incorporated,AR14891855855342321665,CR04876046692924784641,TEXT,2026-03-26T13:04:18.000Z,2026-10-02T11:46:53.000Z,https://adstransparency.google.com/advertiser/AR14891855855342321665/creative/CR04876046692924784641?region=US
priceline.com,Priceline.com Incorporated,AR14891855855342321665,CR07141394757606965249,TEXT,2026-06-30T20:39:41.000Z,2026-10-02T11:46:39.000Z,https://adstransparency.google.com/advertiser/AR14891855855342321665/creative/CR07141394757606965249?region=US
priceline.com,Priceline.com Incorporated,AR14891855855342321665,CR10853791452626944001,TEXT,2026-06-30T21:04:58.000Z,2026-10-02T11:46:33.000Z,https://adstransparency.google.com/advertiser/AR14891855855342321665/creative/CR10853791452626944001?region=US
priceline.com,Priceline.com Incorporated,AR14891855855342321665,CR13852973849932464129,TEXT,2026-06-10T07:56:16.000Z,2026-10-02T11:46:12.000Z,https://adstransparency.google.com/advertiser/AR14891855855342321665/creative/CR13852973849932464129?region=US
priceline.com,Priceline.com Incorporated,AR14891855855342321665,CR10340401573510774785,TEXT,2026-05-02T10:27:07.000Z,2026-10-02T11:46:11.000Z,https://adstransparency.google.com/advertiser/AR14891855855342321665/creative/CR10340401573510774785?region=US
priceline.com,Priceline.com Incorporated,AR14891855855342321665,CR13088059793925472257,TEXT,2026-09-24T03:31:57.000Z,2026-10-02T11:46:11.000Z,https://adstransparency.google.com/advertiser/AR14891855855342321665/creative/CR13088059793925472257?region=US
priceline.com,Priceline.com Incorporated,AR14891855855342321665,CR01346959614414946305,TEXT,2026-03-26T13:01:42.000Z,2026-10-02T11:46:07.000Z,https://adstransparency.google.com/advertiser/AR14891855855342321665/creative/CR01346959614414946305?region=US
priceline.com,Priceline.com Incorporated,AR14891855855342321665,CR03004896052428931073,TEXT,2026-09-24T04:21:48.000Z,2026-10-02T11:46:02.000Z,https://adstransparency.google.com/advertiser/AR14891855855342321665/creative/CR03004896052428931073?region=US
priceline.com,Priceline.com Incorporated,AR14891855855342321665,CR03233500909438763009,TEXT,2021-10-25T07:00:00.000Z,2026-10-02T11:45:55.000Z,https://adstransparency.google.com/advertiser/AR14891855855342321665/creative/CR03233500909438763009?region=US
priceline.com,Priceline.com Incorporated,AR14891855855342321665,CR07682053238056550401,TEXT,2023-12-29T16:14:52.000Z,2026-10-02T11:45:39.000Z,https://adstransparency.google.com/advertiser/AR14891855855342321665/creative/CR07682053238056550401?region=US
priceline.com,Priceline.com Incorporated,AR14891855855342321665,CR16220592370196938753,TEXT,2026-06-30T20:40:51.000Z,2026-10-02T11:45:20.000Z,https://adstransparency.google.com/advertiser/AR14891855855342321665/creative/CR16220592370196938753?region=US
priceline.com,Priceline.com Incorporated,AR14891855855342321665,CR01499973974728114177,TEXT,2026-03-26T13:10:01.000Z,2026-10-02T11:45:17.000Z,https://adstransparency.google.com/advertiser/AR14891855855342321665/creative/CR01499973974728114177?region=US
priceline.com,Priceline.com Incorporated,AR14891855855342321665,CR01368662393399279617,TEXT,2026-06-30T21:17:15.000Z,2026-10-02T11:45:12.000Z,https://adstransparency.google.com/advertiser/AR14891855855342321665/creative/CR01368662393399279617?region=US
priceline.com,Priceline.com Incorporated,AR14891855855342321665,CR14590721275719581697,TEXT,2026-08-13T16:35:52.000Z,2026-10-02T11:44:51.000Z,https://adstransparency.google.com/advertiser/AR14891855855342321665/creative/CR14590721275719581697?region=US
priceline.com,Priceline.com Incorporated,AR14891855855342321665,CR00024797363050643457,TEXT,2026-05-02T13:18:53.000Z,2026-10-02T11:44:40.000Z,https://adstransparency.google.com/advertiser/AR14891855855342321665/creative/CR00024797363050643457?region=US
priceline.com,Priceline.com Incorporated,AR14891855855342321665,CR05517771225637584897,TEXT,2026-08-13T16:41:40.000Z,2026-10-02T11:44:05.000Z,https://adstransparency.google.com/advertiser/AR14891855855342321665/creative/CR05517771225637584897?region=US
priceline.com,Priceline.com Incorporated,AR14891855855342321665,CR00425164731095973889,TEXT,2026-05-17T12:31:45.000Z,2026-10-02T11:43:38.000Z,https://adstransparency.google.com/advertiser/AR14891855855342321665/creative/CR00425164731095973889?region=US
priceline.com,Priceline.com Incorporated,AR14891855855342321665,CR07292240468673298433,TEXT,2026-05-01T20:54:51.000Z,2026-10-02T11:43:33.000Z,https://adstransparency.google.com/advertiser/AR14891855855342321665/creative/CR07292240468673298433?region=US
priceline.com,Priceline.com Incorporated,AR14891855855342321665,CR05790375677542793217,TEXT,2021-10-25T07:00:00.000Z,2026-10-02T11:43:14.000Z,https://adstransparency.google.com/advertiser/AR14891855855342321665/creative/CR05790375677542793217?region=US
priceline.com,Priceline.com Incorporated,AR14891855855342321665,CR13018438863683584001,TEXT,2023-04-14T15:16:35.000Z,2026-10-02T11:43:01.000Z,https://adstransparency.google.com/advertiser/AR14891855855342321665/creative/CR13018438863683584001?region=US
priceline.com,Priceline.com Incorporated,AR14891855855342321665,CR03750386780264726529,TEXT,2023-12-27T17:33:13.000Z,2026-10-02T11:42:25.000Z,https://adstransparency.google.com/advertiser/AR14891855855342321665/creative/CR03750386780264726529?region=US
priceline.com,Priceline.com Incorporated,AR14891855855342321665,CR04791665154087452673,TEXT,2026-05-01T17:04:45.000Z,2026-10-02T11:42:05.000Z,https://adstransparency.google.com/advertiser/AR14891855855342321665/creative/CR04791665154087452673?region=US
priceline.com,Priceline.com Incorporated,AR14891855855342321665,CR00355647421235068929,TEXT,2026-08-19T21:34:43.000Z,2026-10-02T11:41:46.000Z,https://adstransparency.google.com/advertiser/AR14891855855342321665/creative/CR00355647421235068929?region=US
priceline.com,Priceline.com Incorporated,AR14891855855342321665,CR04137568985258393601,TEXT,2026-05-17T12:19:34.000Z,2026-10-02T11:41:08.000Z,https://adstransparency.google.com/advertiser/AR14891855855342321665/creative/CR04137568985258393601?region=US
priceline.com,Priceline.com Incorporated,AR14891855855342321665,CR13445877496494948353,TEXT,2021-10-30T07:00:00.000Z,2026-10-02T11:39:08.000Z,https://adstransparency.google.com/advertiser/AR14891855855342321665/creative/CR13445877496494948353?region=US
priceline.com,Priceline.com Incorporated,AR14891855855342321665,CR06965750386409865217,TEXT,2026-05-01T18:00:49.000Z,2026-10-02T11:39:07.000Z,https://adstransparency.google.com/advertiser/AR14891855855342321665/creative/CR06965750386409865217?region=US
priceline.com,Priceline.com Incorporated,AR14891855855342321665,CR03868726151610368001,TEXT,2021-10-29T07:00:00.000Z,2026-10-02T11:38:59.000Z,https://adstransparency.google.com/advertiser/AR14891855855342321665/creative/CR03868726151610368001?region=US
priceline.com,Priceline.com Incorporated,AR14891855855342321665,CR09398122934595223553,TEXT,2024-06-13T20:50:20.000Z,2026-10-02T11:37:04.000Z,https://adstransparency.google.com/advertiser/AR14891855855342321665/creative/CR09398122934595223553?region=US
priceline.com,Priceline.com Incorporated,AR14891855855342321665,CR17019318770990055425,TEXT,2021-10-25T07:00:00.000Z,2026-10-02T11:36:46.000Z,https://adstransparency.google.com/advertiser/AR14891855855342321665/creative/CR17019318770990055425?region=US
priceline.com,Priceline.com Incorporated,AR14891855855342321665,CR03311381577186934785,TEXT,2021-10-25T07:00:00.000Z,2026-10-02T11:36:41.000Z,https://adstransparency.google.com/advertiser/AR14891855855342321665/creative/CR03311381577186934785?region=US
priceline.com,Priceline.com Incorporated,AR14891855855342321665,CR02384006706716737537,TEXT,2024-05-25T02:45:01.000Z,2026-10-02T11:36:38.000Z,https://adstransparency.google.com/advertiser/AR14891855855342321665/creative/CR02384006706716737537?region=US
priceline.com,Priceline.com Incorporated,AR14891855855342321665,CR00798259735416537089,TEXT,2021-10-25T07:00:00.000Z,2026-10-02T11:36:36.000Z,https://adstransparency.google.com/advertiser/AR14891855855342321665/creative/CR00798259735416537089?region=US
priceline.com,Priceline.com Incorporated,AR14891855855342321665,CR14389074966354067457,TEXT,2026-07-01T01:24:44.000Z,2026-10-02T11:36:32.000Z,https://adstransparency.google.com/advertiser/AR14891855855342321665/creative/CR14389074966354067457?region=US
priceline.com,Priceline.com Incorporated,AR14891855855342321665,CR12071499721395404801,TEXT,2026-06-25T23:50:18.000Z,2026-10-02T11:36:31.000Z,https://adstransparency.google.com/advertiser/AR14891855855342321665/creative/CR12071499721395404801?region=US
priceline.com,Priceline.com Incorporated,AR14891855855342321665,CR08253204775126958081,TEXT,2024-09-04T18:18:48.000Z,2026-10-02T11:36:30.000Z,https://adstransparency.google.com/advertiser/AR14891855855342321665/creative/CR08253204775126958081?region=US
priceline.com,Priceline.com Incorporated,AR14891855855342321665,CR06958724781986283521,TEXT,2026-06-02T14:43:15.000Z,2026-10-02T11:36:28.000Z,https://adstransparency.google.com/advertiser/AR14891855855342321665/creative/CR06958724781986283521?region=US
priceline.com,Priceline.com Incorporated,AR14891855855342321665,CR05288924510429380609,TEXT,2022-01-06T04:24:09.000Z,2026-10-02T11:36:20.000Z,https://adstransparency.google.com/advertiser/AR14891855855342321665/creative/CR05288924510429380609?region=US
priceline.com,Priceline.com Incorporated,AR14891855855342321665,CR05363732223566544897,TEXT,2026-09-24T04:21:45.000Z,2026-10-02T11:36:12.000Z,https://adstransparency.google.com/advertiser/AR14891855855342321665/creative/CR05363732223566544897?region=US
priceline.com,Priceline.com Incorporated,AR14891855855342321665,CR01951672309404139521,TEXT,2021-10-25T07:00:00.000Z,2026-10-02T11:35:54.000Z,https://adstransparency.google.com/advertiser/AR14891855855342321665/creative/CR01951672309404139521?region=US
priceline.com,Priceline.com Incorporated,AR14891855855342321665,CR15382826323000950785,TEXT,2026-08-19T20:53:14.000Z,2026-10-02T11:35:28.000Z,https://adstransparency.google.com/advertiser/AR14891855855342321665/creative/CR15382826323000950785?region=US
priceline.com,Priceline.com Incorporated,AR14891855855342321665,CR11005385286866698241,TEXT,2024-10-31T08:00:44.000Z,2026-10-02T11:35:26.000Z,https://adstransparency.google.com/advertiser/AR14891855855342321665/creative/CR11005385286866698241?region=US
priceline.com,Priceline.com Incorporated,AR14891855855342321665,CR06562068884159987713,TEXT,2024-10-23T20:33:30.000Z,2026-10-02T11:35:23.000Z,https://adstransparency.google.com/advertiser/AR14891855855342321665/creative/CR06562068884159987713?region=US
priceline.com,Priceline.com Incorporated,AR14891855855342321665,CR05702598443071963137,TEXT,2026-05-02T14:03:54.000Z,2026-10-02T11:35:06.000Z,https://adstransparency.google.com/advertiser/AR14891855855342321665/creative/CR05702598443071963137?region=US
priceline.com,Priceline.com Incorporated,AR14891855855342321665,CR09329242954931372033,TEXT,2026-09-24T03:33:22.000Z,2026-10-02T11:35:05.000Z,https://adstransparency.google.com/advertiser/AR14891855855342321665/creative/CR09329242954931372033?region=US
priceline.com,Priceline.com Incorporated,AR14891855855342321665,CR12772965221971001345,TEXT,2026-07-01T02:52:48.000Z,2026-10-02T11:34:54.000Z,https://adstransparency.google.com/advertiser/AR14891855855342321665/creative/CR12772965221971001345?region=US
priceline.com,Priceline.com Incorporated,AR14891855855342321665,CR04337701816868274177,TEXT,2023-11-25T19:55:40.000Z,2026-10-02T11:34:47.000Z,https://adstransparency.google.com/advertiser/AR14891855855342321665/creative/CR04337701816868274177?region=US
priceline.com,Priceline.com Incorporated,AR14891855855342321665,CR05365238863734243329,TEXT,2026-06-06T01:13:34.000Z,2026-10-02T11:34:41.000Z,https://adstransparency.google.com/advertiser/AR14891855855342321665/creative/CR05365238863734243329?region=US
priceline.com,Priceline.com Incorporated,AR14891855855342321665,CR14240479955589791745,TEXT,2026-05-17T12:19:39.000Z,2026-10-02T11:34:27.000Z,https://adstransparency.google.com/advertiser/AR14891855855342321665/creative/CR14240479955589791745?region=US
priceline.com,Priceline.com Incorporated,AR14891855855342321665,CR04329555535218081793,TEXT,2026-07-01T02:06:24.000Z,2026-10-02T11:33:57.000Z,https://adstransparency.google.com/advertiser/AR14891855855342321665/creative/CR04329555535218081793?region=US
priceline.com,Priceline.com Incorporated,AR14891855855342321665,CR06809122206254104577,TEXT,2026-05-17T12:44:45.000Z,2026-10-02T11:33:53.000Z,https://adstransparency.google.com/advertiser/AR14891855855342321665/creative/CR06809122206254104577?region=US
priceline.com,Priceline.com Incorporated,AR14891855855342321665,CR02430604670926848001,TEXT,2026-05-01T22:13:12.000Z,2026-10-02T11:33:28.000Z,https://adstransparency.google.com/advertiser/AR14891855855342321665/creative/CR02430604670926848001?region=US
priceline.com,Priceline.com Incorporated,AR14891855855342321665,CR10813010334424498177,TEXT,2023-12-27T20:09:22.000Z,2026-10-02T11:33:17.000Z,https://adstransparency.google.com/advertiser/AR14891855855342321665/creative/CR10813010334424498177?region=US
priceline.com,Priceline.com Incorporated,AR14891855855342321665,CR16194057993522774017,TEXT,2026-06-02T14:52:00.000Z,2026-10-02T11:33:10.000Z,https://adstransparency.google.com/advertiser/AR14891855855342321665/creative/CR16194057993522774017?region=US
priceline.com,Priceline.com Incorporated,AR14891855855342321665,CR03624334515238862849,TEXT,2026-09-24T03:33:07.000Z,2026-10-02T11:33:09.000Z,https://adstransparency.google.com/advertiser/AR14891855855342321665/creative/CR03624334515238862849?region=US
priceline.com,Priceline.com Incorporated,AR14891855855342321665,CR08975061904250634241,TEXT,2021-10-25T07:00:00.000Z,2026-10-02T11:32:54.000Z,https://adstransparency.google.com/advertiser/AR14891855855342321665/creative/CR08975061904250634241?region=US
priceline.com,Click Tech Limited,AR11133654742859776001,CR08541642950386384897,TEXT,2026-01-05T11:03:30.000Z,2026-10-02T11:32:53.000Z,https://adstransparency.google.com/advertiser/AR11133654742859776001/creative/CR08541642950386384897?region=US
priceline.com,Priceline.com Incorporated,AR14891855855342321665,CR01831258984250605569,TEXT,2021-10-25T07:00:00.000Z,2026-10-02T11:32:21.000Z,https://adstransparency.google.com/advertiser/AR14891855855342321665/creative/CR01831258984250605569?region=US
priceline.com,Priceline.com Incorporated,AR14891855855342321665,CR02072826404747083777,TEXT,2024-06-14T06:48:02.000Z,2026-10-02T11:32:15.000Z,https://adstransparency.google.com/advertiser/AR14891855855342321665/creative/CR02072826404747083777?region=US
priceline.com,Priceline.com Incorporated,AR14891855855342321665,CR06851258927804317697,TEXT,2026-08-13T16:35:07.000Z,2026-10-02T11:30:53.000Z,https://adstransparency.google.com/advertiser/AR14891855855342321665/creative/CR06851258927804317697?region=US
priceline.com,Priceline.com Incorporated,AR14891855855342321665,CR14695592626057379841,TEXT,2026-03-26T13:54:32.000Z,2026-10-02T11:29:43.000Z,https://adstransparency.google.com/advertiser/AR14891855855342321665/creative/CR14695592626057379841?region=US
priceline.com,Priceline.com Incorporated,AR14891855855342321665,CR02641793332472184833,TEXT,2026-09-24T04:20:07.000Z,2026-10-02T11:29:34.000Z,https://adstransparency.google.com/advertiser/AR14891855855342321665/creative/CR02641793332472184833?region=US
priceline.com,Priceline.com Incorporated,AR14891855855342321665,CR00859246011866939393,TEXT,2026-08-13T16:36:37.000Z,2026-10-02T11:29:32.000Z,https://adstransparency.google.com/advertiser/AR14891855855342321665/creative/CR00859246011866939393?region=US
priceline.com,Priceline.com Incorporated,AR14891855855342321665,CR08251573297439834113,TEXT,2026-06-30T21:05:43.000Z,2026-10-02T11:29:28.000Z,https://adstransparency.google.com/advertiser/AR14891855855342321665/creative/CR08251573297439834113?region=US
priceline.com,Priceline.com Incorporated,AR14891855855342321665,CR06452094451249577985,TEXT,2023-12-04T17:54:33.000Z,2026-10-02T11:29:12.000Z,https://adstransparency.google.com/advertiser/AR14891855855342321665/creative/CR06452094451249577985?region=US
priceline.com,Priceline.com Incorporated,AR14891855855342321665,CR09802215233287094273,TEXT,2026-06-24T19:10:23.000Z,2026-10-02T11:29:06.000Z,https://adstransparency.google.com/advertiser/AR14891855855342321665/creative/CR09802215233287094273?region=US
priceline.com,Priceline.com Incorporated,AR14891855855342321665,CR11417466224729128961,TEXT,2026-09-24T03:33:00.000Z,2026-10-02T11:29:05.000Z,https://adstransparency.google.com/advertiser/AR14891855855342321665/creative/CR11417466224729128961?region=US
priceline.com,Priceline.com Incorporated,AR14891855855342321665,CR14777031322022969345,TEXT,2026-08-13T16:34:56.000Z,2026-10-02T11:28:48.000Z,https://adstransparency.google.com/advertiser/AR14891855855342321665/creative/CR14777031322022969345?region=US
priceline.com,Priceline.com Incorporated,AR14891855855342321665,CR00947716350980128769,TEXT,2021-10-25T07:00:00.000Z,2026-10-02T11:28:41.000Z,https://adstransparency.google.com/advertiser/AR14891855855342321665/creative/CR00947716350980128769?region=US
priceline.com,Priceline.com Incorporated,AR14891855855342321665,CR04070710706830311425,TEXT,2026-06-25T07:00:00.000Z,2026-10-02T11:28:31.000Z,https://adstransparency.google.com/advertiser/AR14891855855342321665/creative/CR04070710706830311425?region=US
priceline.com,Priceline.com Incorporated,AR14891855855342321665,CR04818835804396716033,TEXT,2026-03-26T13:01:23.000Z,2026-10-02T11:28:23.000Z,https://adstransparency.google.com/advertiser/AR14891855855342321665/creative/CR04818835804396716033?region=US
priceline.com,Priceline.com Incorporated,AR14891855855342321665,CR17355553421083541505,TEXT,2025-10-27T21:23:59.000Z,2026-10-02T11:28:00.000Z,https://adstransparency.google.com/advertiser/AR14891855855342321665/creative/CR17355553421083541505?region=US
priceline.com,Priceline.com Incorporated,AR14891855855342321665,CR17141096555713921025,TEXT,2021-10-26T07:00:00.000Z,2026-10-02T11:27:59.000Z,https://adstransparency.google.com/advertiser/AR14891855855342321665/creative/CR17141096555713921025?region=US
priceline.com,Priceline.com Incorporated,AR14891855855342321665,CR00908811746938978305,TEXT,2021-10-25T07:00:00.000Z,2026-10-02T11:27:47.000Z,https://adstransparency.google.com/advertiser/AR14891855855342321665/creative/CR00908811746938978305?region=US
priceline.com,Priceline.com Incorporated,AR14891855855342321665,CR14466244250079068161,TEXT,2021-10-25T07:00:00.000Z,2026-10-02T11:27:30.000Z,https://adstransparency.google.com/advertiser/AR14891855855342321665/creative/CR14466244250079068161?region=US
priceline.com,Priceline.com Incorporated,AR14891855855342321665,CR16877047266345484289,TEXT,2026-05-01T16:28:25.000Z,2026-10-02T11:27:15.000Z,https://adstransparency.google.com/advertiser/AR14891855855342321665/creative/CR16877047266345484289?region=US
priceline.com,Priceline.com Incorporated,AR14891855855342321665,CR10410359100339650561,TEXT,2026-06-02T14:53:07.000Z,2026-10-02T11:27:10.000Z,https://adstransparency.google.com/advertiser/AR14891855855342321665/creative/CR10410359100339650561?region=US
priceline.com,Priceline.com Incorporated,AR14891855855342321665,CR05661583317871362049,TEXT,2023-06-10T02:58:28.000Z,2026-10-02T11:27:07.000Z,https://adstransparency.google.com/advertiser/AR14891855855342321665/creative/CR05661583317871362049?region=US
priceline.com,Priceline.com Incorporated,AR14891855855342321665,CR10673787586545188865,TEXT,2025-08-04T16:40:31.000Z,2026-10-02T11:26:45.000Z,https://adstransparency.google.com/advertiser/AR14891855855342321665/creative/CR10673787586545188865?region=US
priceline.com,Priceline.com Incorporated,AR14891855855342321665,CR10519791568506847233,TEXT,2026-06-03T00:56:06.000Z,2026-10-02T11:26:12.000Z,https://adstransparency.google.com/advertiser/AR14891855855342321665/creative/CR10519791568506847233?region=US
priceline.com,Priceline.com Incorporated,AR14891855855342321665,CR13677951553208582145,TEXT,2023-05-06T20:32:16.000Z,2026-10-02T11:26:11.000Z,https://adstransparency.google.com/advertiser/AR14891855855342321665/creative/CR13677951553208582145?region=US
priceline.com,Priceline.com Incorporated,AR14891855855342321665,CR07606484602743422977,TEXT,2025-08-04T15:36:08.000Z,2026-10-02T11:26:08.000Z,https://adstransparency.google.com/advertiser/AR14891855855342321665/creative/CR07606484602743422977?region=US
priceline.com,Priceline.com Incorporated,AR14891855855342321665,CR09993541801392209921,TEXT,2024-03-23T18:25:05.000Z,2026-10-02T11:26:04.000Z,https://adstransparency.google.com/advertiser/AR14891855855342321665/creative/CR09993541801392209921?region=US
priceline.com,Priceline.com Incorporated,AR14891855855342321665,CR04595772168163295233,TEXT,2021-10-28T07:00:00.000Z,2026-10-02T11:25:34.000Z,https://adstransparency.google.com/advertiser/AR14891855855342321665/creative/CR04595772168163295233?region=US
priceline.com,Priceline.com Incorporated,AR14891855855342321665,CR16940042410669375489,TEXT,2026-06-30T20:45:10.000Z,2026-10-02T11:25:09.000Z,https://adstransparency.google.com/advertiser/AR14891855855342321665/creative/CR16940042410669375489?region=US
priceline.com,Priceline.com Incorporated,AR14891855855342321665,CR18272307017819357185,TEXT,2021-11-23T08:00:00.000Z,2026-10-02T11:24:56.000Z,https://adstransparency.google.com/advertiser/AR14891855855342321665/creative/CR18272307017819357185?region=US
priceline.com,Priceline.com Incorporated,AR14891855855342321665,CR09602211516984066049,TEXT,2021-10-25T07:00:00.000Z,2026-10-02T11:24:35.000Z,https://adstransparency.google.com/advertiser/AR14891855855342321665/creative/CR09602211516984066049?region=US
priceline.com,Priceline.com Incorporated,AR14891855855342321665,CR09863968754105319425,TEXT,2026-06-02T14:59:58.000Z,2026-10-02T11:23:59.000Z,https://adstransparency.google.com/advertiser/AR14891855855342321665/creative/CR09863968754105319425?region=US
priceline.com,Priceline.com Incorporated,AR14891855855342321665,CR02660919019409768449,TEXT,2021-10-25T07:00:00.000Z,2026-10-02T11:23:54.000Z,https://adstransparency.google.com/advertiser/AR14891855855342321665/creative/CR02660919019409768449?region=US
priceline.com,Priceline.com Incorporated,AR14891855855342321665,CR03152229072952623105,TEXT,2024-09-19T07:00:00.000Z,2026-10-02T11:23:46.000Z,https://adstransparency.google.com/advertiser/AR14891855855342321665/creative/CR03152229072952623105?region=US
priceline.com,Priceline.com Incorporated,AR14891855855342321665,CR17697235618716712961,TEXT,2022-07-02T07:00:00.000Z,2026-10-02T11:23:16.000Z,https://adstransparency.google.com/advertiser/AR14891855855342321665/creative/CR17697235618716712961?region=US
priceline.com,Priceline.com Incorporated,AR14891855855342321665,CR05357176050478481409,TEXT,2021-10-30T07:00:00.000Z,2026-10-02T11:23:14.000Z,https://adstransparency.google.com/advertiser/AR14891855855342321665/creative/CR05357176050478481409?region=US
priceline.com,Priceline.com Incorporated,AR14891855855342321665,CR11247597210155614209,TEXT,2026-05-02T00:04:32.000Z,2026-10-02T11:23:03.000Z,https://adstransparency.google.com/advertiser/AR14891855855342321665/creative/CR11247597210155614209?region=US
priceline.com,Priceline.com Incorporated,AR14891855855342321665,CR00948012016528785409,TEXT,2023-12-27T22:43:55.000Z,2026-10-02T11:23:02.000Z,https://adstransparency.google.com/advertiser/AR14891855855342321665/creative/CR00948012016528785409?region=US
priceline.com,Priceline.com Incorporated,AR14891855855342321665,CR14747458779972894721,TEXT,2021-10-25T07:00:00.000Z,2026-10-02T11:22:55.000Z,https://adstransparency.google.com/advertiser/AR14891855855342321665/creative/CR14747458779972894721?region=US
priceline.com,Priceline.com Incorporated,AR14891855855342321665,CR03586748431797846017,TEXT,2026-06-24T19:50:17.000Z,2026-10-02T11:22:10.000Z,https://adstransparency.google.com/advertiser/AR14891855855342321665/creative/CR03586748431797846017?region=US
priceline.com,Priceline.com Incorporated,AR14891855855342321665,CR14324480410568884225,TEXT,2026-09-24T04:24:40.000Z,2026-10-02T11:21:59.000Z,https://adstransparency.google.com/advertiser/AR14891855855342321665/creative/CR14324480410568884225?region=US
priceline.com,Priceline.com Incorporated,AR14891855855342321665,CR09567544980512178177,TEXT,2022-01-07T08:00:00.000Z,2026-10-02T11:21:15.000Z,https://adstransparency.google.com/advertiser/AR14891855855342321665/creative/CR09567544980512178177?region=US
priceline.com,Priceline.com Incorporated,AR14891855855342321665,CR11602601339779022849,TEXT,2026-07-31T03:37:37.000Z,2026-10-02T11:20:49.000Z,https://adstransparency.google.com/advertiser/AR14891855855342321665/creative/CR11602601339779022849?region=US
priceline.com,Priceline.com Incorporated,AR14891855855342321665,CR01092051596000362497,TEXT,2023-12-28T00:05:13.000Z,2026-10-02T11:20:48.000Z,https://adstransparency.google.com/advertiser/AR14891855855342321665/creative/CR01092051596000362497?region=US
priceline.com,Priceline.com Incorporated,AR14891855855342321665,CR03140642067231801345,TEXT,2026-06-05T22:42:19.000Z,2026-10-02T11:20:24.000Z,https://adstransparency.google.com/advertiser/AR14891855855342321665/creative/CR03140642067231801345?region=US
priceline.com,Priceline.com Incorporated,AR14891855855342321665,CR09839841509032067073,TEXT,2023-12-30T15:10:31.000Z,2026-10-02T11:20:17.000Z,https://adstransparency.google.com/advertiser/AR14891855855342321665/creative/CR09839841509032067073?region=US
priceline.com,Priceline.com Incorporated,AR14891855855342321665,CR06534691362455945217,TEXT,2024-01-16T08:00:00.000Z,2026-10-02T11:19:51.000Z,https://adstransparency.google.com/advertiser/AR14891855855342321665/creative/CR06534691362455945217?region=US
priceline.com,Priceline.com Incorporated,AR14891855855342321665,CR07527810791974633473,TEXT,2021-10-25T07:00:00.000Z,2026-10-02T11:19:50.000Z,https://adstransparency.google.com/advertiser/AR14891855855342321665/creative/CR07527810791974633473?region=US
priceline.com,Priceline.com Incorporated,AR14891855855342321665,CR07705152912204234753,TEXT,2021-10-28T07:00:00.000Z,2026-10-02T11:19:49.000Z,https://adstransparency.google.com/advertiser/AR14891855855342321665/creative/CR07705152912204234753?region=US
priceline.com,Priceline.com Incorporated,AR14891855855342321665,CR16716979186752815105,TEXT,2021-10-26T07:00:00.000Z,2026-10-02T11:19:44.000Z,https://adstransparency.google.com/advertiser/AR14891855855342321665/creative/CR16716979186752815105?region=US
priceline.com,Priceline.com Incorporated,AR14891855855342321665,CR09801567973125652481,TEXT,2024-10-30T22:25:21.000Z,2026-10-02T11:19:18.000Z,https://adstransparency.google.com/advertiser/AR14891855855342321665/creative/CR09801567973125652481?region=US
priceline.com,Priceline.com Incorporated,AR14891855855342321665,CR11951053677181009921,TEXT,2021-10-25T07:00:00.000Z,2026-10-02T11:19:15.000Z,https://adstransparency.google.com/advertiser/AR14891855855342321665/creative/CR11951053677181009921?region=US
priceline.com,Priceline.com Incorporated,AR14891855855342321665,CR17851545100648185857,TEXT,2021-10-30T07:00:00.000Z,2026-10-02T11:18:48.000Z,https://adstransparency.google.com/advertiser/AR14891855855342321665/creative/CR17851545100648185857?region=US
priceline.com,Priceline.com Incorporated,AR14891855855342321665,CR03928137935999729665,TEXT,2024-10-31T01:27:56.000Z,2026-10-02T11:18:38.000Z,https://adstransparency.google.com/advertiser/AR14891855855342321665/creative/CR03928137935999729665?region=US
priceline.com,Priceline.com Incorporated,AR14891855855342321665,CR09748697406748229633,TEXT,2024-01-22T13:27:03.000Z,2026-10-02T11:18:24.000Z,https://adstransparency.google.com/advertiser/AR14891855855342321665/creative/CR09748697406748229633?region=US
priceline.com,Priceline.com Incorporated,AR14891855855342321665,CR16189948079187689473,TEXT,2021-10-25T07:00:00.000Z,2026-10-02T11:17:55.000Z,https://adstransparency.google.com/advertiser/AR14891855855342321665/creative/CR16189948079187689473?region=US
priceline.com,Priceline.com Incorporated,AR14891855855342321665,CR15476937130994827265,TEXT,2026-06-05T21:54:25.000Z,2026-10-02T11:17:45.000Z,https://adstransparency.google.com/advertiser/AR14891855855342321665/creative/CR15476937130994827265?region=US
priceline.com,Priceline.com Incorporated,AR14891855855342321665,CR03304607700796571649,TEXT,2026-06-25T22:58:49.000Z,2026-10-02T11:17:14.000Z,https://adstransparency.google.com/advertiser/AR14891855855342321665/creative/CR03304607700796571649?region=US
priceline.com,Priceline.com Incorporated,AR14891855855342321665,CR02185492167244382209,TEXT,2023-12-28T17:48:18.000Z,2026-10-02T11:16:38.000Z,https://adstransparency.google.com/advertiser/AR14891855855342321665/creative/CR02185492167244382209?region=US
priceline.com,Priceline.com Incorporated,AR14891855855342321665,CR12305324509858103297,TEXT,2026-08-19T21:39:24.000Z,2026-10-02T11:16:38.000Z,https://adstransparency.google.com/advertiser/AR14891855855342321665/creative/CR12305324509858103297?region=US
priceline.com,Priceline.com Incorporated,AR14891855855342321665,CR15673293629789569025,TEXT,2021-10-26T07:00:00.000Z,2026-10-02T11:16:36.000Z,https://adstransparency.google.com/advertiser/AR14891855855342321665/creative/CR15673293629789569025?region=US
priceline.com,Priceline.com Incorporated,AR14891855855342321665,CR18133236990387159041,TEXT,2021-10-25T07:00:00.000Z,2026-10-02T11:16:34.000Z,https://adstransparency.google.com/advertiser/AR14891855855342321665/creative/CR18133236990387159041?region=US
priceline.com,Priceline.com Incorporated,AR14891855855342321665,CR01658076041630973953,TEXT,2021-10-25T07:00:00.000Z,2026-10-02T11:16:29.000Z,https://adstransparency.google.com/advertiser/AR14891855855342321665/creative/CR01658076041630973953?region=US
priceline.com,Priceline.com Incorporated,AR14891855855342321665,CR13180680901102665729,TEXT,2026-08-20T23:30:00.000Z,2026-10-02T11:16:13.000Z,https://adstransparency.google.com/advertiser/AR14891855855342321665/creative/CR13180680901102665729?region=US
priceline.com,Priceline.com Incorporated,AR14891855855342321665,CR01968327282044960769,TEXT,2024-10-23T17:02:32.000Z,2026-10-02T11:16:11.000Z,https://adstransparency.google.com/advertiser/AR14891855855342321665/creative/CR01968327282044960769?region=US
priceline.com,Priceline.com Incorporated,AR14891855855342321665,CR15035303682809790465,TEXT,2026-09-24T03:52:14.000Z,2026-10-02T11:15:57.000Z,https://adstransparency.google.com/advertiser/AR14891855855342321665/creative/CR15035303682809790465?region=US
priceline.com,Priceline.com Incorporated,AR14891855855342321665,CR05738648878136164353,TEXT,2021-10-25T07:00:00.000Z,2026-10-02T11:15:55.000Z,https://adstransparency.google.com/advertiser/AR14891855855342321665/creative/CR05738648878136164353?region=US
priceline.com,Priceline.com Incorporated,AR14891855855342321665,CR15093436228369907713,TEXT,2021-10-26T07:00:00.000Z,2026-10-02T11:15:51.000Z,https://adstransparency.google.com/advertiser/AR14891855855342321665/creative/CR15093436228369907713?region=US
priceline.com,Priceline.com Incorporated,AR14891855855342321665,CR05669423703360798721,TEXT,2026-06-30T20:39:06.000Z,2026-10-02T11:15:35.000Z,https://adstransparency.google.com/advertiser/AR14891855855342321665/creative/CR05669423703360798721?region=US
priceline.com,Priceline.com Incorporated,AR14891855855342321665,CR09048250861393805313,TEXT,2021-10-26T07:00:00.000Z,2026-10-02T11:14:37.000Z,https://adstransparency.google.com/advertiser/AR14891855855342321665/creative/CR09048250861393805313?region=US
priceline.com,Priceline.com Incorporated,AR14891855855342321665,CR14102340578851160065,TEXT,2026-06-04T00:29:26.000Z,2026-10-02T11:14:35.000Z,https://adstransparency.google.com/advertiser/AR14891855855342321665/creative/CR14102340578851160065?region=US
priceline.com,Priceline.com Incorporated,AR14891855855342321665,CR11952619381738962945,TEXT,2021-10-25T07:00:00.000Z,2026-10-02T11:14:26.000Z,https://adstransparency.google.com/advertiser/AR14891855855342321665/creative/CR11952619381738962945?region=US
priceline.com,Priceline.com Incorporated,AR14891855855342321665,CR09889155825308532737,TEXT,2024-10-31T01:48:11.000Z,2026-10-02T11:13:59.000Z,https://adstransparency.google.com/advertiser/AR14891855855342321665/creative/CR09889155825308532737?region=US
priceline.com,Priceline.com Incorporated,AR14891855855342321665,CR17906899841749876737,TEXT,2022-05-18T17:43:10.000Z,2026-10-02T11:13:49.000Z,https://adstransparency.google.com/advertiser/AR14891855855342321665/creative/CR17906899841749876737?region=US
priceline.com,Priceline.com Incorporated,AR14891855855342321665,CR03030389526599041025,TEXT,2021-11-02T07:00:00.000Z,2026-10-02T11:13:23.000Z,https://adstransparency.google.com/advertiser/AR14891855855342321665/creative/CR03030389526599041025?region=US
priceline.com,Priceline.com Incorporated,AR14891855855342321665,CR10062312499908182017,TEXT,2023-11-15T19:29:25.000Z,2026-10-02T11:13:20.000Z,https://adstransparency.google.com/advertiser/AR14891855855342321665/creative/CR10062312499908182017?region=US
priceline.com,Priceline.com Incorporated,AR14891855855342321665,CR12187893721664061441,TEXT,2024-10-25T17:02:19.000Z,2026-10-02T11:13:08.000Z,https://adstransparency.google.com/advertiser/AR14891855855342321665/creative/CR12187893721664061441?region=US
priceline.com,Priceline.com Incorporated,AR14891855855342321665,CR01644952210712297473,TEXT,2021-12-07T15:33:47.000Z,2026-10-02T11:13:07.000Z,https://adstransparency.google.com/advertiser/AR14891855855342321665/creative/CR01644952210712297473?region=US
priceline.com,Priceline.com Incorporated,AR14891855855342321665,CR10165700643419848705,TEXT,2021-10-25T07:00:00.000Z,2026-10-02T11:12:53.000Z,https://adstransparency.google.com/advertiser/AR14891855855342321665/creative/CR10165700643419848705?region=US
priceline.com,Priceline.com Incorporated,AR14891855855342321665,CR12982213168183902209,TEXT,2021-10-25T07:00:00.000Z,2026-10-02T11:12:11.000Z,https://adstransparency.google.com/advertiser/AR14891855855342321665/creative/CR12982213168183902209?region=US
priceline.com,Priceline.com Incorporated,AR14891855855342321665,CR05785962736085106689,TEXT,2022-07-12T07:00:00.000Z,2026-10-02T11:12:08.000Z,https://adstransparency.google.com/advertiser/AR14891855855342321665/creative/CR05785962736085106689?region=US
priceline.com,Priceline.com Incorporated,AR14891855855342321665,CR05289556386017968129,TEXT,2021-10-25T07:00:00.000Z,2026-10-02T11:11:50.000Z,https://adstransparency.google.com/advertiser/AR14891855855342321665/creative/CR05289556386017968129?region=US
priceline.com,Priceline.com Incorporated,AR14891855855342321665,CR04263615048351481857,TEXT,2024-07-16T22:41:10.000Z,2026-10-02T11:11:36.000Z,https://adstransparency.google.com/advertiser/AR14891855855342321665/creative/CR04263615048351481857?region=US
priceline.com,Priceline.com Incorporated,AR14891855855342321665,CR07768435527279181825,TEXT,2023-07-25T21:46:49.000Z,2026-10-02T11:11:33.000Z,https://adstransparency.google.com/advertiser/AR14891855855342321665/creative/CR07768435527279181825?region=US
priceline.com,Priceline.com Incorporated,AR14891855855342321665,CR15104423338828627969,TEXT,2021-10-25T07:00:00.000Z,2026-10-02T11:11:31.000Z,https://adstransparency.google.com/advertiser/AR14891855855342321665/creative/CR15104423338828627969?region=US
priceline.com,Priceline.com Incorporated,AR14891855855342321665,CR09255570255621652481,TEXT,2023-12-04T22:37:27.000Z,2026-10-02T11:10:57.000Z,https://adstransparency.google.com/advertiser/AR14891855855342321665/creative/CR09255570255621652481?region=US
priceline.com,Priceline.com Incorporated,AR14891855855342321665,CR17840562869272313857,TEXT,2023-12-27T17:20:28.000Z,2026-10-02T11:10:05.000Z,https://adstransparency.google.com/advertiser/AR14891855855342321665/creative/CR17840562869272313857?region=US
priceline.com,Priceline.com Incorporated,AR14891855855342321665,CR14900604746673946625,TEXT,2026-05-01T17:35:26.000Z,2026-10-02T11:09:43.000Z,https://adstransparency.google.com/advertiser/AR14891855855342321665/creative/CR14900604746673946625?region=US
priceline.com,Priceline.com Incorporated,AR14891855855342321665,CR09902383293788061697,TEXT,2024-06-14T02:53:14.000Z,2026-10-02T11:08:17.000Z,https://adstransparency.google.com/advertiser/AR14891855855342321665/creative/CR09902383293788061697?region=US
priceline.com,Priceline.com Incorporated,AR14891855855342321665,CR13360269770264412161,TEXT,2026-05-17T13:10:35.000Z,2026-10-02T11:08:13.000Z,https://adstransparency.google.com/advertiser/AR14891855855342321665/creative/CR13360269770264412161?region=US
priceline.com,Priceline.com Incorporated,AR14891855855342321665,CR02376964953216122881,TEXT,2021-11-10T08:00:00.000Z,2026-10-02T11:07:49.000Z,https://adstransparency.google.com/advertiser/AR14891855855342321665/creative/CR02376964953216122881?region=US
priceline.com,Priceline.com Incorporated,AR14891855855342321665,CR07305060696943755265,TEXT,2021-10-25T07:00:00.000Z,2026-10-02T11:07:31.000Z,https://adstransparency.google.com/advertiser/AR14891855855342321665/creative/CR07305060696943755265?region=US
priceline.com,Priceline.com Incorporated,AR14891855855342321665,CR09593394266952957953,TEXT,2023-12-29T14:59:46.000Z,2026-10-02T11:07:06.000Z,https://adstransparency.google.com/advertiser/AR14891855855342321665/creative/CR09593394266952957953?region=US
priceline.com,Priceline.com Incorporated,AR14891855855342321665,CR06455314620159623169,TEXT,2026-08-19T16:31:47.000Z,2026-10-02T11:06:49.000Z,https://adstransparency.google.com/advertiser/AR14891855855342321665/creative/CR06455314620159623169?region=US
priceline.com,Priceline.com Incorporated,AR14891855855342321665,CR02063376445903732737,TEXT,2026-06-25T00:17:02.000Z,2026-10-02T11:06:32.000Z,https://adstransparency.google.com/advertiser/AR14891855855342321665/creative/CR02063376445903732737?region=US
priceline.com,Priceline.com Incorporated,AR14891855855342321665,CR09952854236167405569,TEXT,2026-06-02T17:45:26.000Z,2026-10-02T11:06:20.000Z,https://adstransparency.google.com/advertiser/AR14891855855342321665/creative/CR09952854236167405569?region=US
priceline.com,Priceline.com Incorporated,AR14891855855342321665,CR06160439139327016961,TEXT,2025-09-26T06:27:09.000Z,2026-10-02T11:06:10.000Z,https://adstransparency.google.com/advertiser/AR14891855855342321665/creative/CR06160439139327016961?region=US
priceline.com,Priceline.com Incorporated,AR14891855855342321665,CR17119787642410500097,TEXT,2021-11-29T08:00:00.000Z,2026-10-02T11:06:05.000Z,https://adstransparency.google.com/advertiser/AR14891855855342321665/creative/CR17119787642410500097?region=US
priceline.com,Priceline.com Incorporated,AR14891855855342321665,CR10756671530415947777,TEXT,2024-05-15T23:16:37.000Z,2026-10-02T11:05:42.000Z,https://adstransparency.google.com/advertiser/AR14891855855342321665/creative/CR10756671530415947777?region=US
priceline.com,Priceline.com Incorporated,AR14891855855342321665,CR11981598599826898945,TEXT,2026-08-13T17:13:00.000Z,2026-10-02T11:05:39.000Z,https://adstransparency.google.com/advertiser/AR14891855855342321665/creative/CR11981598599826898945?region=US
priceline.com,Priceline.com Incorporated,AR14891855855342321665,CR18240807822159773697,TEXT,2026-05-02T12:55:59.000Z,2026-10-02T11:05:34.000Z,https://adstransparency.google.com/advertiser/AR14891855855342321665/creative/CR18240807822159773697?region=US
priceline.com,Priceline.com Incorporated,AR14891855855342321665,CR13884829450568204289,TEXT,2026-06-30T20:34:01.000Z,2026-10-02T11:05:28.000Z,https://adstransparency.google.com/advertiser/AR14891855855342321665/creative/CR13884829450568204289?region=US
priceline.com,Priceline.com Incorporated,AR14891855855342321665,CR18267870239293177857,TEXT,2026-06-06T14:10:40.000Z,2026-10-02T11:05:18.000Z,https://adstransparency.google.com/advertiser/AR14891855855342321665/creative/CR18267870239293177857?region=US
priceline.com,Priceline.com Incorporated,AR14891855855342321665,CR15175949911700013057,TEXT,2026-09-24T03:27:08.000Z,2026-10-02T11:05:16.000Z,https://adstransparency.google.com/advertiser/AR14891855855342321665/creative/CR15175949911700013057?region=US
priceline.com,Priceline.com Incorporated,AR14891855855342321665,CR01885458628257775617,TEXT,2026-03-26T13:14:35.000Z,2026-10-02T11:05:16.000Z,https://adstransparency.google.com/advertiser/AR14891855855342321665/creative/CR01885458628257775617?region=US
priceline.com,Priceline.com Incorporated,AR14891855855342321665,CR06647497432944869377,TEXT,2026-08-13T16:34:43.000Z,2026-10-02T11:05:12.000Z,https://adstransparency.google.com/advertiser/AR14891855855342321665/creative/CR06647497432944869377?region=US
priceline.com,Priceline.com Incorporated,AR14891855855342321665,CR00145046964050853889,TEXT,2026-08-19T18:59:24.000Z,2026-10-02T11:04:55.000Z,https://adstransparency.google.com/advertiser/AR14891855855342321665/creative/CR00145046964050853889?region=US
priceline.com,Priceline.com Incorporated,AR14891855855342321665,CR00700531139030286337,TEXT,2025-08-04T15:27:58.000Z,2026-10-02T11:04:55.000Z,https://adstransparency.google.com/advertiser/AR14891855855342321665/creative/CR00700531139030286337?region=US
priceline.com,Priceline.com Incorporated,AR14891855855342321665,CR10217725135599697921,TEXT,2021-10-25T07:00:00.000Z,2026-10-02T11:04:38.000Z,https://adstransparency.google.com/advertiser/AR14891855855342321665/creative/CR10217725135599697921?region=US
priceline.com,Priceline.com Incorporated,AR14891855855342321665,CR05814378918320275457,TEXT,2026-06-30T20:34:24.000Z,2026-10-02T11:04:37.000Z,https://adstransparency.google.com/advertiser/AR14891855855342321665/creative/CR05814378918320275457?region=US
priceline.com,Priceline.com Incorporated,AR14891855855342321665,CR10973872390261440513,TEXT,2025-06-11T18:43:10.000Z,2026-10-02T11:04:34.000Z,https://adstransparency.google.com/advertiser/AR14891855855342321665/creative/CR10973872390261440513?region=US
priceline.com,Priceline.com Incorporated,AR14891855855342321665,CR15377043261206036481,TEXT,2021-10-25T07:00:00.000Z,2026-10-02T11:04:26.000Z,https://adstransparency.google.com/advertiser/AR14891855855342321665/creative/CR15377043261206036481?region=US
priceline.com,Priceline.com Incorporated,AR14891855855342321665,CR05698020695129194497,TEXT,2026-03-26T17:58:01.000Z,2026-10-02T11:04:15.000Z,https://adstransparency.google.com/advertiser/AR14891855855342321665/creative/CR05698020695129194497?region=US
priceline.com,Priceline.com Incorporated,AR14891855855342321665,CR13688986638451998721,TEXT,2026-05-02T21:27:02.000Z,2026-10-02T11:04:13.000Z,https://adstransparency.google.com/advertiser/AR14891855855342321665/creative/CR13688986638451998721?region=US
priceline.com,Priceline.com Incorporated,AR14891855855342321665,CR15434906099999834113,TEXT,2026-06-05T22:45:17.000Z,2026-10-02T11:04:10.000Z,https://adstransparency.google.com/advertiser/AR14891855855342321665/creative/CR15434906099999834113?region=US
priceline.com,Priceline.com Incorporated,AR14891855855342321665,CR16403954204919463937,TEXT,2021-10-25T07:00:00.000Z,2026-10-02T11:04:07.000Z,https://adstransparency.google.com/advertiser/AR14891855855342321665/creative/CR16403954204919463937?region=US
priceline.com,Priceline.com Incorporated,AR14891855855342321665,CR12286445448532590593,TEXT,2026-09-24T03:26:43.000Z,2026-10-02T11:04:04.000Z,https://adstransparency.google.com/advertiser/AR14891855855342321665/creative/CR12286445448532590593?region=US
priceline.com,Priceline.com Incorporated,AR14891855855342321665,CR14105954020736630785,TEXT,2026-07-30T00:13:34.000Z,2026-10-02T11:04:04.000Z,https://adstransparency.google.com/advertiser/AR14891855855342321665/creative/CR14105954020736630785?region=US
priceline.com,Priceline.com Incorporated,AR14891855855342321665,CR04918088787755532289,TEXT,2026-08-13T16:34:53.000Z,2026-10-02T11:04:03.000Z,https://adstransparency.google.com/advertiser/AR14891855855342321665/creative/CR04918088787755532289?region=US
priceline.com,Priceline.com Incorporated,AR14891855855342321665,CR15565589035555487745,TEXT,2024-10-26T01:20:23.000Z,2026-10-02T11:03:50.000Z,https://adstransparency.google.com/advertiser/AR14891855855342321665/creative/CR15565589035555487745?region=US
priceline.com,Priceline.com Incorporated,AR14891855855342321665,CR10086980635982823425,TEXT,2026-08-19T23:03:26.000Z,2026-10-02T11:03:48.000Z,https://adstransparency.google.com/advertiser/AR14891855855342321665/creative/CR10086980635982823425?region=US
priceline.com,Priceline.com Incorporated,AR14891855855342321665,CR12758519211140055041,TEXT,2021-10-25T07:00:00.000Z,2026-10-02T11:03:41.000Z,https://adstransparency.google.com/advertiser/AR14891855855342321665/creative/CR12758519211140055041?region=US
priceline.com,Priceline.com Incorporated,AR14891855855342321665,CR17303911516000485377,TEXT,2022-10-23T07:00:00.000Z,2026-10-02T11:03:40.000Z,https://adstransparency.google.com/advertiser/AR14891855855342321665/creative/CR17303911516000485377?region=US
priceline.com,Priceline.com Incorporated,AR14891855855342321665,CR02678187751467122689,TEXT,2026-05-23T15:43:29.000Z,2026-10-02T11:03:35.000Z,https://adstransparency.google.com/advertiser/AR14891855855342321665/creative/CR02678187751467122689?region=US
priceline.com,Priceline.com Incorporated,AR14891855855342321665,CR00790388821299560449,TEXT,2026-08-19T19:15:33.000Z,2026-10-02T11:03:30.000Z,https://adstransparency.google.com/advertiser/AR14891855855342321665/creative/CR00790388821299560449?region=US
priceline.com,Priceline.com Incorporated,AR14891855855342321665,CR15571807452415393793,TEXT,2021-10-25T07:00:00.000Z,2026-10-02T11:03:28.000Z,https://adstransparency.google.com/advertiser/AR14891855855342321665/creative/CR15571807452415393793?region=US
priceline.com,Priceline.com Incorporated,AR14891855855342321665,CR07569600995563405313,TEXT,2021-10-25T07:00:00.000Z,2026-10-02T11:03:28.000Z,https://adstransparency.google.com/advertiser/AR14891855855342321665/creative/CR07569600995563405313?region=US
priceline.com,Priceline.com Incorporated,AR14891855855342321665,CR04357299039675351041,TEXT,2021-11-01T07:00:00.000Z,2026-10-02T11:03:27.000Z,https://adstransparency.google.com/advertiser/AR14891855855342321665/creative/CR04357299039675351041?region=US
priceline.com,Priceline.com Incorporated,AR14891855855342321665,CR12644778487048044545,TEXT,2026-08-19T16:53:25.000Z,2026-10-02T11:03:26.000Z,https://adstransparency.google.com/advertiser/AR14891855855342321665/creative/CR12644778487048044545?region=US
priceline.com,Priceline.com Incorporated,AR14891855855342321665,CR11917967525465292801,TEXT,2026-06-05T21:53:02.000Z,2026-10-02T11:03:24.000Z,https://adstransparency.google.com/advertiser/AR14891855855342321665/creative/CR11917967525465292801?region=US
priceline.com,Priceline.com Incorporated,AR14891855855342321665,CR16272912012529369089,TEXT,2021-10-27T07:00:00.000Z,2026-10-02T11:03:17.000Z,https://adstransparency.google.com/advertiser/AR14891855855342321665/creative/CR16272912012529369089?region=US
priceline.com,Priceline.com Incorporated,AR14891855855342321665,CR17608829394875318273,TEXT,2026-06-02T17:07:36.000Z,2026-10-02T11:03:14.000Z,https://adstransparency.google.com/advertiser/AR14891855855342321665/creative/CR17608829394875318273?region=US
priceline.com,Priceline.com Incorporated,AR14891855855342321665,CR06832663987155369985,TEXT,2026-08-13T16:37:28.000Z,2026-10-02T11:03:04.000Z,https://adstransparency.google.com/advertiser/AR14891855855342321665/creative/CR06832663987155369985?region=US
priceline.com,Priceline.com Incorporated,AR14891855855342321665,CR04320241159902330881,TEXT,2026-08-19T16:30:56.000Z,2026-10-02T11:02:49.000Z,https://adstransparency.google.com/advertiser/AR14891855855342321665/creative/CR04320241159902330881?region=US
priceline.com,Priceline.com Incorporated,AR14891855855342321665,CR15728306130717245441,TEXT,2021-10-28T07:00:00.000Z,2026-10-02T11:02:33.000Z,https://adstransparency.google.com/advertiser/AR14891855855342321665/creative/CR15728306130717245441?region=US
priceline.com,Priceline.com Incorporated,AR14891855855342321665,CR00641380900969381889,TEXT,2022-01-12T05:35:25.000Z,2026-10-02T11:02:31.000Z,https://adstransparency.google.com/advertiser/AR14891855855342321665/creative/CR00641380900969381889?region=US
priceline.com,Priceline.com Incorporated,AR14891855855342321665,CR08187018710620307457,TEXT,2024-10-30T22:46:01.000Z,2026-10-02T11:02:22.000Z,https://adstransparency.google.com/advertiser/AR14891855855342321665/creative/CR08187018710620307457?region=US
priceline.com,Priceline.com Incorporated,AR14891855855342321665,CR04383188338031460353,TEXT,2026-05-23T17:05:22.000Z,2026-10-02T11:02:20.000Z,https://adstransparency.google.com/advertiser/AR14891855855342321665/creative/CR04383188338031460353?region=US
priceline.com,Priceline.com Incorporated,AR14891855855342321665,CR13053719846766772225,TEXT,2026-09-24T03:39:51.000Z,2026-10-02T11:02:18.000Z,https://adstransparency.google.com/advertiser/AR14891855855342321665/creative/CR13053719846766772225?region=US
priceline.com,Priceline.com Incorporated,AR14891855855342321665,CR11934855199434211329,TEXT,2026-06-05T21:53:48.000Z,2026-10-02T11:02:16.000Z,https://adstransparency.google.com/advertiser/AR14891855855342321665/creative/CR11934855199434211329?region=US
priceline.com,Priceline.com Incorporated,AR14891855855342321665,CR08991254721230536705,TEXT,2021-10-25T07:00:00.000Z,2026-10-02T11:02:15.000Z,https://adstransparency.google.com/advertiser/AR14891855855342321665/creative/CR08991254721230536705?region=US
priceline.com,Priceline.com Incorporated,AR14891855855342321665,CR13065355935373852673,TEXT,2021-10-25T07:00:00.000Z,2026-10-02T11:01:56.000Z,https://adstransparency.google.com/advertiser/AR14891855855342321665/creative/CR13065355935373852673?region=US
priceline.com,Priceline.com Incorporated,AR14891855855342321665,CR17423901056730923009,TEXT,2026-07-30T00:40:25.000Z,2026-10-02T11:01:54.000Z,https://adstransparency.google.com/advertiser/AR14891855855342321665/creative/CR17423901056730923009?region=US
priceline.com,Priceline.com Incorporated,AR14891855855342321665,CR09906380216123523073,TEXT,2026-06-05T21:56:21.000Z,2026-10-02T11:01:15.000Z,https://adstransparency.google.com/advertiser/AR14891855855342321665/creative/CR09906380216123523073?region=US
priceline.com,Priceline.com Incorporated,AR14891855855342321665,CR17717589408602914817,TEXT,2026-06-30T22:07:02.000Z,2026-10-02T11:01:05.000Z,https://adstransparency.google.com/advertiser/AR14891855855342321665/creative/CR17717589408602914817?region=US
priceline.com,Priceline.com Incorporated,AR14891855855342321665,CR15077181735659634689,TEXT,2023-12-27T17:14:31.000Z,2026-10-02T11:01:01.000Z,https://adstransparency.google.com/advertiser/AR14891855855342321665/creative/CR15077181735659634689?region=US
priceline.com,Priceline.com Incorporated,AR14891855855342321665,CR17202841976223825921,TEXT,2026-03-26T13:06:25.000Z,2026-10-02T11:00:59.000Z,https://adstransparency.google.com/advertiser/AR14891855855342321665/creative/CR17202841976223825921?region=US
priceline.com,Priceline.com Incorporated,AR14891855855342321665,CR06384535964303228929,TEXT,2026-03-26T16:00:48.000Z,2026-10-02T11:00:47.000Z,https://adstransparency.google.com/advertiser/AR14891855855342321665/creative/CR06384535964303228929?region=US
priceline.com,Priceline.com Incorporated,AR14891855855342321665,CR07604722429201481729,TEXT,2025-08-04T17:31:15.000Z,2026-10-02T11:00:42.000Z,https://adstransparency.google.com/advertiser/AR14891855855342321665/creative/CR07604722429201481729?region=US
priceline.com,Priceline.com Incorporated,AR14891855855342321665,CR14057941603536863233,TEXT,2023-12-31T15:51:05.000Z,2026-10-02T11:00:36.000Z,https://adstransparency.google.com/advertiser/AR14891855855342321665/creative/CR14057941603536863233?region=US
priceline.com,Priceline.com Incorporated,AR14891855855342321665,CR14127148206873640961,TEXT,2026-08-19T18:30:42.000Z,2026-10-02T11:00:32.000Z,https://adstransparency.google.com/advertiser/AR14891855855342321665/creative/CR14127148206873640961?region=US
priceline.com,Priceline.com Incorporated,AR14891855855342321665,CR17976947236474454017,TEXT,2024-01-29T08:00:00.000Z,2026-10-02T11:00:24.000Z,https://adstransparency.google.com/advertiser/AR14891855855342321665/creative/CR17976947236474454017?region=US
priceline.com,Priceline.com Incorporated,AR14891855855342321665,CR16019787659673075713,TEXT,2021-10-25T07:00:00.000Z,2026-10-02T11:00:21.000Z,https://adstransparency.google.com/advertiser/AR14891855855342321665/creative/CR16019787659673075713?region=US
priceline.com,Priceline.com Incorporated,AR14891855855342321665,CR04777520409442516993,TEXT,2021-10-25T07:00:00.000Z,2026-10-02T11:00:12.000Z,https://adstransparency.google.com/advertiser/AR14891855855342321665/creative/CR04777520409442516993?region=US
priceline.com,Priceline.com Incorporated,AR14891855855342321665,CR03464807094719348737,TEXT,2026-06-02T16:18:44.000Z,2026-10-02T11:00:08.000Z,https://adstransparency.google.com/advertiser/AR14891855855342321665/creative/CR03464807094719348737?region=US
priceline.com,Priceline.com Incorporated,AR14891855855342321665,CR02291673955053862913,TEXT,2026-06-02T14:30:44.000Z,2026-10-02T11:00:04.000Z,https://adstransparency.google.com/advertiser/AR14891855855342321665/creative/CR02291673955053862913?region=US
priceline.com,Priceline.com Incorporated,AR14891855855342321665,CR01022693844174503937,TEXT,2026-03-26T13:13:40.000Z,2026-10-02T10:59:51.000Z,https://adstransparency.google.com/advertiser/AR14891855855342321665/creative/CR01022693844174503937?region=US
priceline.com,Priceline.com Incorporated,AR14891855855342321665,CR04338560535449567233,TEXT,2026-06-24T13:43:24.000Z,2026-10-02T10:59:45.000Z,https://adstransparency.google.com/advertiser/AR14891855855342321665/creative/CR04338560535449567233?region=US
priceline.com,Priceline.com Incorporated,AR14891855855342321665,CR00902460830337990657,TEXT,2021-10-29T07:00:00.000Z,2026-10-02T10:59:41.000Z,https://adstransparency.google.com/advertiser/AR14891855855342321665/creative/CR00902460830337990657?region=US
priceline.com,Priceline.com Incorporated,AR14891855855342321665,CR07203296497746575361,TEXT,2021-10-25T07:00:00.000Z,2026-10-02T10:59:41.000Z,https://adstransparency.google.com/advertiser/AR14891855855342321665/creative/CR07203296497746575361?region=US
priceline.com,Priceline.com Incorporated,AR14891855855342321665,CR04022141704818655233,TEXT,2025-08-04T17:12:06.000Z,2026-10-02T10:59:38.000Z,https://adstransparency.google.com/advertiser/AR14891855855342321665/creative/CR04022141704818655233?region=US
priceline.com,Priceline.com Incorporated,AR14891855855342321665,CR04899791909246992385,TEXT,2021-10-26T07:00:00.000Z,2026-10-02T10:59:31.000Z,https://adstransparency.google.com/advertiser/AR14891855855342321665/creative/CR04899791909246992385?region=US
priceline.com,Priceline.com Incorporated,AR14891855855342321665,CR13568513836591349761,TEXT,2026-06-24T15:52:59.000Z,2026-10-02T10:59:26.000Z,https://adstransparency.google.com/advertiser/AR14891855855342321665/creative/CR13568513836591349761?region=US
priceline.com,Priceline.com Incorporated,AR14891855855342321665,CR00641354143323127809,TEXT,2026-06-24T14:08:46.000Z,2026-10-02T10:59:19.000Z,https://adstransparency.google.com/advertiser/AR14891855855342321665/creative/CR00641354143323127809?region=US
priceline.com,Priceline.com Incorporated,AR14891855855342321665,CR01679372619788320769,TEXT,2021-10-25T07:00:00.000Z,2026-10-02T10:59:04.000Z,https://adstransparency.google.com/advertiser/AR14891855855342321665/creative/CR01679372619788320769?region=US
priceline.com,Priceline.com Incorporated,AR14891855855342321665,CR15979180066739322881,TEXT,2025-09-13T16:02:21.000Z,2026-10-02T10:59:04.000Z,https://adstransparency.google.com/advertiser/AR14891855855342321665/creative/CR15979180066739322881?region=US
priceline.com,Priceline.com Incorporated,AR14891855855342321665,CR13682495319370104833,TEXT,2021-10-25T07:00:00.000Z,2026-10-02T10:59:00.000Z,https://adstransparency.google.com/advertiser/AR14891855855342321665/creative/CR13682495319370104833?region=US
priceline.com,Priceline.com Incorporated,AR14891855855342321665,CR03950503995373518849,TEXT,2024-10-23T05:02:48.000Z,2026-10-02T10:58:49.000Z,https://adstransparency.google.com/advertiser/AR14891855855342321665/creative/CR03950503995373518849?region=US
priceline.com,Priceline.com Incorporated,AR14891855855342321665,CR11043226517134901249,TEXT,2022-07-15T01:58:31.000Z,2026-10-02T10:58:41.000Z,https://adstransparency.google.com/advertiser/AR14891855855342321665/creative/CR11043226517134901249?region=US
priceline.com,Priceline.com Incorporated,AR14891855855342321665,CR10124449698744893441,IMAGE,2025-09-27T02:45:57.000Z,2026-10-02T10:58:38.000Z,https://adstransparency.google.com/advertiser/AR14891855855342321665/creative/CR10124449698744893441?region=US
priceline.com,Priceline.com Incorporated,AR14891855855342321665,CR16162969980852240385,TEXT,2021-10-26T07:00:00.000Z,2026-10-02T10:58:33.000Z,https://adstransparency.google.com/advertiser/AR14891855855342321665/creative/CR16162969980852240385?region=US
priceline.com,Priceline.com Incorporated,AR14891855855342321665,CR08148387017391079425,TEXT,2026-06-02T14:45:21.000Z,2026-10-02T10:58:27.000Z,https://adstransparency.google.com/advertiser/AR14891855855342321665/creative/CR08148387017391079425?region=US
priceline.com,Priceline.com Incorporated,AR14891855855342321665,CR05495040858547814401,TEXT,2024-10-31T00:56:45.000Z,2026-10-02T10:58:22.000Z,https://adstransparency.google.com/advertiser/AR14891855855342321665/creative/CR05495040858547814401?region=US
priceline.com,Priceline.com Incorporated,AR14891855855342321665,CR05073569120721567745,TEXT,2025-08-04T19:08:57.000Z,2026-10-02T10:58:13.000Z,https://adstransparency.google.com/advertiser/AR14891855855342321665/creative/CR05073569120721567745?region=US
priceline.com,Priceline.com Incorporated,AR14891855855342321665,CR07055092414905581569,TEXT,2021-10-25T07:00:00.000Z,2026-10-02T10:57:56.000Z,https://adstransparency.google.com/advertiser/AR14891855855342321665/creative/CR07055092414905581569?region=US
priceline.com,Priceline.com Incorporated,AR14891855855342321665,CR00810823382340730881,TEXT,2026-06-05T22:06:04.000Z,2026-10-02T10:57:34.000Z,https://adstransparency.google.com/advertiser/AR14891855855342321665/creative/CR00810823382340730881?region=US
priceline.com,Priceline.com Incorporated,AR14891855855342321665,CR00463767209957654529,TEXT,2026-06-30T20:40:01.000Z,2026-10-02T10:57:32.000Z,https://adstransparency.google.com/advertiser/AR14891855855342321665/creative/CR00463767209957654529?region=US
priceline.com,Priceline.com Incorporated,AR14891855855342321665,CR03338429365661728769,TEXT,2026-06-24T14:22:45.000Z,2026-10-02T10:57:23.000Z,https://adstransparency.google.com/advertiser/AR14891855855342321665/creative/CR03338429365661728769?region=US
priceline.com,Priceline.com Incorporated,AR14891855855342321665,CR08446688782614265857,TEXT,2026-07-27T15:14:33.000Z,2026-10-02T10:57:11.000Z,https://adstransparency.google.com/advertiser/AR14891855855342321665/creative/CR08446688782614265857?region=US
priceline.com,Priceline.com Incorporated,AR14891855855342321665,CR10516003106704064513,TEXT,2025-08-04T15:48:32.000Z,2026-10-02T10:57:01.000Z,https://adstransparency.google.com/advertiser/AR14891855855342321665/creative/CR10516003106704064513?region=US
priceline.com,Priceline.com Incorporated,AR14891855855342321665,CR02163792781284212737,TEXT,2026-05-01T17:03:10.000Z,2026-10-02T10:56:48.000Z,https://adstransparency.google.com/advertiser/AR14891855855342321665/creative/CR02163792781284212737?region=US
priceline.com,Priceline.com Incorporated,AR14891855855342321665,CR12154114765953695745,TEXT,2024-03-23T07:00:00.000Z,2026-10-02T10:56:42.000Z,https://adstransparency.google.com/advertiser/AR14891855855342321665/creative/CR12154114765953695745?region=US
priceline.com,Priceline.com Incorporated,AR14891855855342321665,CR08341915357530816513,TEXT,2026-06-30T21:26:50.000Z,2026-10-02T10:56:40.000Z,https://adstransparency.google.com/advertiser/AR14891855855342321665/creative/CR08341915357530816513?region=US
priceline.com,Priceline.com Incorporated,AR14891855855342321665,CR07137806638848671745,TEXT,2025-08-04T17:27:35.000Z,2026-10-02T10:56:37.000Z,https://adstransparency.google.com/advertiser/AR14891855855342321665/creative/CR07137806638848671745?region=US
priceline.com,Priceline.com Incorporated,AR14891855855342321665,CR09815991761795809281,TEXT,2021-10-26T07:00:00.000Z,2026-10-02T10:56:10.000Z,https://adstransparency.google.com/advertiser/AR14891855855342321665/creative/CR09815991761795809281?region=US
priceline.com,Priceline.com Incorporated,AR14891855855342321665,CR10990778369380974593,TEXT,2026-07-01T00:47:30.000Z,2026-10-02T10:56:03.000Z,https://adstransparency.google.com/advertiser/AR14891855855342321665/creative/CR10990778369380974593?region=US
priceline.com,Priceline.com Incorporated,AR14891855855342321665,CR03585387373841612801,TEXT,2026-06-30T20:36:49.000Z,2026-10-02T10:55:56.000Z,https://adstransparency.google.com/advertiser/AR14891855855342321665/creative/CR03585387373841612801?region=US
priceline.com,Priceline.com Incorporated,AR14891855855342321665,CR17900813718472622081,TEXT,2023-11-12T14:05:59.000Z,2026-10-02T10:55:38.000Z,https://adstransparency.google.com/advertiser/AR14891855855342321665/creative/CR17900813718472622081?region=US
priceline.com,Priceline.com Incorporated,AR14891855855342321665,CR01254145688975966209,TEXT,2021-11-06T00:30:35.000Z,2026-10-02T10:55:31.000Z,https://adstransparency.google.com/advertiser/AR14891855855342321665/creative/CR01254145688975966209?region=US
priceline.com,Priceline.com Incorporated,AR14891855855342321665,CR03518101720397774849,TEXT,2021-10-30T07:00:00.000Z,2026-10-02T10:55:20.000Z,https://adstransparency.google.com/advertiser/AR14891855855342321665/creative/CR03518101720397774849?region=US
priceline.com,Priceline.com Incorporated,AR14891855855342321665,CR15619514652059238401,TEXT,2026-06-30T20:33:37.000Z,2026-10-02T10:55:13.000Z,https://adstransparency.google.com/advertiser/AR14891855855342321665/creative/CR15619514652059238401?region=US
priceline.com,Priceline.com Incorporated,AR14891855855342321665,CR13933047674010861569,TEXT,2026-09-24T03:27:05.000Z,2026-10-02T10:54:52.000Z,https://adstransparency.google.com/advertiser/AR14891855855342321665/creative/CR13933047674010861569?region=US
priceline.com,Priceline.com Incorporated,AR14891855855342321665,CR11330019822999175169,TEXT,2021-10-25T07:00:00.000Z,2026-10-02T10:54:42.000Z,https://adstransparency.google.com/advertiser/AR14891855855342321665/creative/CR11330019822999175169?region=US
priceline.com,Priceline.com Incorporated,AR14891855855342321665,CR18250252549732958209,TEXT,2021-10-25T07:00:00.000Z,2026-10-02T10:54:41.000Z,https://adstransparency.google.com/advertiser/AR14891855855342321665/creative/CR18250252549732958209?region=US
priceline.com,Priceline.com Incorporated,AR14891855855342321665,CR14557711875069444097,TEXT,2026-06-30T23:07:44.000Z,2026-10-02T10:54:38.000Z,https://adstransparency.google.com/advertiser/AR14891855855342321665/creative/CR14557711875069444097?region=US
priceline.com,Priceline.com Incorporated,AR14891855855342321665,CR06250920699955773441,TEXT,2025-08-04T16:47:23.000Z,2026-10-02T10:54:32.000Z,https://adstransparency.google.com/advertiser/AR14891855855342321665/creative/CR06250920699955773441?region=US
priceline.com,Priceline.com Incorporated,AR14891855855342321665,CR14789482329134858241,TEXT,2026-06-30T22:09:05.000Z,2026-10-02T10:54:25.000Z,https://adstransparency.google.com/advertiser/AR14891855855342321665/creative/CR14789482329134858241?region=US
priceline.com,Priceline.com Incorporated,AR14891855855342321665,CR11387882112037158913,TEXT,2026-08-19T16:44:53.000Z,2026-10-02T10:54:13.000Z,https://adstransparency.google.com/advertiser/AR14891855855342321665/creative/CR11387882112037158913?region=US
priceline.com,Priceline.com Incorporated,AR14891855855342321665,CR02728849785531400193,TEXT,2021-11-06T14:22:38.000Z,2026-10-02T10:53:48.000Z,https://adstransparency.google.com/advertiser/AR14891855855342321665/creative/CR02728849785531400193?region=US
priceline.com,Priceline.com Incorporated,AR14891855855342321665,CR12989464284160327681,TEXT,2026-07-29T02:41:30.000Z,2026-10-02T10:53:40.000Z,https://adstransparency.google.com/advertiser/AR14891855855342321665/creative/CR12989464284160327681?region=US
priceline.com,Priceline.com Incorporated,AR14891855855342321665,CR10214680141225787393,TEXT,2023-12-27T22:01:31.000Z,2026-10-02T10:53:40.000Z,https://adstransparency.google.com/advertiser/AR14891855855342321665/creative/CR10214680141225787393?region=US
priceline.com,Priceline.com Incorporated,AR14891855855342321665,CR01171236147100123137,TEXT,2026-05-02T10:48:16.000Z,2026-10-02T10:53:36.000Z,https://adstransparency.google.com/advertiser/AR14891855855342321665/creative/CR01171236147100123137?region=US
priceline.com,Priceline.com Incorporated,AR14891855855342321665,CR09016751201877753857,TEXT,2026-06-03T00:01:38.000Z,2026-10-02T10:53:35.000Z,https://adstransparency.google.com/advertiser/AR14891855855342321665/creative/CR09016751201877753857?region=US
priceline.com,Priceline.com Incorporated,AR14891855855342321665,CR12512719521280163841,TEXT,2021-10-26T07:00:00.000Z,2026-10-02T10:53:29.000Z,https://adstransparency.google.com/advertiser/AR14891855855342321665/creative/CR12512719521280163841?region=US
priceline.com,Priceline.com Incorporated,AR14891855855342321665,CR15238680305649844225,TEXT,2021-10-25T07:00:00.000Z,2026-10-02T10:53:27.000Z,https://adstransparency.google.com/advertiser/AR14891855855342321665/creative/CR15238680305649844225?region=US
priceline.com,Priceline.com Incorporated,AR14891855855342321665,CR06222943652356816897,TEXT,2021-10-26T07:00:00.000Z,2026-10-02T10:53:18.000Z,https://adstransparency.google.com/advertiser/AR14891855855342321665/creative/CR06222943652356816897?region=US
priceline.com,Priceline.com Incorporated,AR14891855855342321665,CR01480086489441239041,TEXT,2026-06-30T20:34:54.000Z,2026-10-02T10:53:14.000Z,https://adstransparency.google.com/advertiser/AR14891855855342321665/creative/CR01480086489441239041?region=US
priceline.com,Priceline.com Incorporated,AR14891855855342321665,CR13777561963745771521,TEXT,2023-08-11T10:10:27.000Z,2026-10-02T10:53:08.000Z,https://adstransparency.google.com/advertiser/AR14891855855342321665/creative/CR13777561963745771521?region=US
priceline.com,Priceline.com Incorporated,AR14891855855342321665,CR14685507862457745409,TEXT,2023-07-05T23:44:26.000Z,2026-10-02T10:52:51.000Z,https://adstransparency.google.com/advertiser/AR14891855855342321665/creative/CR14685507862457745409?region=US
priceline.com,Priceline.com Incorporated,AR14891855855342321665,CR06339159325583343617,TEXT,2026-06-25T23:14:29.000Z,2026-10-02T10:52:46.000Z,https://adstransparency.google.com/advertiser/AR14891855855342321665/creative/CR06339159325583343617?region=US
priceline.com,Priceline.com Incorporated,AR14891855855342321665,CR14208973175017963521,TEXT,2026-06-24T14:05:26.000Z,2026-10-02T10:52:40.000Z,https://adstransparency.google.com/advertiser/AR14891855855342321665/creative/CR14208973175017963521?region=US
priceline.com,Priceline.com Incorporated,AR14891855855342321665,CR09851627998803918849,TEXT,2023-08-08T07:00:00.000Z,2026-10-02T10:52:34.000Z,https://adstransparency.google.com/advertiser/AR14891855855342321665/creative/CR09851627998803918849?region=US
priceline.com,Priceline.com Incorporated,AR14891855855342321665,CR10660027404682002433,TEXT,2026-06-06T05:28:49.000Z,2026-10-02T10:52:33.000Z,https://adstransparency.google.com/advertiser/AR14891855855342321665/creative/CR10660027404682002433?region=US
priceline.com,Priceline.com Incorporated,AR14891855855342321665,CR13879068009638658049,TEXT,2026-06-02T15:52:41.000Z,2026-10-02T10:52:33.000Z,https://adstransparency.google.com/advertiser/AR14891855855342321665/creative/CR13879068009638658049?region=US
priceline.com,Priceline.com Incorporated,AR14891855855342321665,CR14014673982737874945,TEXT,2024-10-23T17:57:17.000Z,2026-10-02T10:52:29.000Z,https://adstransparency.google.com/advertiser/AR14891855855342321665/creative/CR14014673982737874945?region=US
priceline.com,Priceline.com Incorporated,AR14891855855342321665,CR07722210400590102529,TEXT,2026-06-02T19:05:10.000Z,2026-10-02T10:52:20.000Z,https://adstransparency.google.com/advertiser/AR14891855855342321665/creative/CR07722210400590102529?region=US
priceline.com,Priceline.com Incorporated,AR14891855855342321665,CR07379816492516245505,TEXT,2021-10-25T07:00:00.000Z,2026-10-02T10:52:09.000Z,https://adstransparency.google.com/advertiser/AR14891855855342321665/creative/CR07379816492516245505?region=US
priceline.com,Priceline.com Incorporated,AR14891855855342321665,CR04795818696700329985,TEXT,2026-06-02T15:57:31.000Z,2026-10-02T10:51:57.000Z,https://adstransparency.google.com/advertiser/AR14891855855342321665/creative/CR04795818696700329985?region=US
priceline.com,Priceline.com Incorporated,AR14891855855342321665,CR12970321649281794049,TEXT,2026-06-30T20:35:05.000Z,2026-10-02T10:51:51.000Z,https://adstransparency.google.com/advertiser/AR14891855855342321665/creative/CR12970321649281794049?region=US
priceline.com,Priceline.com Incorporated,AR14891855855342321665,CR00020079358655856641,TEXT,2026-05-01T16:13:18.000Z,2026-10-02T10:51:46.000Z,https://adstransparency.google.com/advertiser/AR14891855855342321665/creative/CR00020079358655856641?region=US
priceline.com,Priceline.com Incorporated,AR14891855855342321665,CR05743038403432153089,TEXT,2021-10-25T07:00:00.000Z,2026-10-02T10:51:46.000Z,https://adstransparency.google.com/advertiser/AR14891855855342321665/creative/CR05743038403432153089?region=US
priceline.com,Priceline.com Incorporated,AR14891855855342321665,CR05062576710273204225,TEXT,2026-06-30T21:07:07.000Z,2026-10-02T10:51:34.000Z,https://adstransparency.google.com/advertiser/AR14891855855342321665/creative/CR05062576710273204225?region=US
priceline.com,Priceline.com Incorporated,AR14891855855342321665,CR02534500410853425153,TEXT,2026-06-03T21:42:47.000Z,2026-10-02T10:51:19.000Z,https://adstransparency.google.com/advertiser/AR14891855855342321665/creative/CR02534500410853425153?region=US
priceline.com,Priceline.com Incorporated,AR14891855855342321665,CR16861639784135655425,TEXT,2023-06-17T20:11:38.000Z,2026-10-02T10:51:16.000Z,https://adstransparency.google.com/advertiser/AR14891855855342321665/creative/CR16861639784135655425?region=US
priceline.com,Priceline.com Incorporated,AR14891855855342321665,CR17223981186779447297,TEXT,2025-08-04T20:08:11.000Z,2026-10-02T10:51:09.000Z,https://adstransparency.google.com/advertiser/AR14891855855342321665/creative/CR17223981186779447297?region=US
priceline.com,Priceline.com Incorporated,AR14891855855342321665,CR17218811583753355265,TEXT,2021-10-25T07:00:00.000Z,2026-10-02T10:51:02.000Z,https://adstransparency.google.com/advertiser/AR14891855855342321665/creative/CR17218811583753355265?region=US
priceline.com,Priceline.com Incorporated,AR14891855855342321665,CR07104841828549001217,TEXT,2021-10-25T07:00:00.000Z,2026-10-02T10:50:44.000Z,https://adstransparency.google.com/advertiser/AR14891855855342321665/creative/CR07104841828549001217?region=US
priceline.com,Priceline.com Incorporated,AR14891855855342321665,CR11200895410816155649,TEXT,2023-06-21T18:06:32.000Z,2026-10-02T10:50:44.000Z,https://adstransparency.google.com/advertiser/AR14891855855342321665/creative/CR11200895410816155649?region=US
priceline.com,Priceline.com Incorporated,AR14891855855342321665,CR02007445449039937537,TEXT,2021-10-25T07:00:00.000Z,2026-10-02T10:50:25.000Z,https://adstransparency.google.com/advertiser/AR14891855855342321665/creative/CR02007445449039937537?region=US
priceline.com,Priceline.com Incorporated,AR14891855855342321665,CR02671512161108361217,TEXT,2023-06-21T17:46:57.000Z,2026-10-02T10:49:57.000Z,https://adstransparency.google.com/advertiser/AR14891855855342321665/creative/CR02671512161108361217?region=US
priceline.com,Priceline.com Incorporated,AR14891855855342321665,CR09729008649598140417,TEXT,2026-06-24T14:55:58.000Z,2026-10-02T10:49:46.000Z,https://adstransparency.google.com/advertiser/AR14891855855342321665/creative/CR09729008649598140417?region=US
priceline.com,Priceline.com Incorporated,AR14891855855342321665,CR03755536995808444417,TEXT,2021-10-25T07:00:00.000Z,2026-10-02T10:49:37.000Z,https://adstransparency.google.com/advertiser/AR14891855855342321665/creative/CR03755536995808444417?region=US
priceline.com,Priceline.com Incorporated,AR14891855855342321665,CR04608844639863046145,TEXT,2021-10-25T07:00:00.000Z,2026-10-02T10:49:31.000Z,https://adstransparency.google.com/advertiser/AR14891855855342321665/creative/CR04608844639863046145?region=US
priceline.com,Priceline.com Incorporated,AR14891855855342321665,CR04348509114226180097,TEXT,2021-10-27T07:00:00.000Z,2026-10-02T10:49:31.000Z,https://adstransparency.google.com/advertiser/AR14891855855342321665/creative/CR04348509114226180097?region=US
priceline.com,Priceline.com Incorporated,AR14891855855342321665,CR10942099321717260289,TEXT,2025-09-16T20:27:17.000Z,2026-10-02T10:49:27.000Z,https://adstransparency.google.com/advertiser/AR14891855855342321665/creative/CR10942099321717260289?region=US
priceline.com,Priceline.com Incorporated,AR14891855855342321665,CR03536523694123778049,TEXT,2022-05-20T01:05:57.000Z,2026-10-02T10:49:19.000Z,https://adstransparency.google.com/advertiser/AR14891855855342321665/creative/CR03536523694123778049?region=US
priceline.com,Priceline.com Incorporated,AR14891855855342321665,CR06587776419500130305,TEXT,2021-11-02T07:00:00.000Z,2026-10-02T10:49:18.000Z,https://adstransparency.google.com/advertiser/AR14891855855342321665/creative/CR06587776419500130305?region=US
priceline.com,Priceline.com Incorporated,AR14891855855342321665,CR11343880756205191169,TEXT,2026-08-19T17:42:48.000Z,2026-10-02T10:49:17.000Z,https://adstransparency.google.com/advertiser/AR14891855855342321665/creative/CR11343880756205191169?region=US
priceline.com,Priceline.com Incorporated,AR14891855855342321665,CR17087485107477938177,TEXT,2024-09-18T22:43:22.000Z,2026-10-02T10:49:13.000Z,https://adstransparency.google.com/advertiser/AR14891855855342321665/creative/CR17087485107477938177?region=US
priceline.com,Priceline.com Incorporated,AR14891855855342321665,CR02019028529160650753,TEXT,2021-10-25T07:00:00.000Z,2026-10-02T10:49:08.000Z,https://adstransparency.google.com/advertiser/AR14891855855342321665/creative/CR02019028529160650753?region=US
priceline.com,Priceline.com Incorporated,AR14891855855342321665,CR10341607248140173313,TEXT,2021-10-25T07:00:00.000Z,2026-10-02T10:48:59.000Z,https://adstransparency.google.com/advertiser/AR14891855855342321665/creative/CR10341607248140173313?region=US
priceline.com,Priceline.com Incorporated,AR14891855855342321665,CR03225496739666460673,TEXT,2026-06-02T18:01:02.000Z,2026-10-02T10:48:57.000Z,https://adstransparency.google.com/advertiser/AR14891855855342321665/creative/CR03225496739666460673?region=US
priceline.com,Priceline.com Incorporated,AR14891855855342321665,CR12358597282742927361,TEXT,2021-10-25T07:00:00.000Z,2026-10-02T10:48:39.000Z,https://adstransparency.google.com/advertiser/AR14891855855342321665/creative/CR12358597282742927361?region=US
priceline.com,Priceline.com Incorporated,AR14891855855342321665,CR10890005654794141697,TEXT,2026-06-02T18:57:53.000Z,2026-10-02T10:48:38.000Z,https://adstransparency.google.com/advertiser/AR14891855855342321665/creative/CR10890005654794141697?region=US
priceline.com,Priceline.com Incorporated,AR14891855855342321665,CR02103410488904777729,TEXT,2026-07-28T18:15:36.000Z,2026-10-02T10:48:31.000Z,https://adstransparency.google.com/advertiser/AR14891855855342321665/creative/CR02103410488904777729?region=US
priceline.com,Priceline.com Incorporated,AR14891855855342321665,CR15913376589329465345,TEXT,2026-06-02T14:50:35.000Z,2026-10-02T10:48:15.000Z,https://adstransparency.google.com/advertiser/AR14891855855342321665/creative/CR15913376589329465345?region=US
priceline.com,Priceline.com Incorporated,AR14891855855342321665,CR09108143218263851009,TEXT,2021-10-25T07:00:00.000Z,2026-10-02T10:48:00.000Z,https://adstransparency.google.com/advertiser/AR14891855855342321665/creative/CR09108143218263851009?region=US
priceline.com,Priceline.com Incorporated,AR14891855855342321665,CR16812350825346105345,TEXT,2021-10-25T07:00:00.000Z,2026-10-02T10:47:37.000Z,https://adstransparency.google.com/advertiser/AR14891855855342321665/creative/CR16812350825346105345?region=US
priceline.com,Priceline.com Incorporated,AR14891855855342321665,CR11434795799293198337,TEXT,2026-07-01T00:34:21.000Z,2026-10-02T10:47:31.000Z,https://adstransparency.google.com/advertiser/AR14891855855342321665/creative/CR11434795799293198337?region=US
priceline.com,Priceline.com Incorporated,AR14891855855342321665,CR03925625612059803649,TEXT,2026-07-29T19:47:57.000Z,2026-10-02T10:47:20.000Z,https://adstransparency.google.com/advertiser/AR14891855855342321665/creative/CR03925625612059803649?region=US
priceline.com,Priceline.com Incorporated,AR14891855855342321665,CR05459646780385787905,TEXT,2025-08-04T15:30:01.000Z,2026-10-02T10:47:17.000Z,https://adstransparency.google.com/advertiser/AR14891855855342321665/creative/CR05459646780385787905?region=US
priceline.com,Priceline.com Incorporated,AR14891855855342321665,CR17106584337416978433,TEXT,2026-06-30T21:00:00.000Z,2026-10-02T10:47:04.000Z,https://adstransparency.google.com/advertiser/AR14891855855342321665/creative/CR17106584337416978433?region=US
priceline.com,Priceline.com Incorporated,AR14891855855342321665,CR02194050404977737729,TEXT,2023-12-28T04:36:34.000Z,2026-10-02T10:47:01.000Z,https://adstransparency.google.com/advertiser/AR14891855855342321665/creative/CR02194050404977737729?region=US
priceline.com,Priceline.com Incorporated,AR14891855855342321665,CR05734302860858884097,TEXT,2026-05-01T16:07:46.000Z,2026-10-02T10:46:54.000Z,https://adstransparency.google.com/advertiser/AR14891855855342321665/creative/CR05734302860858884097?region=US
priceline.com,Priceline.com Incorporated,AR14891855855342321665,CR07408033061851365377,TEXT,2025-08-04T22:30:33.000Z,2026-10-02T10:46:53.000Z,https://adstransparency.google.com/advertiser/AR14891855855342321665/creative/CR07408033061851365377?region=US
priceline.com,Priceline.com Incorporated,AR14891855855342321665,CR14704557004488179713,TEXT,2021-12-16T08:00:00.000Z,2026-10-02T10:46:35.000Z,https://adstransparency.google.com/advertiser/AR14891855855342321665/creative/CR14704557004488179713?region=US
priceline.com,Priceline.com Incorporated,AR14891855855342321665,CR04568293182151852033,TEXT,2026-08-19T16:41:34.000Z,2026-10-02T10:46:35.000Z,https://adstransparency.google.com/advertiser/AR14891855855342321665/creative/CR04568293182151852033?region=US
priceline.com,Priceline.com Incorporated,AR14891855855342321665,CR17893388355672997889,TEXT,2023-06-23T18:12:57.000Z,2026-10-02T10:46:34.000Z,https://adstransparency.google.com/advertiser/AR14891855855342321665/creative/CR17893388355672997889?region=US
priceline.com,Priceline.com Incorporated,AR14891855855342321665,CR07595974508532465665,TEXT,2026-05-02T16:42:07.000Z,2026-10-02T10:46:29.000Z,https://adstransparency.google.com/advertiser/AR14891855855342321665/creative/CR07595974508532465665?region=US
priceline.com,Priceline.com Incorporated,AR14891855855342321665,CR00661715174524190721,TEXT,2026-08-19T16:31:55.000Z,2026-10-02T10:46:25.000Z,https://adstransparency.google.com/advertiser/AR14891855855342321665/creative/CR00661715174524190721?region=US
priceline.com,Priceline.com Incorporated,AR14891855855342321665,CR01545802452597473281,TEXT,2024-10-30T23:33:04.000Z,2026-10-02T10:46:08.000Z,https://adstransparency.google.com/advertiser/AR14891855855342321665/creative/CR01545802452597473281?region=US
priceline.com,Priceline.com Incorporated,AR14891855855342321665,CR06879132647080067073,TEXT,2026-07-29T22:34:12.000Z,2026-10-02T10:46:02.000Z,https://adstransparency.google.com/advertiser/AR14891855855342321665/creative/CR06879132647080067073?region=US
priceline.com,Priceline.com Incorporated,AR14891855855342321665,CR03639910643634536449,TEXT,2026-08-20T17:43:21.000Z,2026-10-02T10:45:57.000Z,https://adstransparency.google.com/advertiser/AR14891855855342321665/creative/CR03639910643634536449?region=US
priceline.com,Priceline.com Incorporated,AR14891855855342321665,CR09457650279374651393,TEXT,2026-06-30T20:39:24.000Z,2026-10-02T10:45:56.000Z,https://adstransparency.google.com/advertiser/AR14891855855342321665/creative/CR09457650279374651393?region=US
priceline.com,Priceline.com Incorporated,AR14891855855342321665,CR16406644555253809153,TEXT,2024-11-02T03:20:04.000Z,2026-10-02T10:45:53.000Z,https://adstransparency.google.com/advertiser/AR14891855855342321665/creative/CR16406644555253809153?region=US
priceline.com,Priceline.com Incorporated,AR14891855855342321665,CR16512957116227518465,TEXT,2021-10-28T07:00:00.000Z,2026-10-02T10:45:44.000Z,https://adstransparency.google.com/advertiser/AR14891855855342321665/creative/CR16512957116227518465?region=US
priceline.com,Priceline.com Incorporated,AR14891855855342321665,CR06503152584377761793,TEXT,2026-06-30T21:09:37.000Z,2026-10-02T10:45:42.000Z,https://adstransparency.google.com/advertiser/AR14891855855342321665/creative/CR06503152584377761793?region=US
priceline.com,Priceline.com Incorporated,AR14891855855342321665,CR01875155860708130817,TEXT,2026-05-03T20:18:15.000Z,2026-10-02T10:45:38.000Z,https://adstransparency.google.com/advertiser/AR14891855855342321665/creative/CR01875155860708130817?region=US
priceline.com,Priceline.com Incorporated,AR14891855855342321665,CR02393449011928367105,TEXT,2026-06-02T17:09:22.000Z,2026-10-02T10:45:35.000Z,https://adstransparency.google.com/advertiser/AR14891855855342321665/creative/CR02393449011928367105?region=US
priceline.com,Priceline.com Incorporated,AR14891855855342321665,CR02422196851538132993,TEXT,2024-01-10T18:09:36.000Z,2026-10-02T10:45:35.000Z,https://adstransparency.google.com/advertiser/AR14891855855342321665/creative/CR02422196851538132993?region=US
priceline.com,Priceline.com Incorporated,AR14891855855342321665,CR17316601915999518721,TEXT,2026-07-01T02:45:48.000Z,2026-10-02T10:45:34.000Z,https://adstransparency.google.com/advertiser/AR14891855855342321665/creative/CR17316601915999518721?region=US
priceline.com,Priceline.com Incorporated,AR14891855855342321665,CR13705076066979151873,TEXT,2026-05-01T18:09:11.000Z,2026-10-02T10:45:34.000Z,https://adstransparency.google.com/advertiser/AR14891855855342321665/creative/CR13705076066979151873?region=US
priceline.com,Priceline.com Incorporated,AR14891855855342321665,CR09709519453808492545,TEXT,2021-10-25T07:00:00.000Z,2026-10-02T10:45:19.000Z,https://adstransparency.google.com/advertiser/AR14891855855342321665/creative/CR09709519453808492545?region=US
priceline.com,Priceline.com Incorporated,AR14891855855342321665,CR12495865683063603201,TEXT,2026-03-26T13:42:53.000Z,2026-10-02T10:45:17.000Z,https://adstransparency.google.com/advertiser/AR14891855855342321665/creative/CR12495865683063603201?region=US
priceline.com,Priceline.com Incorporated,AR14891855855342321665,CR18439020975187034113,TEXT,2026-05-01T15:41:10.000Z,2026-10-02T10:45:15.000Z,https://adstransparency.google.com/advertiser/AR14891855855342321665/creative/CR18439020975187034113?region=US
priceline.com,Priceline.com Incorporated,AR14891855855342321665,CR12929169222566674433,TEXT,2023-12-27T17:24:07.000Z,2026-10-02T10:45:01.000Z,https://adstransparency.google.com/advertiser/AR14891855855342321665/creative/CR12929169222566674433?region=US
priceline.com,Priceline.com Incorporated,AR14891855855342321665,CR11926257980577677313,TEXT,2026-08-19T16:31:00.000Z,2026-10-02T10:44:49.000Z,https://adstransparency.google.com/advertiser/AR14891855855342321665/creative/CR11926257980577677313?region=US
priceline.com,Priceline.com Incorporated,AR14891855855342321665,CR02554986262394044417,TEXT,2022-02-01T08:00:00.000Z,2026-10-02T10:44:44.000Z,https://adstransparency.google.com/advertiser/AR14891855855342321665/creative/CR02554986262394044417?region=US
priceline.com,Priceline.com Incorporated,AR14891855855342321665,CR01718363243434475521,TEXT,2024-09-18T17:43:16.000Z,2026-10-02T10:44:43.000Z,https://adstransparency.google.com/advertiser/AR14891855855342321665/creative/CR01718363243434475521?region=US
priceline.com,Priceline.com Incorporated,AR14891855855342321665,CR09832495190810558465,TEXT,2021-11-09T08:00:00.000Z,2026-10-02T10:44:41.000Z,https://adstransparency.google.com/advertiser/AR14891855855342321665/creative/CR09832495190810558465?region=US
priceline.com,Priceline.com Incorporated,AR14891855855342321665,CR15078271695280144385,TEXT,2023-06-25T18:26:17.000Z,2026-10-02T10:44:37.000Z,https://adstransparency.google.com/advertiser/AR14891855855342321665/creative/CR15078271695280144385?region=US
priceline.com,Priceline.com Incorporated,AR14891855855342321665,CR01288939785976545281,TEXT,2021-10-25T07:00:00.000Z,2026-10-02T10:44:36.000Z,https://adstransparency.google.com/advertiser/AR14891855855342321665/creative/CR01288939785976545281?region=US
priceline.com,Priceline.com Incorporated,AR14891855855342321665,CR04699793029077139457,TEXT,2022-04-03T07:00:00.000Z,2026-10-02T10:44:31.000Z,https://adstransparency.google.com/advertiser/AR14891855855342321665/creative/CR04699793029077139457?region=US
priceline.com,Priceline.com Incorporated,AR14891855855342321665,CR17973866877339828225,TEXT,2026-06-24T18:53:51.000Z,2026-10-02T10:44:10.000Z,https://adstransparency.google.com/advertiser/AR14891855855342321665/creative/CR17973866877339828225?region=US
priceline.com,Priceline.com Incorporated,AR14891855855342321665,CR14749013944681103361,TEXT,2026-06-30T22:36:27.000Z,2026-10-02T10:43:38.000Z,https://adstransparency.google.com/advertiser/AR14891855855342321665/creative/CR14749013944681103361?region=US
priceline.com,Priceline.com Incorporated,AR14891855855342321665,CR06527725363588497409,TEXT,2026-03-26T15:36:49.000Z,2026-10-02T10:43:37.000Z,https://adstransparency.google.com/advertiser/AR14891855855342321665/creative/CR06527725363588497409?region=US
priceline.com,Priceline.com Incorporated,AR14891855855342321665,CR11250615094695952385,TEXT,2026-06-30T20:34:55.000Z,2026-10-02T10:43:15.000Z,https://adstransparency.google.com/advertiser/AR14891855855342321665/creative/CR11250615094695952385?region=US
priceline.com,Priceline.com Incorporated,AR14891855855342321665,CR02634436259652567041,TEXT,2026-06-30T20:37:35.000Z,2026-10-02T10:43:13.000Z,https://adstransparency.google.com/advertiser/AR14891855855342321665/creative/CR02634436259652567041?region=US
priceline.com,Priceline.com Incorporated,AR14891855855342321665,CR13508696005993824257,TEXT,2026-08-19T16:46:10.000Z,2026-10-02T10:43:07.000Z,https://adstransparency.google.com/advertiser/AR14891855855342321665/creative/CR13508696005993824257?region=US
priceline.com,Priceline.com Incorporated,AR14891855855342321665,CR12531775526668337153,TEXT,2026-08-19T20:08:52.000Z,2026-10-02T10:42:32.000Z,https://adstransparency.google.com/advertiser/AR14891855855342321665/creative/CR12531775526668337153?region=US
priceline.com,Priceline.com Incorporated,AR14891855855342321665,CR06260368322336915457,TEXT,2026-06-24T13:55:55.000Z,2026-10-02T10:42:27.000Z,https://adstransparency.google.com/advertiser/AR14891855855342321665/creative/CR06260368322336915457?region=US
priceline.com,Priceline.com Incorporated,AR14891855855342321665,CR04517272269210255361,TEXT,2026-06-24T15:21:02.000Z,2026-10-02T10:42:26.000Z,https://adstransparency.google.com/advertiser/AR14891855855342321665/creative/CR04517272269210255361?region=US
priceline.com,Priceline.com Incorporated,AR14891855855342321665,CR10214432235713462273,TEXT,2021-10-25T07:00:00.000Z,2026-10-02T10:42:20.000Z,https://adstransparency.google.com/advertiser/AR14891855855342321665/creative/CR10214432235713462273?region=US
priceline.com,Priceline.com Incorporated,AR14891855855342321665,CR00865257316813897729,TEXT,2024-05-21T22:45:24.000Z,2026-10-02T10:42:13.000Z,https://adstransparency.google.com/advertiser/AR14891855855342321665/creative/CR00865257316813897729?region=US
priceline.com,Priceline.com Incorporated,AR14891855855342321665,CR05215557647150874625,TEXT,2023-12-31T08:00:00.000Z,2026-10-02T10:41:57.000Z,https://adstransparency.google.com/advertiser/AR14891855855342321665/creative/CR05215557647150874625?region=US
priceline.com,Priceline.com Incorporated,AR14891855855342321665,CR13584921436295790593,TEXT,2026-05-01T16:25:40.000Z,2026-10-02T10:41:51.000Z,https://adstransparency.google.com/advertiser/AR14891855855342321665/creative/CR13584921436295790593?region=US
priceline.com,Priceline.com Incorporated,AR14891855855342321665,CR12544547866053443585,TEXT,2026-06-30T20:40:02.000Z,2026-10-02T10:41:49.000Z,https://adstransparency.google.com/advertiser/AR14891855855342321665/creative/CR12544547866053443585?region=US
priceline.com,Priceline.com Incorporated,AR14891855855342321665,CR07034009880738398209,TEXT,2024-06-13T20:49:01.000Z,2026-10-02T10:41:42.000Z,https://adstransparency.google.com/advertiser/AR14891855855342321665/creative/CR07034009880738398209?region=US
priceline.com,Priceline.com Incorporated,AR14891855855342321665,CR00403225041715593217,TEXT,2026-08-20T07:00:00.000Z,2026-10-02T10:41:31.000Z,https://adstransparency.google.com/advertiser/AR14891855855342321665/creative/CR00403225041715593217?region=US
priceline.com,Priceline.com Incorporated,AR14891855855342321665,CR12104802176254083073,TEXT,2026-08-19T21:49:22.000Z,2026-10-02T10:41:28.000Z,https://adstransparency.google.com/advertiser/AR14891855855342321665/creative/CR12104802176254083073?region=US
priceline.com,Priceline.com Incorporated,AR14891855855342321665,CR03453863311890710529,TEXT,2024-10-23T01:17:22.000Z,2026-10-02T10:41:27.000Z,https://adstransparency.google.com/advertiser/AR14891855855342321665/creative/CR03453863311890710529?region=US
priceline.com,Priceline.com Incorporated,AR14891855855342321665,CR01048108299536302081,TEXT,2026-08-19T20:31:24.000Z,2026-10-02T10:41:22.000Z,https://adstransparency.google.com/advertiser/AR14891855855342321665/creative/CR01048108299536302081?region=US
priceline.com,Priceline.com Incorporated,AR14891855855342321665,CR16350357170593726465,TEXT,2023-10-25T19:21:13.000Z,2026-10-02T10:41:16.000Z,https://adstransparency.google.com/advertiser/AR14891855855342321665/creative/CR16350357170593726465?region=US
priceline.com,Priceline.com Incorporated,AR14891855855342321665,CR09181491166506385409,TEXT,2021-11-05T07:00:00.000Z,2026-10-02T10:41:02.000Z,https://adstransparency.google.com/advertiser/AR14891855855342321665/creative/CR09181491166506385409?region=US
priceline.com,Priceline.com Incorporated,AR14891855855342321665,CR15473205113652248577,TEXT,2026-05-01T16:02:28.000Z,2026-10-02T10:40:44.000Z,https://adstransparency.google.com/advertiser/AR14891855855342321665/creative/CR15473205113652248577?region=US
priceline.com,Priceline.com Incorporated,AR14891855855342321665,CR12309098720959397889,TEXT,2026-05-01T18:09:11.000Z,2026-10-02T10:40:44.000Z,https://adstransparency.google.com/advertiser/AR14891855855342321665/creative/CR12309098720959397889?region=US
priceline.com,Priceline.com Incorporated,AR14891855855342321665,CR07899599490582052865,TEXT,2026-05-01T23:20:43.000Z,2026-10-02T10:40:41.000Z,https://adstransparency.google.com/advertiser/AR14891855855342321665/creative/CR07899599490582052865?region=US
priceline.com,Priceline.com Incorporated,AR14891855855342321665,CR05758015675947810817,TEXT,2021-10-25T07:00:00.000Z,2026-10-02T10:40:40.000Z,https://adstransparency.google.com/advertiser/AR14891855855342321665/creative/CR05758015675947810817?region=US
priceline.com,Priceline.com Incorporated,AR14891855855342321665,CR15558556902781616129,TEXT,2026-05-01T19:11:18.000Z,2026-10-02T10:40:39.000Z,https://adstransparency.google.com/advertiser/AR14891855855342321665/creative/CR15558556902781616129?region=US
priceline.com,Priceline.com Incorporated,AR14891855855342321665,CR07413549036810010625,TEXT,2025-08-04T21:21:05.000Z,2026-10-02T10:40:35.000Z,https://adstransparency.google.com/advertiser/AR14891855855342321665/creative/CR07413549036810010625?region=US
priceline.com,Priceline.com Incorporated,AR14891855855342321665,CR12129198475258626049,TEXT,2021-10-25T07:00:00.000Z,2026-10-02T10:40:32.000Z,https://adstransparency.google.com/advertiser/AR14891855855342321665/creative/CR12129198475258626049?region=US
priceline.com,Priceline.com Incorporated,AR14891855855342321665,CR14171034723870048257,TEXT,2021-10-25T07:00:00.000Z,2026-10-02T10:40:31.000Z,https://adstransparency.google.com/advertiser/AR14891855855342321665/creative/CR14171034723870048257?region=US
priceline.com,Priceline.com Incorporated,AR14891855855342321665,CR10039361886895472641,TEXT,2026-08-19T16:30:46.000Z,2026-10-02T10:40:26.000Z,https://adstransparency.google.com/advertiser/AR14891855855342321665/creative/CR10039361886895472641?region=US
priceline.com,Priceline.com Incorporated,AR14891855855342321665,CR04654788016697507841,TEXT,2024-08-11T16:17:20.000Z,2026-10-02T10:40:25.000Z,https://adstransparency.google.com/advertiser/AR14891855855342321665/creative/CR04654788016697507841?region=US
priceline.com,Priceline.com Incorporated,AR14891855855342321665,CR06536081402851491841,TEXT,2023-11-29T13:02:37.000Z,2026-10-02T10:40:20.000Z,https://adstransparency.google.com/advertiser/AR14891855855342321665/creative/CR06536081402851491841?region=US
priceline.com,Priceline.com Incorporated,AR14891855855342321665,CR05848174736072245249,TEXT,2021-10-28T07:00:00.000Z,2026-10-02T10:40:10.000Z,https://adstransparency.google.com/advertiser/AR14891855855342321665/creative/CR05848174736072245249?region=US
priceline.com,Priceline.com Incorporated,AR14891855855342321665,CR15580045818164412417,TEXT,2021-10-25T07:00:00.000Z,2026-10-02T10:39:59.000Z,https://adstransparency.google.com/advertiser/AR14891855855342321665/creative/CR15580045818164412417?region=US
priceline.com,Priceline.com Incorporated,AR14891855855342321665,CR07000472138981310465,TEXT,2026-06-02T14:37:04.000Z,2026-10-02T10:39:58.000Z,https://adstransparency.google.com/advertiser/AR14891855855342321665/creative/CR07000472138981310465?region=US
priceline.com,Priceline.com Incorporated,AR14891855855342321665,CR17187992118207971329,TEXT,2024-01-20T20:26:40.000Z,2026-10-02T10:39:52.000Z,https://adstransparency.google.com/advertiser/AR14891855855342321665/creative/CR17187992118207971329?region=US
priceline.com,Priceline.com Incorporated,AR14891855855342321665,CR12779471959985487873,TEXT,2026-09-24T03:27:53.000Z,2026-10-02T10:39:50.000Z,https://adstransparency.google.com/advertiser/AR14891855855342321665/creative/CR12779471959985487873?region=US
priceline.com,Priceline.com Incorporated,AR14891855855342321665,CR07973865934760706049,TEXT,2026-06-24T13:40:19.000Z,2026-10-02T10:39:24.000Z,https://adstransparency.google.com/advertiser/AR14891855855342321665/creative/CR07973865934760706049?region=US
priceline.com,Priceline.com Incorporated,AR14891855855342321665,CR07958437613369556993,TEXT,2024-03-16T21:31:30.000Z,2026-10-02T10:39:18.000Z,https://adstransparency.google.com/advertiser/AR14891855855342321665/creative/CR07958437613369556993?region=US
priceline.com,Priceline.com Incorporated,AR14891855855342321665,CR07200503325895163905,TEXT,2021-10-25T07:00:00.000Z,2026-10-02T10:39:17.000Z,https://adstransparency.google.com/advertiser/AR14891855855342321665/creative/CR07200503325895163905?region=US
priceline.com,Priceline.com Incorporated,AR14891855855342321665,CR09503394361136644097,TEXT,2026-06-24T13:50:00.000Z,2026-10-02T10:39:12.000Z,https://adstransparency.google.com/advertiser/AR14891855855342321665/creative/CR09503394361136644097?region=US
vrbo.com,Vrbo,AR02916784446164172801,CR13479001220584570881,TEXT,2026-07-06T09:23:54.000Z,2026-10-02T11:52:10.000Z,https://adstransparency.google.com/advertiser/AR02916784446164172801/creative/CR13479001220584570881?region=US
vrbo.com,Vrbo,AR02916784446164172801,CR02965286936312283137,VIDEO,2026-02-18T23:02:42.000Z,2026-10-02T11:52:01.000Z,https://adstransparency.google.com/advertiser/AR02916784446164172801/creative/CR02965286936312283137?region=US
vrbo.com,Vrbo,AR02916784446164172801,CR00157845966592933889,TEXT,2024-11-29T19:51:48.000Z,2026-10-02T11:44:33.000Z,https://adstransparency.google.com/advertiser/AR02916784446164172801/creative/CR00157845966592933889?region=US
vrbo.com,Vrbo,AR02916784446164172801,CR12760530630224117761,TEXT,2021-10-25T07:00:00.000Z,2026-10-02T11:39:20.000Z,https://adstransparency.google.com/advertiser/AR02916784446164172801/creative/CR12760530630224117761?region=US
vrbo.com,Vrbo,AR02916784446164172801,CR07256945320787968001,TEXT,2024-12-02T03:49:05.000Z,2026-10-02T11:39:16.000Z,https://adstransparency.google.com/advertiser/AR02916784446164172801/creative/CR07256945320787968001?region=US
vrbo.com,Vrbo,AR02916784446164172801,CR03760460754906513409,TEXT,2026-02-05T16:35:18.000Z,2026-10-02T11:38:10.000Z,https://adstransparency.google.com/advertiser/AR02916784446164172801/creative/CR03760460754906513409?region=US
vrbo.com,Vrbo,AR02916784446164172801,CR00393111974281478145,TEXT,2024-12-01T23:26:41.000Z,2026-10-02T11:27:11.000Z,https://adstransparency.google.com/advertiser/AR02916784446164172801/creative/CR00393111974281478145?region=US
vrbo.com,Vrbo,AR02916784446164172801,CR13480574346846011393,VIDEO,2026-09-09T18:17:11.000Z,2026-10-02T11:24:10.000Z,https://adstransparency.google.com/advertiser/AR02916784446164172801/creative/CR13480574346846011393?region=US
vrbo.com,Vrbo,AR02916784446164172801,CR15266827880630321153,VIDEO,2026-05-20T18:16:27.000Z,2026-10-02T11:20:42.000Z,https://adstransparency.google.com/advertiser/AR02916784446164172801/creative/CR15266827880630321153?region=US
vrbo.com,Vrbo,AR02916784446164172801,CR18044465324958416897,TEXT,2024-11-30T16:55:21.000Z,2026-10-02T11:18:39.000Z,https://adstransparency.google.com/advertiser/AR02916784446164172801/creative/CR18044465324958416897?region=US
vrbo.com,Vrbo,AR02916784446164172801,CR04026301148716597249,TEXT,2022-08-25T10:40:28.000Z,2026-10-02T11:12:36.000Z,https://adstransparency.google.com/advertiser/AR02916784446164172801/creative/CR04026301148716597249?region=US
vrbo.com,Vrbo,AR02916784446164172801,CR05948816625955241985,TEXT,2024-11-28T19:26:45.000Z,2026-10-02T11:11:00.000Z,https://adstransparency.google.com/advertiser/AR02916784446164172801/creative/CR05948816625955241985?region=US
vrbo.com,Vrbo,AR02916784446164172801,CR14153581016161189889,VIDEO,2026-09-09T18:04:26.000Z,2026-10-02T11:03:29.000Z,https://adstransparency.google.com/advertiser/AR02916784446164172801/creative/CR14153581016161189889?region=US
vrbo.com,Vrbo,AR02916784446164172801,CR08905667052497272833,TEXT,2021-10-25T07:00:00.000Z,2026-10-02T11:03:20.000Z,https://adstransparency.google.com/advertiser/AR02916784446164172801/creative/CR08905667052497272833?region=US
vrbo.com,Vrbo,AR02916784446164172801,CR18408464095352193025,TEXT,2022-08-25T11:28:31.000Z,2026-10-02T11:00:30.000Z,https://adstransparency.google.com/advertiser/AR02916784446164172801/creative/CR18408464095352193025?region=US
vrbo.com,Vrbo,AR02916784446164172801,CR08300092615269810177,VIDEO,2026-02-04T18:21:39.000Z,2026-10-02T11:00:16.000Z,https://adstransparency.google.com/advertiser/AR02916784446164172801/creative/CR08300092615269810177?region=US
vrbo.com,Vrbo,AR02916784446164172801,CR04694000209116528641,IMAGE,2026-06-08T18:00:00.000Z,2026-10-02T11:00:00.000Z,https://adstransparency.google.com/advertiser/AR02916784446164172801/creative/CR04694000209116528641?region=US
vrbo.com,Vrbo,AR02916784446164172801,CR12481654770152505345,TEXT,2024-11-29T01:38:59.000Z,2026-10-02T10:58:11.000Z,https://adstransparency.google.com/advertiser/AR02916784446164172801/creative/CR12481654770152505345?region=US
vrbo.com,Vrbo,AR02916784446164172801,CR08764540130867281921,TEXT,2022-08-25T15:07:58.000Z,2026-10-02T10:58:00.000Z,https://adstransparency.google.com/advertiser/AR02916784446164172801/creative/CR08764540130867281921?region=US
vrbo.com,Vrbo,AR02916784446164172801,CR17403693063804551169,VIDEO,2026-03-24T11:06:21.000Z,2026-10-02T10:57:40.000Z,https://adstransparency.google.com/advertiser/AR02916784446164172801/creative/CR17403693063804551169?region=US
vrbo.com,Vrbo,AR02916784446164172801,CR02967927001169526785,TEXT,2024-12-01T20:08:45.000Z,2026-10-02T10:55:07.000Z,https://adstransparency.google.com/advertiser/AR02916784446164172801/creative/CR02967927001169526785?region=US
vrbo.com,Vrbo,AR02916784446164172801,CR01797607434450108417,TEXT,2022-08-25T20:56:56.000Z,2026-10-02T10:51:29.000Z,https://adstransparency.google.com/advertiser/AR02916784446164172801/creative/CR01797607434450108417?region=US
vrbo.com,Vrbo,AR02916784446164172801,CR14995051146232463361,VIDEO,2026-06-05T21:30:19.000Z,2026-10-02T10:49:39.000Z,https://adstransparency.google.com/advertiser/AR02916784446164172801/creative/CR14995051146232463361?region=US
vrbo.com,Vrbo,AR02916784446164172801,CR13737103878623592449,VIDEO,2026-07-24T23:32:55.000Z,2026-10-02T10:40:55.000Z,https://adstransparency.google.com/advertiser/AR02916784446164172801/creative/CR13737103878623592449?region=US
vrbo.com,Vrbo,AR02916784446164172801,CR03622706860072632321,VIDEO,2026-07-29T02:51:50.000Z,2026-10-02T10:39:45.000Z,https://adstransparency.google.com/advertiser/AR02916784446164172801/creative/CR03622706860072632321?region=US
vrbo.com,Vrbo,AR02916784446164172801,CR17245156140052905985,TEXT,2024-11-28T14:14:30.000Z,2026-10-02T10:39:33.000Z,https://adstransparency.google.com/advertiser/AR02916784446164172801/creative/CR17245156140052905985?region=US
vrbo.com,Vrbo,AR02916784446164172801,CR09573763929948028929,TEXT,2024-11-28T19:48:11.000Z,2026-10-02T10:38:56.000Z,https://adstransparency.google.com/advertiser/AR02916784446164172801/creative/CR09573763929948028929?region=US
vrbo.com,Vrbo,AR02916784446164172801,CR15106481779214647297,TEXT,2024-11-28T12:39:51.000Z,2026-10-02T10:35:33.000Z,https://adstransparency.google.com/advertiser/AR02916784446164172801/creative/CR15106481779214647297?region=US
vrbo.com,Vrbo,AR02916784446164172801,CR03109820703310872577,TEXT,2024-11-28T12:26:43.000Z,2026-10-02T10:34:43.000Z,https://adstransparency.google.com/advertiser/AR02916784446164172801/creative/CR03109820703310872577?region=US
vrbo.com,Vrbo,AR02916784446164172801,CR15671073982101061633,VIDEO,2026-02-23T11:09:09.000Z,2026-10-02T10:32:24.000Z,https://adstransparency.google.com/advertiser/AR02916784446164172801/creative/CR15671073982101061633?region=US
vrbo.com,Vrbo,AR02916784446164172801,CR11135021212474802177,VIDEO,2025-05-22T10:11:36.000Z,2026-10-02T10:30:04.000Z,https://adstransparency.google.com/advertiser/AR02916784446164172801/creative/CR11135021212474802177?region=US
vrbo.com,Vrbo,AR02916784446164172801,CR04161791046029672449,TEXT,2022-08-25T12:27:12.000Z,2026-10-02T10:27:27.000Z,https://adstransparency.google.com/advertiser/AR02916784446164172801/creative/CR04161791046029672449?region=US
vrbo.com,Vrbo,AR02916784446164172801,CR02505565052971515905,TEXT,2024-11-28T15:50:03.000Z,2026-10-02T10:27:24.000Z,https://adstransparency.google.com/advertiser/AR02916784446164172801/creative/CR02505565052971515905?region=US
vrbo.com,Vrbo,AR02916784446164172801,CR08761195261876764673,TEXT,2024-11-29T20:20:35.000Z,2026-10-02T10:25:56.000Z,https://adstransparency.google.com/advertiser/AR02916784446164172801/creative/CR08761195261876764673?region=US
vrbo.com,Vrbo,AR02916784446164172801,CR03227608824194007041,TEXT,2021-12-18T02:12:49.000Z,2026-10-02T10:22:18.000Z,https://adstransparency.google.com/advertiser/AR02916784446164172801/creative/CR03227608824194007041?region=US
vrbo.com,Vrbo,AR02916784446164172801,CR04340808753260527617,TEXT,2022-08-25T15:47:41.000Z,2026-10-02T10:17:36.000Z,https://adstransparency.google.com/advertiser/AR02916784446164172801/creative/CR04340808753260527617?region=US
vrbo.com,Vrbo,AR02916784446164172801,CR13535726674728976385,TEXT,2024-12-11T09:40:24.000Z,2026-10-02T10:13:00.000Z,https://adstransparency.google.com/advertiser/AR02916784446164172801/creative/CR13535726674728976385?region=US
vrbo.com,Vrbo,AR02916784446164172801,CR15674858922030661633,TEXT,2024-11-28T14:52:42.000Z,2026-10-02T10:08:28.000Z,https://adstransparency.google.com/advertiser/AR02916784446164172801/creative/CR15674858922030661633?region=US
vrbo.com,Vrbo,AR02916784446164172801,CR01582948344840323073,TEXT,2025-02-13T22:14:05.000Z,2026-10-02T10:05:01.000Z,https://adstransparency.google.com/advertiser/AR02916784446164172801/creative/CR01582948344840323073?region=US
vrbo.com,Vrbo,AR02916784446164172801,CR08935223917916717057,TEXT,2022-08-28T03:42:15.000Z,2026-10-02T10:03:58.000Z,https://adstransparency.google.com/advertiser/AR02916784446164172801/creative/CR08935223917916717057?region=US
vrbo.com,Vrbo,AR02916784446164172801,CR06237450041838010369,TEXT,2024-11-28T12:38:19.000Z,2026-10-02T10:03:52.000Z,https://adstransparency.google.com/advertiser/AR02916784446164172801/creative/CR06237450041838010369?region=US
vrbo.com,Vrbo,AR02916784446164172801,CR10457769122606350337,TEXT,2024-11-28T13:34:13.000Z,2026-10-02T10:01:19.000Z,https://adstransparency.google.com/advertiser/AR02916784446164172801/creative/CR10457769122606350337?region=US
vrbo.com,Vrbo,AR02916784446164172801,CR02739585855151669249,IMAGE,2026-07-02T03:00:00.000Z,2026-10-02T10:00:00.000Z,https://adstransparency.google.com/advertiser/AR02916784446164172801/creative/CR02739585855151669249?region=US
vrbo.com,Vrbo,AR02916784446164172801,CR16351305052696084481,TEXT,2022-08-25T11:11:14.000Z,2026-10-02T09:59:24.000Z,https://adstransparency.google.com/advertiser/AR02916784446164172801/creative/CR16351305052696084481?region=US
vrbo.com,Vrbo,AR02916784446164172801,CR04429103849118105601,TEXT,2024-11-30T13:05:23.000Z,2026-10-02T09:58:40.000Z,https://adstransparency.google.com/advertiser/AR02916784446164172801/creative/CR04429103849118105601?region=US
vrbo.com,Vrbo,AR02916784446164172801,CR09016769713186799617,TEXT,2022-08-25T13:58:55.000Z,2026-10-02T09:57:04.000Z,https://adstransparency.google.com/advertiser/AR02916784446164172801/creative/CR09016769713186799617?region=US
vrbo.com,Vrbo,AR02916784446164172801,CR01876444754623856641,TEXT,2022-08-25T12:22:08.000Z,2026-10-02T09:54:34.000Z,https://adstransparency.google.com/advertiser/AR02916784446164172801/creative/CR01876444754623856641?region=US
vrbo.com,Vrbo,AR02916784446164172801,CR03169395258370818049,TEXT,2024-11-30T05:24:50.000Z,2026-10-02T09:53:59.000Z,https://adstransparency.google.com/advertiser/AR02916784446164172801/creative/CR03169395258370818049?region=US
vrbo.com,Vrbo,AR02916784446164172801,CR08927654201266274305,TEXT,2024-11-29T06:02:11.000Z,2026-10-02T09:52:21.000Z,https://adstransparency.google.com/advertiser/AR02916784446164172801/creative/CR08927654201266274305?region=US
vrbo.com,Vrbo,AR02916784446164172801,CR09644613719052779521,TEXT,2024-03-18T18:17:44.000Z,2026-10-02T09:52:10.000Z,https://adstransparency.google.com/advertiser/AR02916784446164172801/creative/CR09644613719052779521?region=US
vrbo.com,Vrbo,AR02916784446164172801,CR02239310254946910209,TEXT,2022-12-08T00:12:31.000Z,2026-10-02T09:48:12.000Z,https://adstransparency.google.com/advertiser/AR02916784446164172801/creative/CR02239310254946910209?region=US
vrbo.com,Vrbo,AR02916784446164172801,CR12387735285771796481,TEXT,2024-11-29T05:20:11.000Z,2026-10-02T09:46:11.000Z,https://adstransparency.google.com/advertiser/AR02916784446164172801/creative/CR12387735285771796481?region=US
vrbo.com,Vrbo,AR02916784446164172801,CR07975099767195697153,TEXT,2022-08-28T14:24:22.000Z,2026-10-02T09:44:46.000Z,https://adstransparency.google.com/advertiser/AR02916784446164172801/creative/CR07975099767195697153?region=US
vrbo.com,Vrbo,AR02916784446164172801,CR00901694522273038337,TEXT,2024-11-28T18:44:06.000Z,2026-10-02T09:43:14.000Z,https://adstransparency.google.com/advertiser/AR02916784446164172801/creative/CR00901694522273038337?region=US
vrbo.com,Vrbo,AR02916784446164172801,CR11516693403924430849,VIDEO,2026-03-24T11:07:21.000Z,2026-10-02T09:43:07.000Z,https://adstransparency.google.com/advertiser/AR02916784446164172801/creative/CR11516693403924430849?region=US
vrbo.com,Vrbo,AR02916784446164172801,CR03905982905549062145,VIDEO,2026-02-23T11:09:21.000Z,2026-10-02T09:42:27.000Z,https://adstransparency.google.com/advertiser/AR02916784446164172801/creative/CR03905982905549062145?region=US
vrbo.com,Vrbo,AR02916784446164172801,CR12694800725604040705,TEXT,2021-10-25T07:00:00.000Z,2026-10-02T09:40:26.000Z,https://adstransparency.google.com/advertiser/AR02916784446164172801/creative/CR12694800725604040705?region=US
vrbo.com,Vrbo,AR02916784446164172801,CR18233739877948588033,TEXT,2022-08-25T20:20:14.000Z,2026-10-02T09:40:01.000Z,https://adstransparency.google.com/advertiser/AR02916784446164172801/creative/CR18233739877948588033?region=US
vrbo.com,Vrbo,AR02916784446164172801,CR07202237401761054721,TEXT,2026-02-05T16:03:47.000Z,2026-10-02T09:37:25.000Z,https://adstransparency.google.com/advertiser/AR02916784446164172801/creative/CR07202237401761054721?region=US
vrbo.com,Vrbo,AR02916784446164172801,CR12415803154749194241,TEXT,2023-03-04T19:07:15.000Z,2026-10-02T09:37:16.000Z,https://adstransparency.google.com/advertiser/AR02916784446164172801/creative/CR12415803154749194241?region=US
vrbo.com,Vrbo,AR02916784446164172801,CR03702818969489506305,TEXT,2022-08-26T07:00:00.000Z,2026-10-02T09:37:14.000Z,https://adstransparency.google.com/advertiser/AR02916784446164172801/creative/CR03702818969489506305?region=US
vrbo.com,Vrbo,AR02916784446164172801,CR03520300820962738177,VIDEO,2026-09-09T17:50:36.000Z,2026-10-02T09:36:58.000Z,https://adstransparency.google.com/advertiser/AR02916784446164172801/creative/CR03520300820962738177?region=US
vrbo.com,Vrbo,AR02916784446164172801,CR02524017160188067841,TEXT,2024-11-29T23:33:08.000Z,2026-10-02T09:36:15.000Z,https://adstransparency.google.com/advertiser/AR02916784446164172801/creative/CR02524017160188067841?region=US
vrbo.com,ELK TRACK UNIT 9 LLC,AR10987452595815055361,CR01860089914297679873,TEXT,2025-08-16T07:00:00.000Z,2026-10-02T09:35:18.000Z,https://adstransparency.google.com/advertiser/AR10987452595815055361/creative/CR01860089914297679873?region=US
vrbo.com,Vrbo,AR02916784446164172801,CR14401342982089342977,TEXT,2024-11-28T20:11:44.000Z,2026-10-02T09:34:32.000Z,https://adstransparency.google.com/advertiser/AR02916784446164172801/creative/CR14401342982089342977?region=US
vrbo.com,Vrbo,AR02916784446164172801,CR05491506169182683137,TEXT,2024-11-28T15:57:16.000Z,2026-10-02T09:34:31.000Z,https://adstransparency.google.com/advertiser/AR02916784446164172801/creative/CR05491506169182683137?region=US
vrbo.com,Vrbo,AR02916784446164172801,CR16329078631299022849,TEXT,2021-10-25T07:00:00.000Z,2026-10-02T09:34:15.000Z,https://adstransparency.google.com/advertiser/AR02916784446164172801/creative/CR16329078631299022849?region=US
vrbo.com,Vrbo,AR02916784446164172801,CR08759512974726529025,TEXT,2024-11-28T19:45:48.000Z,2026-10-02T09:33:42.000Z,https://adstransparency.google.com/advertiser/AR02916784446164172801/creative/CR08759512974726529025?region=US
vrbo.com,Vrbo,AR02916784446164172801,CR11166973123457187841,TEXT,2024-11-28T16:29:49.000Z,2026-10-02T09:31:06.000Z,https://adstransparency.google.com/advertiser/AR02916784446164172801/creative/CR11166973123457187841?region=US
vrbo.com,Vrbo,AR02916784446164172801,CR12264653978473594881,TEXT,2022-08-25T23:21:12.000Z,2026-10-02T09:30:37.000Z,https://adstransparency.google.com/advertiser/AR02916784446164172801/creative/CR12264653978473594881?region=US
vrbo.com,Vrbo,AR02916784446164172801,CR01125467601204412417,IMAGE,2026-07-02T02:00:00.000Z,2026-10-02T09:30:00.000Z,https://adstransparency.google.com/advertiser/AR02916784446164172801/creative/CR01125467601204412417?region=US
vrbo.com,Vrbo,AR02916784446164172801,CR05537599053828718593,TEXT,2021-10-25T07:00:00.000Z,2026-10-02T09:29:23.000Z,https://adstransparency.google.com/advertiser/AR02916784446164172801/creative/CR05537599053828718593?region=US
vrbo.com,Vrbo,AR02916784446164172801,CR17514607802495008769,TEXT,2021-10-25T07:00:00.000Z,2026-10-02T09:28:13.000Z,https://adstransparency.google.com/advertiser/AR02916784446164172801/creative/CR17514607802495008769?region=US
vrbo.com,Vrbo,AR02916784446164172801,CR15532677628879175681,TEXT,2022-08-25T15:08:17.000Z,2026-10-02T09:27:40.000Z,https://adstransparency.google.com/advertiser/AR02916784446164172801/creative/CR15532677628879175681?region=US
vrbo.com,Vrbo,AR02916784446164172801,CR09085662723781427201,TEXT,2024-12-03T20:48:02.000Z,2026-10-02T09:27:15.000Z,https://adstransparency.google.com/advertiser/AR02916784446164172801/creative/CR09085662723781427201?region=US
vrbo.com,Vrbo,AR02916784446164172801,CR02462049114343342081,TEXT,2021-12-18T02:33:31.000Z,2026-10-02T09:23:42.000Z,https://adstransparency.google.com/advertiser/AR02916784446164172801/creative/CR02462049114343342081?region=US
vrbo.com,Vrbo,AR02916784446164172801,CR13208858334695784449,TEXT,2025-04-17T15:14:22.000Z,2026-10-02T09:23:33.000Z,https://adstransparency.google.com/advertiser/AR02916784446164172801/creative/CR13208858334695784449?region=US
vrbo.com,Vrbo,AR02916784446164172801,CR08033326707547045889,TEXT,2024-12-05T15:06:39.000Z,2026-10-02T09:23:07.000Z,https://adstransparency.google.com/advertiser/AR02916784446164172801/creative/CR08033326707547045889?region=US
vrbo.com,Vrbo,AR02916784446164172801,CR02757164563588710401,TEXT,2022-08-25T13:00:22.000Z,2026-10-02T09:18:46.000Z,https://adstransparency.google.com/advertiser/AR02916784446164172801/creative/CR02757164563588710401?region=US
vrbo.com,Vrbo,AR02916784446164172801,CR10561723643455340545,TEXT,2025-01-31T02:01:55.000Z,2026-10-02T09:16:50.000Z,https://adstransparency.google.com/advertiser/AR02916784446164172801/creative/CR10561723643455340545?region=US
vrbo.com,Vrbo,AR02916784446164172801,CR01536157424929472513,VIDEO,2026-10-01T07:01:15.000Z,2026-10-02T09:15:25.000Z,https://adstransparency.google.com/advertiser/AR02916784446164172801/creative/CR01536157424929472513?region=US
vrbo.com,Vrbo,AR02916784446164172801,CR12182666944033325057,VIDEO,2026-10-01T07:01:01.000Z,2026-10-02T09:12:51.000Z,https://adstransparency.google.com/advertiser/AR02916784446164172801/creative/CR12182666944033325057?region=US
vrbo.com,Vrbo,AR02916784446164172801,CR02266918519473963009,VIDEO,2026-04-14T22:37:02.000Z,2026-10-02T09:12:31.000Z,https://adstransparency.google.com/advertiser/AR02916784446164172801/creative/CR02266918519473963009?region=US
vrbo.com,Vrbo,AR02916784446164172801,CR17055706876383068161,VIDEO,2026-10-01T07:00:40.000Z,2026-10-02T09:09:22.000Z,https://adstransparency.google.com/advertiser/AR02916784446164172801/creative/CR17055706876383068161?region=US
vrbo.com,Vrbo,AR02916784446164172801,CR11882636892560162817,VIDEO,2025-05-22T10:50:11.000Z,2026-10-02T09:08:28.000Z,https://adstransparency.google.com/advertiser/AR02916784446164172801/creative/CR11882636892560162817?region=US
vrbo.com,Vrbo,AR02916784446164172801,CR01984504628552663041,TEXT,2026-02-05T16:50:54.000Z,2026-10-02T09:04:42.000Z,https://adstransparency.google.com/advertiser/AR02916784446164172801/creative/CR01984504628552663041?region=US
vrbo.com,Vrbo,AR02916784446164172801,CR00665383085184909313,TEXT,2025-02-05T23:29:57.000Z,2026-10-02T09:03:18.000Z,https://adstransparency.google.com/advertiser/AR02916784446164172801/creative/CR00665383085184909313?region=US
vrbo.com,Vrbo,AR02916784446164172801,CR17922803212293767169,TEXT,2022-08-25T11:43:23.000Z,2026-10-02T09:02:30.000Z,https://adstransparency.google.com/advertiser/AR02916784446164172801/creative/CR17922803212293767169?region=US
vrbo.com,Vrbo,AR02916784446164172801,CR05948840634822426625,VIDEO,2026-10-01T07:00:39.000Z,2026-10-02T09:01:30.000Z,https://adstransparency.google.com/advertiser/AR02916784446164172801/creative/CR05948840634822426625?region=US
vrbo.com,Vrbo,AR02916784446164172801,CR18226225489066852353,TEXT,2023-10-12T17:17:46.000Z,2026-10-02T09:00:47.000Z,https://adstransparency.google.com/advertiser/AR02916784446164172801/creative/CR18226225489066852353?region=US
vrbo.com,Vrbo,AR02916784446164172801,CR10325213572719706113,VIDEO,2026-10-01T07:00:42.000Z,2026-10-02T08:59:56.000Z,https://adstransparency.google.com/advertiser/AR02916784446164172801/creative/CR10325213572719706113?region=US
vrbo.com,Vrbo,AR02916784446164172801,CR15604223262815420417,VIDEO,2026-04-14T18:09:22.000Z,2026-10-02T08:59:52.000Z,https://adstransparency.google.com/advertiser/AR02916784446164172801/creative/CR15604223262815420417?region=US
vrbo.com,Vrbo,AR02916784446164172801,CR16774503229936369665,TEXT,2022-08-25T20:58:26.000Z,2026-10-02T08:59:29.000Z,https://adstransparency.google.com/advertiser/AR02916784446164172801/creative/CR16774503229936369665?region=US
vrbo.com,Vrbo,AR02916784446164172801,CR03309031963788050433,VIDEO,2026-10-01T07:00:38.000Z,2026-10-02T08:58:22.000Z,https://adstransparency.google.com/advertiser/AR02916784446164172801/creative/CR03309031963788050433?region=US
vrbo.com,Vrbo,AR02916784446164172801,CR07785272477684334593,VIDEO,2026-05-08T18:11:05.000Z,2026-10-02T08:57:56.000Z,https://adstransparency.google.com/advertiser/AR02916784446164172801/creative/CR07785272477684334593?region=US
vrbo.com,Vrbo,AR02916784446164172801,CR08514006974730338305,TEXT,2024-11-30T19:20:07.000Z,2026-10-02T08:57:29.000Z,https://adstransparency.google.com/advertiser/AR02916784446164172801/creative/CR08514006974730338305?region=US
vrbo.com,Vrbo,AR02916784446164172801,CR17717515870172872705,TEXT,2022-12-07T22:53:38.000Z,2026-10-02T08:57:03.000Z,https://adstransparency.google.com/advertiser/AR02916784446164172801/creative/CR17717515870172872705?region=US
vrbo.com,Vrbo,AR02916784446164172801,CR17834829611918163969,VIDEO,2026-10-01T07:00:37.000Z,2026-10-02T08:56:06.000Z,https://adstransparency.google.com/advertiser/AR02916784446164172801/creative/CR17834829611918163969?region=US
vrbo.com,Vrbo,AR02916784446164172801,CR04136568395317379073,VIDEO,2026-10-01T07:00:42.000Z,2026-10-02T08:55:54.000Z,https://adstransparency.google.com/advertiser/AR02916784446164172801/creative/CR04136568395317379073?region=US
vrbo.com,Vrbo,AR02916784446164172801,CR07780126282230005761,TEXT,2024-11-29T15:20:35.000Z,2026-10-02T08:55:23.000Z,https://adstransparency.google.com/advertiser/AR02916784446164172801/creative/CR07780126282230005761?region=US
vrbo.com,Vrbo,AR02916784446164172801,CR14621647617231159297,VIDEO,2026-10-01T07:00:56.000Z,2026-10-02T08:55:16.000Z,https://adstransparency.google.com/advertiser/AR02916784446164172801/creative/CR14621647617231159297?region=US
vrbo.com,Vrbo,AR02916784446164172801,CR15963571348131807233,TEXT,2022-08-25T16:30:21.000Z,2026-10-02T08:55:08.000Z,https://adstransparency.google.com/advertiser/AR02916784446164172801/creative/CR15963571348131807233?region=US
vrbo.com,Vrbo,AR02916784446164172801,CR16304867977960882177,VIDEO,2026-10-01T07:00:42.000Z,2026-10-02T08:55:02.000Z,https://adstransparency.google.com/advertiser/AR02916784446164172801/creative/CR16304867977960882177?region=US
vrbo.com,Vrbo,AR02916784446164172801,CR08122953354935533569,VIDEO,2026-10-01T07:00:58.000Z,2026-10-02T08:54:43.000Z,https://adstransparency.google.com/advertiser/AR02916784446164172801/creative/CR08122953354935533569?region=US
vrbo.com,Vrbo,AR02916784446164172801,CR00511170695284129793,VIDEO,2026-10-01T07:00:40.000Z,2026-10-02T08:54:30.000Z,https://adstransparency.google.com/advertiser/AR02916784446164172801/creative/CR00511170695284129793?region=US
vrbo.com,Vrbo,AR02916784446164172801,CR02090245314630909953,VIDEO,2026-10-01T07:00:39.000Z,2026-10-02T08:54:14.000Z,https://adstransparency.google.com/advertiser/AR02916784446164172801/creative/CR02090245314630909953?region=US
vrbo.com,Vrbo,AR02916784446164172801,CR05351473502140497921,TEXT,2024-11-29T07:28:49.000Z,2026-10-02T08:54:11.000Z,https://adstransparency.google.com/advertiser/AR02916784446164172801/creative/CR05351473502140497921?region=US
vrbo.com,Vrbo,AR02916784446164172801,CR14001703379072450561,VIDEO,2026-10-01T07:00:37.000Z,2026-10-02T08:54:09.000Z,https://adstransparency.google.com/advertiser/AR02916784446164172801/creative/CR14001703379072450561?region=US
vrbo.com,Vrbo,AR02916784446164172801,CR00506468195721281537,TEXT,2024-11-28T14:30:41.000Z,2026-10-02T08:54:02.000Z,https://adstransparency.google.com/advertiser/AR02916784446164172801/creative/CR00506468195721281537?region=US
vrbo.com,Vrbo,AR02916784446164172801,CR06828168462066515969,VIDEO,2026-10-01T07:01:12.000Z,2026-10-02T08:53:53.000Z,https://adstransparency.google.com/advertiser/AR02916784446164172801/creative/CR06828168462066515969?region=US
vrbo.com,Vrbo,AR02916784446164172801,CR15094525578105061377,VIDEO,2026-10-01T07:01:02.000Z,2026-10-02T08:53:53.000Z,https://adstransparency.google.com/advertiser/AR02916784446164172801/creative/CR15094525578105061377?region=US
vrbo.com,Vrbo,AR02916784446164172801,CR00129626966306324481,VIDEO,2026-10-01T07:01:11.000Z,2026-10-02T08:53:51.000Z,https://adstransparency.google.com/advertiser/AR02916784446164172801/creative/CR00129626966306324481?region=US
vrbo.com,Vrbo,AR02916784446164172801,CR01430604308662976513,VIDEO,2026-10-01T07:01:01.000Z,2026-10-02T08:53:47.000Z,https://adstransparency.google.com/advertiser/AR02916784446164172801/creative/CR01430604308662976513?region=US
vrbo.com,Vrbo,AR02916784446164172801,CR13609890211491217409,VIDEO,2026-10-01T07:00:37.000Z,2026-10-02T08:53:47.000Z,https://adstransparency.google.com/advertiser/AR02916784446164172801/creative/CR13609890211491217409?region=US
vrbo.com,Vrbo,AR02916784446164172801,CR07092191990221111297,VIDEO,2026-10-01T07:01:05.000Z,2026-10-02T08:53:47.000Z,https://adstransparency.google.com/advertiser/AR02916784446164172801/creative/CR07092191990221111297?region=US
vrbo.com,Vrbo,AR02916784446164172801,CR13967018812327854081,VIDEO,2025-09-10T11:03:58.000Z,2026-10-02T08:53:33.000Z,https://adstransparency.google.com/advertiser/AR02916784446164172801/creative/CR13967018812327854081?region=US
vrbo.com,Vrbo,AR02916784446164172801,CR12969389503939608577,VIDEO,2026-10-01T07:02:04.000Z,2026-10-02T08:53:20.000Z,https://adstransparency.google.com/advertiser/AR02916784446164172801/creative/CR12969389503939608577?region=US
vrbo.com,Vrbo,AR02916784446164172801,CR12376603202986967041,VIDEO,2026-10-01T07:01:04.000Z,2026-10-02T08:53:12.000Z,https://adstransparency.google.com/advertiser/AR02916784446164172801/creative/CR12376603202986967041?region=US
vrbo.com,Vrbo,AR02916784446164172801,CR00926764100350902273,VIDEO,2026-10-01T07:00:42.000Z,2026-10-02T08:53:07.000Z,https://adstransparency.google.com/advertiser/AR02916784446164172801/creative/CR00926764100350902273?region=US
vrbo.com,Vrbo,AR02916784446164172801,CR04765519832730828801,VIDEO,2026-10-01T07:01:20.000Z,2026-10-02T08:52:47.000Z,https://adstransparency.google.com/advertiser/AR02916784446164172801/creative/CR04765519832730828801?region=US
vrbo.com,Vrbo,AR02916784446164172801,CR14918998296306384897,TEXT,2022-08-25T12:45:43.000Z,2026-10-02T08:52:46.000Z,https://adstransparency.google.com/advertiser/AR02916784446164172801/creative/CR14918998296306384897?region=US
vrbo.com,Vrbo,AR02916784446164172801,CR12130031123388432385,VIDEO,2026-10-01T07:00:45.000Z,2026-10-02T08:52:45.000Z,https://adstransparency.google.com/advertiser/AR02916784446164172801/creative/CR12130031123388432385?region=US
vrbo.com,Vrbo,AR02916784446164172801,CR08616097514132602881,VIDEO,2026-10-01T07:00:49.000Z,2026-10-02T08:52:44.000Z,https://adstransparency.google.com/advertiser/AR02916784446164172801/creative/CR08616097514132602881?region=US
vrbo.com,Sargent Kennedy,AR12323067328995524609,CR07795666573418561537,IMAGE,2026-08-21T15:59:37.000Z,2026-10-02T08:52:08.000Z,https://adstransparency.google.com/advertiser/AR12323067328995524609/creative/CR07795666573418561537?region=US
vrbo.com,Vrbo,AR02916784446164172801,CR02025642409429303297,VIDEO,2026-10-01T07:05:14.000Z,2026-10-02T08:51:42.000Z,https://adstransparency.google.com/advertiser/AR02916784446164172801/creative/CR02025642409429303297?region=US
vrbo.com,Vrbo,AR02916784446164172801,CR15199307464274083841,VIDEO,2025-09-10T20:03:05.000Z,2026-10-02T08:51:30.000Z,https://adstransparency.google.com/advertiser/AR02916784446164172801/creative/CR15199307464274083841?region=US
vrbo.com,Vrbo,AR02916784446164172801,CR08323678033038802945,VIDEO,2026-05-18T05:41:44.000Z,2026-10-02T08:51:25.000Z,https://adstransparency.google.com/advertiser/AR02916784446164172801/creative/CR08323678033038802945?region=US
vrbo.com,Vrbo,AR02916784446164172801,CR11556948070805536769,VIDEO,2026-10-01T07:02:01.000Z,2026-10-02T08:51:08.000Z,https://adstransparency.google.com/advertiser/AR02916784446164172801/creative/CR11556948070805536769?region=US
vrbo.com,Vrbo,AR02916784446164172801,CR10125366339255140353,VIDEO,2026-10-01T07:00:59.000Z,2026-10-02T08:50:37.000Z,https://adstransparency.google.com/advertiser/AR02916784446164172801/creative/CR10125366339255140353?region=US
vrbo.com,Vrbo,AR02916784446164172801,CR03863597969248878593,VIDEO,2026-03-24T11:07:49.000Z,2026-10-02T08:50:28.000Z,https://adstransparency.google.com/advertiser/AR02916784446164172801/creative/CR03863597969248878593?region=US
vrbo.com,Vrbo,AR02916784446164172801,CR00390237344080330753,VIDEO,2025-05-22T11:03:02.000Z,2026-10-02T08:50:23.000Z,https://adstransparency.google.com/advertiser/AR02916784446164172801/creative/CR00390237344080330753?region=US
vrbo.com,Vrbo,AR02916784446164172801,CR09327666255257141249,VIDEO,2026-10-01T07:02:26.000Z,2026-10-02T08:50:11.000Z,https://adstransparency.google.com/advertiser/AR02916784446164172801/creative/CR09327666255257141249?region=US
vrbo.com,Vrbo,AR02916784446164172801,CR03660572794992721921,TEXT,2022-08-25T12:44:07.000Z,2026-10-02T08:50:09.000Z,https://adstransparency.google.com/advertiser/AR02916784446164172801/creative/CR03660572794992721921?region=US
vrbo.com,Vrbo,AR02916784446164172801,CR10826969691101069313,VIDEO,2026-06-05T21:31:00.000Z,2026-10-02T08:49:52.000Z,https://adstransparency.google.com/advertiser/AR02916784446164172801/creative/CR10826969691101069313?region=US
vrbo.com,Vrbo,AR02916784446164172801,CR03205585511800373249,VIDEO,2026-10-01T07:01:19.000Z,2026-10-02T08:49:20.000Z,https://adstransparency.google.com/advertiser/AR02916784446164172801/creative/CR03205585511800373249?region=US
vrbo.com,Vrbo,AR02916784446164172801,CR14994015517948248065,VIDEO,2025-06-04T11:28:10.000Z,2026-10-02T08:49:10.000Z,https://adstransparency.google.com/advertiser/AR02916784446164172801/creative/CR14994015517948248065?region=US
vrbo.com,Vrbo,AR02916784446164172801,CR07896647473660166145,VIDEO,2026-10-01T07:01:17.000Z,2026-10-02T08:49:10.000Z,https://adstransparency.google.com/advertiser/AR02916784446164172801/creative/CR07896647473660166145?region=US
vrbo.com,Vrbo,AR02916784446164172801,CR06114910871081713665,VIDEO,2026-10-01T07:02:17.000Z,2026-10-02T08:48:43.000Z,https://adstransparency.google.com/advertiser/AR02916784446164172801/creative/CR06114910871081713665?region=US
vrbo.com,Vrbo,AR02916784446164172801,CR05822507332906516481,TEXT,2024-12-01T16:29:33.000Z,2026-10-02T08:48:34.000Z,https://adstransparency.google.com/advertiser/AR02916784446164172801/creative/CR05822507332906516481?region=US
vrbo.com,Vrbo,AR02916784446164172801,CR05057887911656030209,VIDEO,2026-02-04T18:21:23.000Z,2026-10-02T08:47:36.000Z,https://adstransparency.google.com/advertiser/AR02916784446164172801/creative/CR05057887911656030209?region=US
vrbo.com,Vrbo,AR02916784446164172801,CR13735124800643268609,TEXT,2021-12-21T08:00:00.000Z,2026-10-02T08:46:50.000Z,https://adstransparency.google.com/advertiser/AR02916784446164172801/creative/CR13735124800643268609?region=US
vrbo.com,Vrbo,AR02916784446164172801,CR14793795103365267457,TEXT,2024-11-06T23:57:34.000Z,2026-10-02T08:46:45.000Z,https://adstransparency.google.com/advertiser/AR02916784446164172801/creative/CR14793795103365267457?region=US
vrbo.com,Vrbo,AR02916784446164172801,CR10345059456953352193,TEXT,2024-11-11T17:33:28.000Z,2026-10-02T08:45:59.000Z,https://adstransparency.google.com/advertiser/AR02916784446164172801/creative/CR10345059456953352193?region=US
vrbo.com,Vrbo,AR02916784446164172801,CR11609176135845281793,TEXT,2022-08-25T15:00:49.000Z,2026-10-02T08:45:55.000Z,https://adstransparency.google.com/advertiser/AR02916784446164172801/creative/CR11609176135845281793?region=US
vrbo.com,Vrbo,AR02916784446164172801,CR04809267201376780289,VIDEO,2026-10-01T07:00:37.000Z,2026-10-02T08:45:47.000Z,https://adstransparency.google.com/advertiser/AR02916784446164172801/creative/CR04809267201376780289?region=US
vrbo.com,Vrbo,AR02916784446164172801,CR15723559281322098689,TEXT,2024-11-28T23:47:54.000Z,2026-10-02T08:45:46.000Z,https://adstransparency.google.com/advertiser/AR02916784446164172801/creative/CR15723559281322098689?region=US
vrbo.com,Vrbo,AR02916784446164172801,CR06425613641407528961,TEXT,2022-08-25T18:00:48.000Z,2026-10-02T08:45:46.000Z,https://adstransparency.google.com/advertiser/AR02916784446164172801/creative/CR06425613641407528961?region=US
vrbo.com,Vrbo,AR02916784446164172801,CR14280337217736933377,VIDEO,2026-10-01T07:00:44.000Z,2026-10-02T08:45:04.000Z,https://adstransparency.google.com/advertiser/AR02916784446164172801/creative/CR14280337217736933377?region=US
vrbo.com,Vrbo,AR02916784446164172801,CR03825793632749748225,VIDEO,2026-10-01T07:00:41.000Z,2026-10-02T08:45:01.000Z,https://adstransparency.google.com/advertiser/AR02916784446164172801/creative/CR03825793632749748225?region=US
vrbo.com,Vrbo,AR02916784446164172801,CR16313149499541291009,VIDEO,2026-10-01T07:00:38.000Z,2026-10-02T08:44:52.000Z,https://adstransparency.google.com/advertiser/AR02916784446164172801/creative/CR16313149499541291009?region=US
vrbo.com,Vrbo,AR02916784446164172801,CR01710790657745879041,VIDEO,2026-10-01T07:00:39.000Z,2026-10-02T08:43:59.000Z,https://adstransparency.google.com/advertiser/AR02916784446164172801/creative/CR01710790657745879041?region=US
vrbo.com,Vrbo,AR02916784446164172801,CR07955031541095071745,VIDEO,2026-10-01T07:00:41.000Z,2026-10-02T08:43:56.000Z,https://adstransparency.google.com/advertiser/AR02916784446164172801/creative/CR07955031541095071745?region=US
vrbo.com,Vrbo,AR02916784446164172801,CR12308679532151308289,VIDEO,2026-07-03T00:11:21.000Z,2026-10-02T08:43:49.000Z,https://adstransparency.google.com/advertiser/AR02916784446164172801/creative/CR12308679532151308289?region=US
vrbo.com,Vrbo,AR02916784446164172801,CR12009700570844626945,VIDEO,2026-10-01T07:00:42.000Z,2026-10-02T08:43:42.000Z,https://adstransparency.google.com/advertiser/AR02916784446164172801/creative/CR12009700570844626945?region=US
vrbo.com,Vrbo,AR02916784446164172801,CR17859172799357124609,VIDEO,2026-10-01T07:01:40.000Z,2026-10-02T08:43:31.000Z,https://adstransparency.google.com/advertiser/AR02916784446164172801/creative/CR17859172799357124609?region=US
vrbo.com,Vrbo,AR02916784446164172801,CR02559156237551796225,VIDEO,2026-10-01T07:00:48.000Z,2026-10-02T08:43:29.000Z,https://adstransparency.google.com/advertiser/AR02916784446164172801/creative/CR02559156237551796225?region=US
vrbo.com,Vrbo,AR02916784446164172801,CR13134896790245474305,VIDEO,2026-10-01T07:01:22.000Z,2026-10-02T08:43:26.000Z,https://adstransparency.google.com/advertiser/AR02916784446164172801/creative/CR13134896790245474305?region=US
vrbo.com,Vrbo,AR02916784446164172801,CR16323741129411395585,VIDEO,2026-05-08T19:22:04.000Z,2026-10-02T08:43:24.000Z,https://adstransparency.google.com/advertiser/AR02916784446164172801/creative/CR16323741129411395585?region=US
vrbo.com,Vrbo,AR02916784446164172801,CR11692456281859162113,VIDEO,2026-10-01T07:00:42.000Z,2026-10-02T08:43:04.000Z,https://adstransparency.google.com/advertiser/AR02916784446164172801/creative/CR11692456281859162113?region=US
vrbo.com,Vrbo,AR02916784446164172801,CR05763207887681748993,VIDEO,2026-10-01T07:01:16.000Z,2026-10-02T08:42:32.000Z,https://adstransparency.google.com/advertiser/AR02916784446164172801/creative/CR05763207887681748993?region=US
vrbo.com,Vrbo,AR02916784446164172801,CR17433160422105546753,VIDEO,2026-10-01T07:01:05.000Z,2026-10-02T08:42:24.000Z,https://adstransparency.google.com/advertiser/AR02916784446164172801/creative/CR17433160422105546753?region=US
vrbo.com,Vrbo,AR02916784446164172801,CR01938525904137355265,VIDEO,2026-10-01T07:01:17.000Z,2026-10-02T08:42:16.000Z,https://adstransparency.google.com/advertiser/AR02916784446164172801/creative/CR01938525904137355265?region=US
vrbo.com,Vrbo,AR02916784446164172801,CR03670159960861310977,VIDEO,2026-10-01T07:01:13.000Z,2026-10-02T08:42:15.000Z,https://adstransparency.google.com/advertiser/AR02916784446164172801/creative/CR03670159960861310977?region=US
vrbo.com,Vrbo,AR02916784446164172801,CR13360780459055775745,VIDEO,2026-10-01T07:00:41.000Z,2026-10-02T08:42:13.000Z,https://adstransparency.google.com/advertiser/AR02916784446164172801/creative/CR13360780459055775745?region=US
vrbo.com,Vrbo,AR02916784446164172801,CR13418201354304749569,VIDEO,2026-10-01T07:01:05.000Z,2026-10-02T08:42:10.000Z,https://adstransparency.google.com/advertiser/AR02916784446164172801/creative/CR13418201354304749569?region=US
vrbo.com,Vrbo,AR02916784446164172801,CR08797508136622620673,VIDEO,2026-10-01T07:00:48.000Z,2026-10-02T08:42:07.000Z,https://adstransparency.google.com/advertiser/AR02916784446164172801/creative/CR08797508136622620673?region=US
vrbo.com,Vrbo,AR02916784446164172801,CR11611058027305631745,VIDEO,2026-02-23T11:12:34.000Z,2026-10-02T08:41:40.000Z,https://adstransparency.google.com/advertiser/AR02916784446164172801/creative/CR11611058027305631745?region=US
vrbo.com,Vrbo,AR02916784446164172801,CR15829733999615410177,TEXT,2024-11-28T12:33:07.000Z,2026-10-02T08:40:39.000Z,https://adstransparency.google.com/advertiser/AR02916784446164172801/creative/CR15829733999615410177?region=US
vrbo.com,Vrbo,AR02916784446164172801,CR10964865457294671873,VIDEO,2026-10-01T07:00:51.000Z,2026-10-02T08:40:14.000Z,https://adstransparency.google.com/advertiser/AR02916784446164172801/creative/CR10964865457294671873?region=US
vrbo.com,Vrbo,AR02916784446164172801,CR05227279532024659969,VIDEO,2026-10-01T07:01:34.000Z,2026-10-02T08:39:49.000Z,https://adstransparency.google.com/advertiser/AR02916784446164172801/creative/CR05227279532024659969?region=US
vrbo.com,Vrbo,AR02916784446164172801,CR03754861938618662913,VIDEO,2026-10-01T07:00:43.000Z,2026-10-02T08:39:46.000Z,https://adstransparency.google.com/advertiser/AR02916784446164172801/creative/CR03754861938618662913?region=US
vrbo.com,"Homeaway.Com, Inc",AR02034812645642600449,CR11269856110095368193,TEXT,2025-07-19T23:38:51.000Z,2026-10-02T08:39:06.000Z,https://adstransparency.google.com/advertiser/AR02034812645642600449/creative/CR11269856110095368193?region=US
vrbo.com,Vrbo,AR02916784446164172801,CR08812636617756901377,TEXT,2022-08-25T18:46:47.000Z,2026-10-02T08:39:05.000Z,https://adstransparency.google.com/advertiser/AR02916784446164172801/creative/CR08812636617756901377?region=US
vrbo.com,Vrbo,AR02916784446164172801,CR05390700185779175425,TEXT,2026-02-05T15:54:27.000Z,2026-10-02T08:38:59.000Z,https://adstransparency.google.com/advertiser/AR02916784446164172801/creative/CR05390700185779175425?region=US
vrbo.com,Vrbo,AR02916784446164172801,CR06438136056645681153,VIDEO,2026-03-24T11:06:37.000Z,2026-10-02T08:38:34.000Z,https://adstransparency.google.com/advertiser/AR02916784446164172801/creative/CR06438136056645681153?region=US
vrbo.com,Vrbo,AR02916784446164172801,CR08146737990467584001,VIDEO,2026-10-01T07:04:08.000Z,2026-10-02T08:38:29.000Z,https://adstransparency.google.com/advertiser/AR02916784446164172801/creative/CR08146737990467584001?region=US
vrbo.com,Vrbo,AR02916784446164172801,CR14305669965640892417,VIDEO,2026-10-01T07:00:39.000Z,2026-10-02T08:38:29.000Z,https://adstransparency.google.com/advertiser/AR02916784446164172801/creative/CR14305669965640892417?region=US
vrbo.com,Vrbo,AR02916784446164172801,CR14602344591093923841,VIDEO,2026-10-01T07:00:46.000Z,2026-10-02T08:37:53.000Z,https://adstransparency.google.com/advertiser/AR02916784446164172801/creative/CR14602344591093923841?region=US
vrbo.com,Vrbo,AR02916784446164172801,CR13233109566884937729,VIDEO,2026-10-01T07:00:43.000Z,2026-10-02T08:36:50.000Z,https://adstransparency.google.com/advertiser/AR02916784446164172801/creative/CR13233109566884937729?region=US
vrbo.com,Vrbo,AR02916784446164172801,CR10140403260276604929,VIDEO,2026-10-01T07:00:41.000Z,2026-10-02T08:36:49.000Z,https://adstransparency.google.com/advertiser/AR02916784446164172801/creative/CR10140403260276604929?region=US
vrbo.com,Vrbo,AR02916784446164172801,CR14658943051645321217,VIDEO,2026-10-01T07:00:50.000Z,2026-10-02T08:36:26.000Z,https://adstransparency.google.com/advertiser/AR02916784446164172801/creative/CR14658943051645321217?region=US
vrbo.com,Vrbo,AR02916784446164172801,CR08033566710319546369,TEXT,2024-11-28T21:23:26.000Z,2026-10-02T08:36:14.000Z,https://adstransparency.google.com/advertiser/AR02916784446164172801/creative/CR08033566710319546369?region=US
vrbo.com,Vrbo,AR02916784446164172801,CR02322882278348292097,TEXT,2021-12-18T22:57:01.000Z,2026-10-02T08:36:04.000Z,https://adstransparency.google.com/advertiser/AR02916784446164172801/creative/CR02322882278348292097?region=US
vrbo.com,Vrbo,AR02916784446164172801,CR02612236260894310401,VIDEO,2026-10-01T07:05:30.000Z,2026-10-02T08:35:57.000Z,https://adstransparency.google.com/advertiser/AR02916784446164172801/creative/CR02612236260894310401?region=US
vrbo.com,Vrbo,AR02916784446164172801,CR09170181005787529217,VIDEO,2026-10-01T07:01:00.000Z,2026-10-02T08:35:36.000Z,https://adstransparency.google.com/advertiser/AR02916784446164172801/creative/CR09170181005787529217?region=US
vrbo.com,Vrbo,AR02916784446164172801,CR12977001732176347137,TEXT,2024-12-02T08:00:00.000Z,2026-10-02T08:35:32.000Z,https://adstransparency.google.com/advertiser/AR02916784446164172801/creative/CR12977001732176347137?region=US
vrbo.com,Vrbo,AR02916784446164172801,CR05557892258906243073,TEXT,2022-08-25T14:15:34.000Z,2026-10-02T08:35:32.000Z,https://adstransparency.google.com/advertiser/AR02916784446164172801/creative/CR05557892258906243073?region=US
vrbo.com,Vrbo,AR02916784446164172801,CR10832288758989062145,TEXT,2024-11-29T11:07:31.000Z,2026-10-02T08:35:28.000Z,https://adstransparency.google.com/advertiser/AR02916784446164172801/creative/CR10832288758989062145?region=US
vrbo.com,Vrbo,AR02916784446164172801,CR16255165654338895873,VIDEO,2026-10-01T07:00:40.000Z,2026-10-02T08:34:08.000Z,https://adstransparency.google.com/advertiser/AR02916784446164172801/creative/CR16255165654338895873?region=US
vrbo.com,Vrbo,AR02916784446164172801,CR11187793638849511425,VIDEO,2026-10-01T07:00:39.000Z,2026-10-02T08:33:55.000Z,https://adstransparency.google.com/advertiser/AR02916784446164172801/creative/CR11187793638849511425?region=US
vrbo.com,Vrbo,AR02916784446164172801,CR10070900931261628417,VIDEO,2026-10-01T07:01:30.000Z,2026-10-02T08:33:19.000Z,https://adstransparency.google.com/advertiser/AR02916784446164172801/creative/CR10070900931261628417?region=US
vrbo.com,Vrbo,AR02916784446164172801,CR02663042494190583809,VIDEO,2026-10-01T07:01:01.000Z,2026-10-02T08:31:58.000Z,https://adstransparency.google.com/advertiser/AR02916784446164172801/creative/CR02663042494190583809?region=US
vrbo.com,Vrbo,AR02916784446164172801,CR00522737806716436481,TEXT,2024-11-11T17:17:58.000Z,2026-10-02T08:31:50.000Z,https://adstransparency.google.com/advertiser/AR02916784446164172801/creative/CR00522737806716436481?region=US
vrbo.com,Vrbo,AR02916784446164172801,CR17700573297931976705,TEXT,2024-11-29T19:31:34.000Z,2026-10-02T08:30:45.000Z,https://adstransparency.google.com/advertiser/AR02916784446164172801/creative/CR17700573297931976705?region=US
vrbo.com,Vrbo,AR02916784446164172801,CR15741280548313628673,TEXT,2024-12-01T19:47:11.000Z,2026-10-02T08:30:32.000Z,https://adstransparency.google.com/advertiser/AR02916784446164172801/creative/CR15741280548313628673?region=US
vrbo.com,Vrbo,AR02916784446164172801,CR02604620588093800449,TEXT,2021-10-25T07:00:00.000Z,2026-10-02T08:30:10.000Z,https://adstransparency.google.com/advertiser/AR02916784446164172801/creative/CR02604620588093800449?region=US
vrbo.com,Vrbo,AR02916784446164172801,CR00319315640043175937,VIDEO,2026-03-24T11:08:08.000Z,2026-10-02T08:30:00.000Z,https://adstransparency.google.com/advertiser/AR02916784446164172801/creative/CR00319315640043175937?region=US
vrbo.com,Vrbo,AR02916784446164172801,CR15083934841588154369,IMAGE,2026-07-02T12:30:00.000Z,2026-10-02T08:30:00.000Z,https://adstransparency.google.com/advertiser/AR02916784446164172801/creative/CR15083934841588154369?region=US
vrbo.com,Vrbo,AR02916784446164172801,CR16445175385471057921,IMAGE,2026-05-07T16:00:00.000Z,2026-10-02T08:30:00.000Z,https://adstransparency.google.com/advertiser/AR02916784446164172801/creative/CR16445175385471057921?region=US
vrbo.com,Vrbo,AR02916784446164172801,CR08835928062194352129,VIDEO,2026-02-23T11:15:53.000Z,2026-10-02T08:27:39.000Z,https://adstransparency.google.com/advertiser/AR02916784446164172801/creative/CR08835928062194352129?region=US
vrbo.com,Vrbo,AR02916784446164172801,CR08543402830415790081,VIDEO,2025-09-10T17:01:42.000Z,2026-10-02T08:27:37.000Z,https://adstransparency.google.com/advertiser/AR02916784446164172801/creative/CR08543402830415790081?region=US
vrbo.com,Vrbo,AR02916784446164172801,CR17851432237497581569,VIDEO,2026-10-01T07:02:13.000Z,2026-10-02T08:26:59.000Z,https://adstransparency.google.com/advertiser/AR02916784446164172801/creative/CR17851432237497581569?region=US
vrbo.com,Vrbo,AR02916784446164172801,CR09862971900785852417,TEXT,2022-08-25T19:16:41.000Z,2026-10-02T08:26:49.000Z,https://adstransparency.google.com/advertiser/AR02916784446164172801/creative/CR09862971900785852417?region=US
vrbo.com,Vrbo,AR02916784446164172801,CR15477922954838278145,TEXT,2024-11-28T13:51:27.000Z,2026-10-02T08:26:01.000Z,https://adstransparency.google.com/advertiser/AR02916784446164172801/creative/CR15477922954838278145?region=US
vrbo.com,Vrbo,AR02916784446164172801,CR02509920106859986945,VIDEO,2026-10-01T07:04:26.000Z,2026-10-02T08:25:02.000Z,https://adstransparency.google.com/advertiser/AR02916784446164172801/creative/CR02509920106859986945?region=US
vrbo.com,Vrbo,AR02916784446164172801,CR11872903732163248129,VIDEO,2026-10-01T07:00:49.000Z,2026-10-02T08:25:00.000Z,https://adstransparency.google.com/advertiser/AR02916784446164172801/creative/CR11872903732163248129?region=US
vrbo.com,Vrbo,AR02916784446164172801,CR10904614994641420289,TEXT,2022-08-25T11:50:05.000Z,2026-10-02T08:24:57.000Z,https://adstransparency.google.com/advertiser/AR02916784446164172801/creative/CR10904614994641420289?region=US
vrbo.com,Vrbo,AR02916784446164172801,CR06137858391717969921,TEXT,2022-08-25T18:40:21.000Z,2026-10-02T08:24:48.000Z,https://adstransparency.google.com/advertiser/AR02916784446164172801/creative/CR06137858391717969921?region=US
vrbo.com,Vrbo,AR02916784446164172801,CR05141693349350080513,VIDEO,2025-09-10T11:10:55.000Z,2026-10-02T08:24:05.000Z,https://adstransparency.google.com/advertiser/AR02916784446164172801/creative/CR05141693349350080513?region=US
vrbo.com,Vrbo,AR02916784446164172801,CR04419446348865077249,VIDEO,2026-10-01T07:00:48.000Z,2026-10-02T08:22:32.000Z,https://adstransparency.google.com/advertiser/AR02916784446164172801/creative/CR04419446348865077249?region=US
vrbo.com,Vrbo,AR02916784446164172801,CR07542756367631646721,TEXT,2024-11-29T14:02:14.000Z,2026-10-02T08:21:12.000Z,https://adstransparency.google.com/advertiser/AR02916784446164172801/creative/CR07542756367631646721?region=US
vrbo.com,Vrbo,AR02916784446164172801,CR07314929655616634881,TEXT,2024-11-11T17:57:07.000Z,2026-10-02T08:20:30.000Z,https://adstransparency.google.com/advertiser/AR02916784446164172801/creative/CR07314929655616634881?region=US
vrbo.com,Vrbo,AR02916784446164172801,CR01206476869159878657,TEXT,2024-12-11T03:18:13.000Z,2026-10-02T08:20:16.000Z,https://adstransparency.google.com/advertiser/AR02916784446164172801/creative/CR01206476869159878657?region=US
vrbo.com,Vrbo,AR02916784446164172801,CR06238233546952015873,VIDEO,2025-09-10T11:15:14.000Z,2026-10-02T08:20:13.000Z,https://adstransparency.google.com/advertiser/AR02916784446164172801/creative/CR06238233546952015873?region=US
vrbo.com,Vrbo,AR02916784446164172801,CR10818124180185153537,TEXT,2021-10-25T07:00:00.000Z,2026-10-02T08:20:08.000Z,https://adstransparency.google.com/advertiser/AR02916784446164172801/creative/CR10818124180185153537?region=US
vrbo.com,Vrbo,AR02916784446164172801,CR11913436128809582593,VIDEO,2026-10-01T07:00:43.000Z,2026-10-02T08:19:27.000Z,https://adstransparency.google.com/advertiser/AR02916784446164172801/creative/CR11913436128809582593?region=US
vrbo.com,Vrbo,AR02916784446164172801,CR18027072622965030913,VIDEO,2026-10-01T07:01:16.000Z,2026-10-02T08:18:38.000Z,https://adstransparency.google.com/advertiser/AR02916784446164172801/creative/CR18027072622965030913?region=US
vrbo.com,Vrbo,AR02916784446164172801,CR10087372001992769537,TEXT,2024-11-11T23:25:23.000Z,2026-10-02T08:17:43.000Z,https://adstransparency.google.com/advertiser/AR02916784446164172801/creative/CR10087372001992769537?region=US
vrbo.com,Vrbo,AR02916784446164172801,CR18058942611741212673,TEXT,2021-12-18T05:00:50.000Z,2026-10-02T08:17:41.000Z,https://adstransparency.google.com/advertiser/AR02916784446164172801/creative/CR18058942611741212673?region=US
vrbo.com,Vrbo,AR02916784446164172801,CR04123910018594504705,TEXT,2022-08-25T14:55:12.000Z,2026-10-02T08:17:21.000Z,https://adstransparency.google.com/advertiser/AR02916784446164172801/creative/CR04123910018594504705?region=US
vrbo.com,Vrbo,AR02916784446164172801,CR05771842515703431169,TEXT,2021-10-29T07:00:00.000Z,2026-10-02T08:16:21.000Z,https://adstransparency.google.com/advertiser/AR02916784446164172801/creative/CR05771842515703431169?region=US
vrbo.com,Vrbo,AR02916784446164172801,CR04619128750074757121,TEXT,2021-12-18T23:41:18.000Z,2026-10-02T08:15:41.000Z,https://adstransparency.google.com/advertiser/AR02916784446164172801/creative/CR04619128750074757121?region=US
vrbo.com,Vrbo,AR02916784446164172801,CR09386080662341025793,TEXT,2024-11-30T00:35:15.000Z,2026-10-02T08:12:24.000Z,https://adstransparency.google.com/advertiser/AR02916784446164172801/creative/CR09386080662341025793?region=US
vrbo.com,Vrbo,AR02916784446164172801,CR00103241839745695745,TEXT,2022-08-26T17:41:52.000Z,2026-10-02T08:11:22.000Z,https://adstransparency.google.com/advertiser/AR02916784446164172801/creative/CR00103241839745695745?region=US
vrbo.com,Vrbo,AR02916784446164172801,CR06446986575493464065,TEXT,2026-02-05T16:12:34.000Z,2026-10-02T08:09:51.000Z,https://adstransparency.google.com/advertiser/AR02916784446164172801/creative/CR06446986575493464065?region=US
vrbo.com,Vrbo,AR02916784446164172801,CR00272625574554370049,TEXT,2023-10-21T14:06:15.000Z,2026-10-02T08:08:13.000Z,https://adstransparency.google.com/advertiser/AR02916784446164172801/creative/CR00272625574554370049?region=US
vrbo.com,Vrbo,AR02916784446164172801,CR04519333166317568001,TEXT,2024-11-28T23:27:13.000Z,2026-10-02T08:06:44.000Z,https://adstransparency.google.com/advertiser/AR02916784446164172801/creative/CR04519333166317568001?region=US
vrbo.com,Vrbo,AR02916784446164172801,CR09454169869806206977,TEXT,2021-12-16T22:41:14.000Z,2026-10-02T08:06:05.000Z,https://adstransparency.google.com/advertiser/AR02916784446164172801/creative/CR09454169869806206977?region=US
vrbo.com,Vrbo,AR02916784446164172801,CR05957570971895332865,TEXT,2025-05-28T13:56:09.000Z,2026-10-02T08:05:08.000Z,https://adstransparency.google.com/advertiser/AR02916784446164172801/creative/CR05957570971895332865?region=US
vrbo.com,Vrbo,AR02916784446164172801,CR01456073696656490497,TEXT,2022-08-25T13:21:46.000Z,2026-10-02T08:04:51.000Z,https://adstransparency.google.com/advertiser/AR02916784446164172801/creative/CR01456073696656490497?region=US
vrbo.com,Vrbo,AR02916784446164172801,CR12642657838355709953,TEXT,2024-11-28T16:02:48.000Z,2026-10-02T08:04:42.000Z,https://adstransparency.google.com/advertiser/AR02916784446164172801/creative/CR12642657838355709953?region=US
vrbo.com,Vrbo,AR02916784446164172801,CR07906707481068306433,TEXT,2022-08-25T11:46:45.000Z,2026-10-02T08:04:12.000Z,https://adstransparency.google.com/advertiser/AR02916784446164172801/creative/CR07906707481068306433?region=US
vrbo.com,Vrbo,AR02916784446164172801,CR07492946558158110721,TEXT,2024-12-03T07:12:34.000Z,2026-10-02T08:03:40.000Z,https://adstransparency.google.com/advertiser/AR02916784446164172801/creative/CR07492946558158110721?region=US
vrbo.com,Vrbo,AR02916784446164172801,CR11243535176115945473,TEXT,2024-11-30T23:58:28.000Z,2026-10-02T08:01:19.000Z,https://adstransparency.google.com/advertiser/AR02916784446164172801/creative/CR11243535176115945473?region=US
vrbo.com,Vrbo,AR02916784446164172801,CR07416543084281856001,TEXT,2024-11-28T17:32:29.000Z,2026-10-02T08:00:35.000Z,https://adstransparency.google.com/advertiser/AR02916784446164172801/creative/CR07416543084281856001?region=US
vrbo.com,Vrbo,AR02916784446164172801,CR16932492614077251585,IMAGE,2026-06-09T18:30:00.000Z,2026-10-02T08:00:00.000Z,https://adstransparency.google.com/advertiser/AR02916784446164172801/creative/CR16932492614077251585?region=US
vrbo.com,Vrbo,AR02916784446164172801,CR16172715476395229185,VIDEO,2026-10-01T07:00:40.000Z,2026-10-02T07:59:57.000Z,https://adstransparency.google.com/advertiser/AR02916784446164172801/creative/CR16172715476395229185?region=US
vrbo.com,Vrbo,AR02916784446164172801,CR15825938305087700993,VIDEO,2026-10-01T07:00:40.000Z,2026-10-02T07:59:29.000Z,https://adstransparency.google.com/advertiser/AR02916784446164172801/creative/CR15825938305087700993?region=US
vrbo.com,Vrbo,AR02916784446164172801,CR17584957511377616897,TEXT,2022-08-25T15:14:52.000Z,2026-10-02T07:59:16.000Z,https://adstransparency.google.com/advertiser/AR02916784446164172801/creative/CR17584957511377616897?region=US
vrbo.com,Vrbo,AR02916784446164172801,CR10618585686149693441,TEXT,2024-11-28T16:46:38.000Z,2026-10-02T07:58:39.000Z,https://adstransparency.google.com/advertiser/AR02916784446164172801/creative/CR10618585686149693441?region=US
vrbo.com,Vrbo,AR02916784446164172801,CR16869943381847965697,TEXT,2021-12-02T17:55:46.000Z,2026-10-02T07:58:21.000Z,https://adstransparency.google.com/advertiser/AR02916784446164172801/creative/CR16869943381847965697?region=US
vrbo.com,Vrbo,AR02916784446164172801,CR02924464105387458561,TEXT,2024-11-29T18:03:24.000Z,2026-10-02T07:58:16.000Z,https://adstransparency.google.com/advertiser/AR02916784446164172801/creative/CR02924464105387458561?region=US
vrbo.com,Vrbo,AR02916784446164172801,CR14687976111443279873,TEXT,2024-11-28T13:41:24.000Z,2026-10-02T07:57:39.000Z,https://adstransparency.google.com/advertiser/AR02916784446164172801/creative/CR14687976111443279873?region=US
vrbo.com,Vrbo,AR02916784446164172801,CR12644949967912304641,TEXT,2021-10-25T07:00:00.000Z,2026-10-02T07:57:19.000Z,https://adstransparency.google.com/advertiser/AR02916784446164172801/creative/CR12644949967912304641?region=US
vrbo.com,Vrbo,AR02916784446164172801,CR03800925780695842817,TEXT,2025-02-06T15:02:19.000Z,2026-10-02T07:56:57.000Z,https://adstransparency.google.com/advertiser/AR02916784446164172801/creative/CR03800925780695842817?region=US
vrbo.com,Vrbo,AR02916784446164172801,CR16472204851615367169,VIDEO,2026-10-01T07:01:23.000Z,2026-10-02T07:56:50.000Z,https://adstransparency.google.com/advertiser/AR02916784446164172801/creative/CR16472204851615367169?region=US
vrbo.com,Vrbo,AR02916784446164172801,CR09145062482262360065,TEXT,2021-12-17T03:25:45.000Z,2026-10-02T07:56:27.000Z,https://adstransparency.google.com/advertiser/AR02916784446164172801/creative/CR09145062482262360065?region=US
vrbo.com,Vrbo,AR02916784446164172801,CR04049821678119682049,TEXT,2024-11-28T14:45:43.000Z,2026-10-02T07:54:30.000Z,https://adstransparency.google.com/advertiser/AR02916784446164172801/creative/CR04049821678119682049?region=US
vrbo.com,Vrbo,AR02916784446164172801,CR05011974376254341121,TEXT,2024-11-28T14:40:53.000Z,2026-10-02T07:54:27.000Z,https://adstransparency.google.com/advertiser/AR02916784446164172801/creative/CR05011974376254341121?region=US
vrbo.com,Vrbo,AR02916784446164172801,CR00140032495243493377,TEXT,2022-08-25T13:45:36.000Z,2026-10-02T07:52:00.000Z,https://adstransparency.google.com/advertiser/AR02916784446164172801/creative/CR00140032495243493377?region=US
vrbo.com,Vrbo,AR02916784446164172801,CR03808442454500179969,TEXT,2024-11-28T15:59:18.000Z,2026-10-02T07:50:58.000Z,https://adstransparency.google.com/advertiser/AR02916784446164172801/creative/CR03808442454500179969?region=US
vrbo.com,Vrbo,AR02916784446164172801,CR17481318790883966977,TEXT,2026-06-01T17:41:44.000Z,2026-10-02T07:50:04.000Z,https://adstransparency.google.com/advertiser/AR02916784446164172801/creative/CR17481318790883966977?region=US
vrbo.com,Vrbo,AR02916784446164172801,CR12518232008725364737,TEXT,2022-08-25T14:20:08.000Z,2026-10-02T07:49:54.000Z,https://adstransparency.google.com/advertiser/AR02916784446164172801/creative/CR12518232008725364737?region=US
vrbo.com,Vrbo,AR02916784446164172801,CR11041116073284861953,TEXT,2024-12-03T15:01:16.000Z,2026-10-02T07:47:44.000Z,https://adstransparency.google.com/advertiser/AR02916784446164172801/creative/CR11041116073284861953?region=US
vrbo.com,Vrbo,AR02916784446164172801,CR13642253863808401409,TEXT,2024-12-01T23:08:13.000Z,2026-10-02T07:46:19.000Z,https://adstransparency.google.com/advertiser/AR02916784446164172801/creative/CR13642253863808401409?region=US
vrbo.com,Vrbo,AR02916784446164172801,CR05074808914571165697,TEXT,2024-12-02T16:26:11.000Z,2026-10-02T07:45:52.000Z,https://adstransparency.google.com/advertiser/AR02916784446164172801/creative/CR05074808914571165697?region=US
vrbo.com,Vrbo,AR02916784446164172801,CR11531643042620506113,TEXT,2021-10-25T07:00:00.000Z,2026-10-02T07:45:35.000Z,https://adstransparency.google.com/advertiser/AR02916784446164172801/creative/CR11531643042620506113?region=US
vrbo.com,ELK TRACK UNIT 9 LLC,AR10987452595815055361,CR12247431348595195905,IMAGE,2025-08-16T07:00:00.000Z,2026-10-02T07:44:27.000Z,https://adstransparency.google.com/advertiser/AR10987452595815055361/creative/CR12247431348595195905?region=US
vrbo.com,Vrbo,AR02916784446164172801,CR00321071207925415937,TEXT,2022-08-25T13:41:00.000Z,2026-10-02T07:43:48.000Z,https://adstransparency.google.com/advertiser/AR02916784446164172801/creative/CR00321071207925415937?region=US
vrbo.com,Vrbo,AR02916784446164172801,CR11553666956309561345,TEXT,2024-12-02T20:37:29.000Z,2026-10-02T07:43:34.000Z,https://adstransparency.google.com/advertiser/AR02916784446164172801/creative/CR11553666956309561345?region=US
vrbo.com,Vrbo,AR02916784446164172801,CR06583560496782245889,TEXT,2025-02-06T00:02:17.000Z,2026-10-02T07:42:58.000Z,https://adstransparency.google.com/advertiser/AR02916784446164172801/creative/CR06583560496782245889?region=US
vrbo.com,Vrbo,AR02916784446164172801,CR11142588944850354177,VIDEO,2025-09-10T20:12:18.000Z,2026-10-02T07:40:43.000Z,https://adstransparency.google.com/advertiser/AR02916784446164172801/creative/CR11142588944850354177?region=US
vrbo.com,Vrbo,AR02916784446164172801,CR09450413233711087617,TEXT,2024-11-11T17:20:45.000Z,2026-10-02T07:39:27.000Z,https://adstransparency.google.com/advertiser/AR02916784446164172801/creative/CR09450413233711087617?region=US
vrbo.com,Vrbo,AR02916784446164172801,CR16375805745175724033,TEXT,2022-08-25T16:31:11.000Z,2026-10-02T07:39:26.000Z,https://adstransparency.google.com/advertiser/AR02916784446164172801/creative/CR16375805745175724033?region=US
vrbo.com,Vrbo,AR02916784446164172801,CR08028777984993263617,VIDEO,2026-10-01T07:00:47.000Z,2026-10-02T07:38:39.000Z,https://adstransparency.google.com/advertiser/AR02916784446164172801/creative/CR08028777984993263617?region=US
vrbo.com,Vrbo,AR02916784446164172801,CR11107573270486974465,VIDEO,2026-10-01T07:01:16.000Z,2026-10-02T07:37:37.000Z,https://adstransparency.google.com/advertiser/AR02916784446164172801/creative/CR11107573270486974465?region=US
vrbo.com,Vrbo,AR02916784446164172801,CR06472066908169437185,TEXT,2022-08-25T10:05:26.000Z,2026-10-02T07:35:55.000Z,https://adstransparency.google.com/advertiser/AR02916784446164172801/creative/CR06472066908169437185?region=US
vrbo.com,Vrbo,AR02916784446164172801,CR03945364345449349121,TEXT,2023-03-05T01:40:59.000Z,2026-10-02T07:34:09.000Z,https://adstransparency.google.com/advertiser/AR02916784446164172801/creative/CR03945364345449349121?region=US
vrbo.com,Click Tech Limited,AR11133654742859776001,CR03984249647907471361,TEXT,2026-09-09T11:58:02.000Z,2026-10-02T07:33:38.000Z,https://adstransparency.google.com/advertiser/AR11133654742859776001/creative/CR03984249647907471361?region=US
vrbo.com,Vrbo,AR02916784446164172801,CR17067873926027149313,TEXT,2022-08-25T21:11:42.000Z,2026-10-02T07:33:03.000Z,https://adstransparency.google.com/advertiser/AR02916784446164172801/creative/CR17067873926027149313?region=US
vrbo.com,Vrbo,AR02916784446164172801,CR00062614283803951105,TEXT,2022-08-25T16:25:16.000Z,2026-10-02T07:32:54.000Z,https://adstransparency.google.com/advertiser/AR02916784446164172801/creative/CR00062614283803951105?region=US
vrbo.com,Vrbo,AR02916784446164172801,CR08501527930071941121,TEXT,2024-11-29T16:19:04.000Z,2026-10-02T07:31:59.000Z,https://adstransparency.google.com/advertiser/AR02916784446164172801/creative/CR08501527930071941121?region=US
vrbo.com,Vrbo,AR02916784446164172801,CR02414275548864839681,IMAGE,2026-07-01T22:00:00.000Z,2026-10-02T07:30:00.000Z,https://adstransparency.google.com/advertiser/AR02916784446164172801/creative/CR02414275548864839681?region=US
vrbo.com,Vrbo,AR02916784446164172801,CR17879085032245559297,TEXT,2024-11-29T15:57:11.000Z,2026-10-02T07:29:08.000Z,https://adstransparency.google.com/advertiser/AR02916784446164172801/creative/CR17879085032245559297?region=US
vrbo.com,Vrbo,AR02916784446164172801,CR11624995445289254913,TEXT,2024-11-28T15:53:41.000Z,2026-10-02T07:26:39.000Z,https://adstransparency.google.com/advertiser/AR02916784446164172801/creative/CR11624995445289254913?region=US
vrbo.com,Vrbo,AR02916784446164172801,CR09165733653051867137,TEXT,2024-11-29T15:49:44.000Z,2026-10-02T07:25:46.000Z,https://adstransparency.google.com/advertiser/AR02916784446164172801/creative/CR09165733653051867137?region=US
vrbo.com,Vrbo,AR02916784446164172801,CR13286370502839894017,TEXT,2024-11-28T16:17:33.000Z,2026-10-02T07:25:33.000Z,https://adstransparency.google.com/advertiser/AR02916784446164172801/creative/CR13286370502839894017?region=US
vrbo.com,Vrbo,AR02916784446164172801,CR07354347207601946625,TEXT,2024-11-29T18:38:07.000Z,2026-10-02T07:20:52.000Z,https://adstransparency.google.com/advertiser/AR02916784446164172801/creative/CR07354347207601946625?region=US
vrbo.com,Vrbo,AR02916784446164172801,CR08594589821152788481,TEXT,2022-10-13T15:53:55.000Z,2026-10-02T07:19:42.000Z,https://adstransparency.google.com/advertiser/AR02916784446164172801/creative/CR08594589821152788481?region=US
vrbo.com,Vrbo,AR02916784446164172801,CR06886261820345024513,TEXT,2024-11-28T12:24:49.000Z,2026-10-02T07:19:12.000Z,https://adstransparency.google.com/advertiser/AR02916784446164172801/creative/CR06886261820345024513?region=US
vrbo.com,Vrbo,AR02916784446164172801,CR04799134059265523713,TEXT,2021-10-25T07:00:00.000Z,2026-10-02T07:18:29.000Z,https://adstransparency.google.com/advertiser/AR02916784446164172801/creative/CR04799134059265523713?region=US
vrbo.com,Vrbo,AR02916784446164172801,CR01332118999168712705,TEXT,2022-08-25T21:03:16.000Z,2026-10-02T07:18:13.000Z,https://adstransparency.google.com/advertiser/AR02916784446164172801/creative/CR01332118999168712705?region=US
vrbo.com,Vrbo,AR02916784446164172801,CR17418913886735695873,TEXT,2024-11-28T12:27:12.000Z,2026-10-02T07:18:10.000Z,https://adstransparency.google.com/advertiser/AR02916784446164172801/creative/CR17418913886735695873?region=US
vrbo.com,Vrbo,AR02916784446164172801,CR06131029462436806657,TEXT,2022-10-22T15:34:00.000Z,2026-10-02T07:17:55.000Z,https://adstransparency.google.com/advertiser/AR02916784446164172801/creative/CR06131029462436806657?region=US
vrbo.com,Vrbo,AR02916784446164172801,CR18357273806080311297,TEXT,2024-11-11T17:18:01.000Z,2026-10-02T07:17:35.000Z,https://adstransparency.google.com/advertiser/AR02916784446164172801/creative/CR18357273806080311297?region=US
vrbo.com,Vrbo,AR02916784446164172801,CR04274213825047166977,TEXT,2024-11-28T23:09:14.000Z,2026-10-02T07:15:56.000Z,https://adstransparency.google.com/advertiser/AR02916784446164172801/creative/CR04274213825047166977?region=US
vrbo.com,Vrbo,AR02916784446164172801,CR08453242249872932865,VIDEO,2026-10-01T07:00:43.000Z,2026-10-02T07:14:57.000Z,https://adstransparency.google.com/advertiser/AR02916784446164172801/creative/CR08453242249872932865?region=US
vrbo.com,Vrbo,AR02916784446164172801,CR15334735634317180929,TEXT,2022-08-25T13:02:48.000Z,2026-10-02T07:14:38.000Z,https://adstransparency.google.com/advertiser/AR02916784446164172801/creative/CR15334735634317180929?region=US
vrbo.com,Vrbo,AR02916784446164172801,CR11166924040570929153,TEXT,2021-10-25T07:00:00.000Z,2026-10-02T07:14:21.000Z,https://adstransparency.google.com/advertiser/AR02916784446164172801/creative/CR11166924040570929153?region=US
vrbo.com,Vrbo,AR02916784446164172801,CR15769413108088438785,TEXT,2024-11-29T03:34:56.000Z,2026-10-02T07:13:58.000Z,https://adstransparency.google.com/advertiser/AR02916784446164172801/creative/CR15769413108088438785?region=US
vrbo.com,Vrbo,AR02916784446164172801,CR16774499871271944193,TEXT,2024-12-06T17:18:57.000Z,2026-10-02T07:13:49.000Z,https://adstransparency.google.com/advertiser/AR02916784446164172801/creative/CR16774499871271944193?region=US
vrbo.com,Vrbo,AR02916784446164172801,CR15992963845152833537,TEXT,2024-12-04T01:28:49.000Z,2026-10-02T07:13:36.000Z,https://adstransparency.google.com/advertiser/AR02916784446164172801/creative/CR15992963845152833537?region=US
vrbo.com,Vrbo,AR02916784446164172801,CR04793760539782152193,TEXT,2022-08-25T15:52:15.000Z,2026-10-02T07:13:36.000Z,https://adstransparency.google.com/advertiser/AR02916784446164172801/creative/CR04793760539782152193?region=US
vrbo.com,Vrbo,AR02916784446164172801,CR00779490144217464833,TEXT,2022-07-07T18:18:40.000Z,2026-10-02T07:13:27.000Z,https://adstransparency.google.com/advertiser/AR02916784446164172801/creative/CR00779490144217464833?region=US
vrbo.com,Vrbo,AR02916784446164172801,CR13140917277832511489,TEXT,2024-11-28T14:21:39.000Z,2026-10-02T07:13:27.000Z,https://adstransparency.google.com/advertiser/AR02916784446164172801/creative/CR13140917277832511489?region=US
vrbo.com,Vrbo,AR02916784446164172801,CR06020951855822012417,TEXT,2022-08-25T22:09:52.000Z,2026-10-02T07:12:20.000Z,https://adstransparency.google.com/advertiser/AR02916784446164172801/creative/CR06020951855822012417?region=US
vrbo.com,Vrbo,AR02916784446164172801,CR04405144975352791041,TEXT,2022-08-25T20:38:25.000Z,2026-10-02T07:12:02.000Z,https://adstransparency.google.com/advertiser/AR02916784446164172801/creative/CR04405144975352791041?region=US
vrbo.com,Vrbo,AR02916784446164172801,CR03206241679723986945,VIDEO,2026-07-10T23:04:01.000Z,2026-10-02T07:11:59.000Z,https://adstransparency.google.com/advertiser/AR02916784446164172801/creative/CR03206241679723986945?region=US
vrbo.com,Vrbo,AR02916784446164172801,CR10549785635827220481,TEXT,2024-11-30T17:06:38.000Z,2026-10-02T07:11:19.000Z,https://adstransparency.google.com/advertiser/AR02916784446164172801/creative/CR10549785635827220481?region=US
vrbo.com,Vrbo,AR02916784446164172801,CR12496693546599841793,TEXT,2024-12-06T03:59:24.000Z,2026-10-02T07:11:17.000Z,https://adstransparency.google.com/advertiser/AR02916784446164172801/creative/CR12496693546599841793?region=US
vrbo.com,Vrbo,AR02916784446164172801,CR00000567674417446913,VIDEO,2025-05-22T10:06:32.000Z,2026-10-02T07:09:56.000Z,https://adstransparency.google.com/advertiser/AR02916784446164172801/creative/CR00000567674417446913?region=US
vrbo.com,Vrbo,AR02916784446164172801,CR06836196365828096001,TEXT,2021-12-17T02:25:44.000Z,2026-10-02T07:09:40.000Z,https://adstransparency.google.com/advertiser/AR02916784446164172801/creative/CR06836196365828096001?region=US
vrbo.com,Vrbo,AR02916784446164172801,CR04771571544730107905,VIDEO,2026-10-01T07:02:18.000Z,2026-10-02T07:08:52.000Z,https://adstransparency.google.com/advertiser/AR02916784446164172801/creative/CR04771571544730107905?region=US
vrbo.com,Vrbo,AR02916784446164172801,CR10908902763572232193,TEXT,2024-11-11T17:23:48.000Z,2026-10-02T07:08:29.000Z,https://adstransparency.google.com/advertiser/AR02916784446164172801/creative/CR10908902763572232193?region=US
vrbo.com,Vrbo,AR02916784446164172801,CR00372059393216217089,TEXT,2024-11-29T20:58:20.000Z,2026-10-02T07:08:26.000Z,https://adstransparency.google.com/advertiser/AR02916784446164172801/creative/CR00372059393216217089?region=US
vrbo.com,Vrbo,AR02916784446164172801,CR08880145807068626945,TEXT,2021-12-16T22:17:29.000Z,2026-10-02T07:08:12.000Z,https://adstransparency.google.com/advertiser/AR02916784446164172801/creative/CR08880145807068626945?region=US
vrbo.com,Vrbo,AR02916784446164172801,CR01100028887867326465,TEXT,2024-12-02T15:20:16.000Z,2026-10-02T07:08:02.000Z,https://adstransparency.google.com/advertiser/AR02916784446164172801/creative/CR01100028887867326465?region=US
vrbo.com,Vrbo,AR02916784446164172801,CR16831709729007861761,TEXT,2024-11-28T20:02:09.000Z,2026-10-02T07:07:44.000Z,https://adstransparency.google.com/advertiser/AR02916784446164172801/creative/CR16831709729007861761?region=US
vrbo.com,Vrbo,AR02916784446164172801,CR03159282878131470337,VIDEO,2026-10-01T07:01:58.000Z,2026-10-02T07:07:38.000Z,https://adstransparency.google.com/advertiser/AR02916784446164172801/creative/CR03159282878131470337?region=US
vrbo.com,Vrbo,AR02916784446164172801,CR11540943055565619201,TEXT,2022-08-25T10:02:57.000Z,2026-10-02T07:07:14.000Z,https://adstransparency.google.com/advertiser/AR02916784446164172801/creative/CR11540943055565619201?region=US
vrbo.com,Vrbo,AR02916784446164172801,CR09669723712772898817,TEXT,2024-11-28T22:37:26.000Z,2026-10-02T07:04:26.000Z,https://adstransparency.google.com/advertiser/AR02916784446164172801/creative/CR09669723712772898817?region=US
vrbo.com,Click Tech Limited,AR11133654742859776001,CR11563243221551153153,TEXT,2026-08-18T12:02:31.000Z,2026-10-02T07:03:42.000Z,https://adstransparency.google.com/advertiser/AR11133654742859776001/creative/CR11563243221551153153?region=US
vrbo.com,Vrbo,AR02916784446164172801,CR00344276684297469953,TEXT,2024-11-29T12:52:57.000Z,2026-10-02T07:02:27.000Z,https://adstransparency.google.com/advertiser/AR02916784446164172801/creative/CR00344276684297469953?region=US
vrbo.com,Vrbo,AR02916784446164172801,CR08421541242290044929,TEXT,2024-11-28T18:11:37.000Z,2026-10-02T07:02:18.000Z,https://adstransparency.google.com/advertiser/AR02916784446164172801/creative/CR08421541242290044929?region=US
vrbo.com,Vrbo,AR02916784446164172801,CR03569340620109512705,VIDEO,2026-03-24T11:06:19.000Z,2026-10-02T07:00:28.000Z,https://adstransparency.google.com/advertiser/AR02916784446164172801/creative/CR03569340620109512705?region=US
vrbo.com,Vrbo,AR02916784446164172801,CR13187447321429803009,TEXT,2022-08-26T12:03:23.000Z,2026-10-02T07:00:27.000Z,https://adstransparency.google.com/advertiser/AR02916784446164172801/creative/CR13187447321429803009?region=US
vrbo.com,Vrbo,AR02916784446164172801,CR09754915574500032513,TEXT,2022-08-26T02:23:52.000Z,2026-10-02T07:00:22.000Z,https://adstransparency.google.com/advertiser/AR02916784446164172801/creative/CR09754915574500032513?region=US
vrbo.com,Vrbo,AR02916784446164172801,CR06099345943960748033,IMAGE,2026-07-01T22:30:00.000Z,2026-10-02T07:00:00.000Z,https://adstransparency.google.com/advertiser/AR02916784446164172801/creative/CR06099345943960748033?region=US
vrbo.com,Vrbo,AR02916784446164172801,CR03766903549447897089,IMAGE,2026-07-02T00:30:00.000Z,2026-10-02T07:00:00.000Z,https://adstransparency.google.com/advertiser/AR02916784446164172801/creative/CR03766903549447897089?region=US
vrbo.com,Vrbo,AR02916784446164172801,CR14871567469218103297,IMAGE,2026-07-02T02:00:00.000Z,2026-10-02T07:00:00.000Z,https://adstransparency.google.com/advertiser/AR02916784446164172801/creative/CR14871567469218103297?region=US
vrbo.com,Vrbo,AR02916784446164172801,CR00670678805630681089,IMAGE,2026-07-02T00:30:00.000Z,2026-10-02T07:00:00.000Z,https://adstransparency.google.com/advertiser/AR02916784446164172801/creative/CR00670678805630681089?region=US
vrbo.com,Vrbo,AR02916784446164172801,CR07018372935605813249,TEXT,2021-10-25T07:00:00.000Z,2026-10-02T06:59:43.000Z,https://adstransparency.google.com/advertiser/AR02916784446164172801/creative/CR07018372935605813249?region=US
vrbo.com,Vrbo,AR02916784446164172801,CR04312120235739054081,TEXT,2022-01-03T12:50:08.000Z,2026-10-02T06:59:28.000Z,https://adstransparency.google.com/advertiser/AR02916784446164172801/creative/CR04312120235739054081?region=US
vrbo.com,Vrbo,AR02916784446164172801,CR05200062332859842561,TEXT,2024-11-29T08:00:00.000Z,2026-10-02T06:59:01.000Z,https://adstransparency.google.com/advertiser/AR02916784446164172801/creative/CR05200062332859842561?region=US
vrbo.com,Vrbo,AR02916784446164172801,CR15231534150084198401,TEXT,2022-08-26T00:52:58.000Z,2026-10-02T06:58:28.000Z,https://adstransparency.google.com/advertiser/AR02916784446164172801/creative/CR15231534150084198401?region=US
vrbo.com,Vrbo,AR02916784446164172801,CR10715375076267524097,TEXT,2024-12-08T08:00:00.000Z,2026-10-02T06:58:27.000Z,https://adstransparency.google.com/advertiser/AR02916784446164172801/creative/CR10715375076267524097?region=US
vrbo.com,Vrbo,AR02916784446164172801,CR01128568490282713089,TEXT,2022-08-25T09:17:54.000Z,2026-10-02T06:58:22.000Z,https://adstransparency.google.com/advertiser/AR02916784446164172801/creative/CR01128568490282713089?region=US
vrbo.com,Vrbo,AR02916784446164172801,CR03590948497496473601,VIDEO,2026-03-24T11:06:26.000Z,2026-10-02T06:58:20.000Z,https://adstransparency.google.com/advertiser/AR02916784446164172801/creative/CR03590948497496473601?region=US
vrbo.com,Vrbo,AR02916784446164172801,CR15216966943866093569,TEXT,2022-08-25T21:03:27.000Z,2026-10-02T06:57:12.000Z,https://adstransparency.google.com/advertiser/AR02916784446164172801/creative/CR15216966943866093569?region=US
vrbo.com,Vrbo,AR02916784446164172801,CR06705560623373090817,TEXT,2024-11-30T22:41:02.000Z,2026-10-02T06:56:51.000Z,https://adstransparency.google.com/advertiser/AR02916784446164172801/creative/CR06705560623373090817?region=US
vrbo.com,Vrbo,AR02916784446164172801,CR06277749754336116737,TEXT,2024-11-28T14:45:20.000Z,2026-10-02T06:56:50.000Z,https://adstransparency.google.com/advertiser/AR02916784446164172801/creative/CR06277749754336116737?region=US
vrbo.com,Vrbo,AR02916784446164172801,CR01863831638266347521,TEXT,2021-10-25T07:00:00.000Z,2026-10-02T06:56:36.000Z,https://adstransparency.google.com/advertiser/AR02916784446164172801/creative/CR01863831638266347521?region=US
vrbo.com,Vrbo,AR02916784446164172801,CR09421342249351905281,TEXT,2024-11-29T23:15:28.000Z,2026-10-02T06:55:54.000Z,https://adstransparency.google.com/advertiser/AR02916784446164172801/creative/CR09421342249351905281?region=US
vrbo.com,Vrbo,AR02916784446164172801,CR01225860297084895233,TEXT,2025-01-07T19:41:57.000Z,2026-10-02T06:53:51.000Z,https://adstransparency.google.com/advertiser/AR02916784446164172801/creative/CR01225860297084895233?region=US
vrbo.com,Vrbo,AR02916784446164172801,CR09008482951746289665,TEXT,2023-10-16T00:16:13.000Z,2026-10-02T06:53:04.000Z,https://adstransparency.google.com/advertiser/AR02916784446164172801/creative/CR09008482951746289665?region=US
vrbo.com,Vrbo,AR02916784446164172801,CR05247261583901458433,TEXT,2025-08-11T16:51:46.000Z,2026-10-02T06:52:38.000Z,https://adstransparency.google.com/advertiser/AR02916784446164172801/creative/CR05247261583901458433?region=US
vrbo.com,Vrbo,AR02916784446164172801,CR00009254108334653441,TEXT,2022-08-25T12:29:59.000Z,2026-10-02T06:51:52.000Z,https://adstransparency.google.com/advertiser/AR02916784446164172801/creative/CR00009254108334653441?region=US
vrbo.com,Vrbo,AR02916784446164172801,CR05688296863401246721,TEXT,2024-11-30T21:00:15.000Z,2026-10-02T06:50:36.000Z,https://adstransparency.google.com/advertiser/AR02916784446164172801/creative/CR05688296863401246721?region=US
vrbo.com,Vrbo,AR02916784446164172801,CR13572723995463122945,TEXT,2022-08-25T09:30:35.000Z,2026-10-02T06:50:30.000Z,https://adstransparency.google.com/advertiser/AR02916784446164172801/creative/CR13572723995463122945?region=US
vrbo.com,Vrbo,AR02916784446164172801,CR01436354299209711617,TEXT,2021-12-21T18:06:27.000Z,2026-10-02T06:50:07.000Z,https://adstransparency.google.com/advertiser/AR02916784446164172801/creative/CR01436354299209711617?region=US
vrbo.com,Vrbo,AR02916784446164172801,CR07148496305642274817,TEXT,2023-10-15T02:47:25.000Z,2026-10-02T06:49:53.000Z,https://adstransparency.google.com/advertiser/AR02916784446164172801/creative/CR07148496305642274817?region=US
vrbo.com,Vrbo,AR02916784446164172801,CR11554630343243857921,TEXT,2024-11-29T03:07:26.000Z,2026-10-02T06:49:42.000Z,https://adstransparency.google.com/advertiser/AR02916784446164172801/creative/CR11554630343243857921?region=US
vrbo.com,Vrbo,AR02916784446164172801,CR11601119601831706625,TEXT,2022-12-08T01:26:23.000Z,2026-10-02T06:49:29.000Z,https://adstransparency.google.com/advertiser/AR02916784446164172801/creative/CR11601119601831706625?region=US
vrbo.com,Vrbo,AR02916784446164172801,CR02028125544771485697,TEXT,2022-08-25T23:11:57.000Z,2026-10-02T06:49:12.000Z,https://adstransparency.google.com/advertiser/AR02916784446164172801/creative/CR02028125544771485697?region=US
vrbo.com,Vrbo,AR02916784446164172801,CR14774057761545125889,TEXT,2025-01-05T18:27:51.000Z,2026-10-02T06:48:27.000Z,https://adstransparency.google.com/advertiser/AR02916784446164172801/creative/CR14774057761545125889?region=US
vrbo.com,Vrbo,AR02916784446164172801,CR11087850883742957569,TEXT,2024-12-01T20:50:35.000Z,2026-10-02T06:47:51.000Z,https://adstransparency.google.com/advertiser/AR02916784446164172801/creative/CR11087850883742957569?region=US
vrbo.com,Vrbo,AR02916784446164172801,CR01633662159030321153,TEXT,2024-11-28T12:23:31.000Z,2026-10-02T06:47:28.000Z,https://adstransparency.google.com/advertiser/AR02916784446164172801/creative/CR01633662159030321153?region=US
vrbo.com,Vrbo,AR02916784446164172801,CR12280269319920680961,TEXT,2025-02-20T14:55:07.000Z,2026-10-02T06:47:15.000Z,https://adstransparency.google.com/advertiser/AR02916784446164172801/creative/CR12280269319920680961?region=US
vrbo.com,Vrbo,AR02916784446164172801,CR06966199442420531201,TEXT,2022-01-18T02:12:06.000Z,2026-10-02T06:47:15.000Z,https://adstransparency.google.com/advertiser/AR02916784446164172801/creative/CR06966199442420531201?region=US
vrbo.com,Vrbo,AR02916784446164172801,CR00276425538279571457,TEXT,2022-08-25T12:39:39.000Z,2026-10-02T06:47:14.000Z,https://adstransparency.google.com/advertiser/AR02916784446164172801/creative/CR00276425538279571457?region=US
vrbo.com,Vrbo,AR02916784446164172801,CR14658153602296578049,TEXT,2024-11-30T21:33:09.000Z,2026-10-02T06:47:07.000Z,https://adstransparency.google.com/advertiser/AR02916784446164172801/creative/CR14658153602296578049?region=US
vrbo.com,Vrbo,AR02916784446164172801,CR03686714646015770625,TEXT,2022-08-25T14:55:38.000Z,2026-10-02T06:46:31.000Z,https://adstransparency.google.com/advertiser/AR02916784446164172801/creative/CR03686714646015770625?region=US
vrbo.com,Vrbo,AR02916784446164172801,CR02438053922334572545,TEXT,2021-12-18T02:48:30.000Z,2026-10-02T06:46:24.000Z,https://adstransparency.google.com/advertiser/AR02916784446164172801/creative/CR02438053922334572545?region=US
vrbo.com,Vrbo,AR02916784446164172801,CR01354160084137017345,TEXT,2024-11-28T15:03:24.000Z,2026-10-02T06:46:07.000Z,https://adstransparency.google.com/advertiser/AR02916784446164172801/creative/CR01354160084137017345?region=US
vrbo.com,Vrbo,AR02916784446164172801,CR13460582029997375489,TEXT,2026-05-28T13:48:03.000Z,2026-10-02T06:45:18.000Z,https://adstransparency.google.com/advertiser/AR02916784446164172801/creative/CR13460582029997375489?region=US
vrbo.com,Vrbo,AR02916784446164172801,CR16300617893073125377,TEXT,2025-08-14T14:36:50.000Z,2026-10-02T06:45:12.000Z,https://adstransparency.google.com/advertiser/AR02916784446164172801/creative/CR16300617893073125377?region=US
vrbo.com,Vrbo,AR02916784446164172801,CR12852770593413529601,VIDEO,2026-02-23T11:10:01.000Z,2026-10-02T06:45:01.000Z,https://adstransparency.google.com/advertiser/AR02916784446164172801/creative/CR12852770593413529601?region=US
vrbo.com,Vrbo,AR02916784446164172801,CR12384169999059648513,TEXT,2021-10-25T07:00:00.000Z,2026-10-02T06:44:42.000Z,https://adstransparency.google.com/advertiser/AR02916784446164172801/creative/CR12384169999059648513?region=US
vrbo.com,Vrbo,AR02916784446164172801,CR04662795545134235649,TEXT,2022-08-26T00:34:37.000Z,2026-10-02T06:44:21.000Z,https://adstransparency.google.com/advertiser/AR02916784446164172801/creative/CR04662795545134235649?region=US
vrbo.com,Vrbo,AR02916784446164172801,CR13727028366383513601,TEXT,2024-11-29T20:21:05.000Z,2026-10-02T06:44:12.000Z,https://adstransparency.google.com/advertiser/AR02916784446164172801/creative/CR13727028366383513601?region=US
vrbo.com,Vrbo,AR02916784446164172801,CR06122778435124199425,TEXT,2024-11-28T19:30:48.000Z,2026-10-02T06:42:57.000Z,https://adstransparency.google.com/advertiser/AR02916784446164172801/creative/CR06122778435124199425?region=US
vrbo.com,Vrbo,AR02916784446164172801,CR13717182858232070145,TEXT,2026-02-05T17:39:08.000Z,2026-10-02T06:42:16.000Z,https://adstransparency.google.com/advertiser/AR02916784446164172801/creative/CR13717182858232070145?region=US
vrbo.com,Vrbo,AR02916784446164172801,CR00439698625547730945,VIDEO,2026-06-05T21:28:04.000Z,2026-10-02T06:42:09.000Z,https://adstransparency.google.com/advertiser/AR02916784446164172801/creative/CR00439698625547730945?region=US
vrbo.com,Vrbo,AR02916784446164172801,CR01033633048568004609,TEXT,2022-08-26T23:15:32.000Z,2026-10-02T06:41:26.000Z,https://adstransparency.google.com/advertiser/AR02916784446164172801/creative/CR01033633048568004609?region=US
vrbo.com,Vrbo,AR02916784446164172801,CR01547438113582743553,TEXT,2024-11-11T17:40:26.000Z,2026-10-02T06:41:23.000Z,https://adstransparency.google.com/advertiser/AR02916784446164172801/creative/CR01547438113582743553?region=US
vrbo.com,Vrbo,AR02916784446164172801,CR12994077809180672001,TEXT,2024-11-28T20:31:19.000Z,2026-10-02T06:40:48.000Z,https://adstransparency.google.com/advertiser/AR02916784446164172801/creative/CR12994077809180672001?region=US
vrbo.com,Vrbo,AR02916784446164172801,CR07690727457086767105,TEXT,2021-12-18T03:46:30.000Z,2026-10-02T06:40:43.000Z,https://adstransparency.google.com/advertiser/AR02916784446164172801/creative/CR07690727457086767105?region=US
vrbo.com,Vrbo,AR02916784446164172801,CR13901692376935563265,TEXT,2022-08-25T07:58:24.000Z,2026-10-02T06:40:22.000Z,https://adstransparency.google.com/advertiser/AR02916784446164172801/creative/CR13901692376935563265?region=US
vrbo.com,Vrbo,AR02916784446164172801,CR05126883709407985665,TEXT,2024-11-30T17:13:20.000Z,2026-10-02T06:40:17.000Z,https://adstransparency.google.com/advertiser/AR02916784446164172801/creative/CR05126883709407985665?region=US
vrbo.com,Vrbo,AR02916784446164172801,CR03384269646101217281,TEXT,2022-08-25T15:08:42.000Z,2026-10-02T06:40:05.000Z,https://adstransparency.google.com/advertiser/AR02916784446164172801/creative/CR03384269646101217281?region=US
vrbo.com,Vrbo,AR02916784446164172801,CR00087720807190495233,VIDEO,2025-09-10T18:59:28.000Z,2026-10-02T06:40:04.000Z,https://adstransparency.google.com/advertiser/AR02916784446164172801/creative/CR00087720807190495233?region=US
vrbo.com,Vrbo,AR02916784446164172801,CR01830186754255093761,TEXT,2022-08-29T07:00:00.000Z,2026-10-02T06:39:24.000Z,https://adstransparency.google.com/advertiser/AR02916784446164172801/creative/CR01830186754255093761?region=US
vrbo.com,Vrbo,AR02916784446164172801,CR02101683611404075009,TEXT,2024-12-22T22:19:51.000Z,2026-10-02T06:39:03.000Z,https://adstransparency.google.com/advertiser/AR02916784446164172801/creative/CR02101683611404075009?region=US
vrbo.com,Vrbo,AR02916784446164172801,CR02144513093999263745,VIDEO,2025-05-22T10:08:48.000Z,2026-10-02T06:38:47.000Z,https://adstransparency.google.com/advertiser/AR02916784446164172801/creative/CR02144513093999263745?region=US
vrbo.com,Vrbo,AR02916784446164172801,CR02337361180038791169,VIDEO,2025-09-10T11:04:41.000Z,2026-10-02T06:38:38.000Z,https://adstransparency.google.com/advertiser/AR02916784446164172801/creative/CR02337361180038791169?region=US
vrbo.com,Vrbo,AR02916784446164172801,CR00405509783928438785,TEXT,2021-10-25T07:00:00.000Z,2026-10-02T06:38:31.000Z,https://adstransparency.google.com/advertiser/AR02916784446164172801/creative/CR00405509783928438785?region=US
vrbo.com,Vrbo,AR02916784446164172801,CR09704711882165714945,TEXT,2026-08-25T19:18:26.000Z,2026-10-02T06:38:10.000Z,https://adstransparency.google.com/advertiser/AR02916784446164172801/creative/CR09704711882165714945?region=US
vrbo.com,Vrbo,AR02916784446164172801,CR14213101282834513921,TEXT,2022-08-25T16:56:09.000Z,2026-10-02T06:37:46.000Z,https://adstransparency.google.com/advertiser/AR02916784446164172801/creative/CR14213101282834513921?region=US
vrbo.com,Vrbo,AR02916784446164172801,CR17247484321564983297,TEXT,2024-11-28T12:35:16.000Z,2026-10-02T06:37:44.000Z,https://adstransparency.google.com/advertiser/AR02916784446164172801/creative/CR17247484321564983297?region=US
vrbo.com,Vrbo,AR02916784446164172801,CR11379290468048175105,TEXT,2025-01-15T16:38:24.000Z,2026-10-02T06:37:39.000Z,https://adstransparency.google.com/advertiser/AR02916784446164172801/creative/CR11379290468048175105?region=US
vrbo.com,Vrbo,AR02916784446164172801,CR03327164173250461697,TEXT,2022-08-25T15:45:44.000Z,2026-10-02T06:37:30.000Z,https://adstransparency.google.com/advertiser/AR02916784446164172801/creative/CR03327164173250461697?region=US
vrbo.com,Vrbo,AR02916784446164172801,CR01314357076016758785,VIDEO,2025-05-22T12:13:42.000Z,2026-10-02T06:36:46.000Z,https://adstransparency.google.com/advertiser/AR02916784446164172801/creative/CR01314357076016758785?region=US
vrbo.com,Vrbo,AR02916784446164172801,CR10509293474434514945,TEXT,2024-11-29T15:59:25.000Z,2026-10-02T06:36:16.000Z,https://adstransparency.google.com/advertiser/AR02916784446164172801/creative/CR10509293474434514945?region=US
vrbo.com,Vrbo,AR02916784446164172801,CR06390237541978603521,TEXT,2022-08-25T22:50:32.000Z,2026-10-02T06:36:04.000Z,https://adstransparency.google.com/advertiser/AR02916784446164172801/creative/CR06390237541978603521?region=US
vrbo.com,Vrbo,AR02916784446164172801,CR07214723043489218561,VIDEO,2026-03-24T11:06:20.000Z,2026-10-02T06:36:03.000Z,https://adstransparency.google.com/advertiser/AR02916784446164172801/creative/CR07214723043489218561?region=US
vrbo.com,Vrbo,AR02916784446164172801,CR03964451369091334145,TEXT,2023-10-12T16:40:20.000Z,2026-10-02T06:35:38.000Z,https://adstransparency.google.com/advertiser/AR02916784446164172801/creative/CR03964451369091334145?region=US
vrbo.com,Vrbo,AR02916784446164172801,CR02676029796688855041,TEXT,2022-08-25T18:06:43.000Z,2026-10-02T06:35:30.000Z,https://adstransparency.google.com/advertiser/AR02916784446164172801/creative/CR02676029796688855041?region=US
vrbo.com,Vrbo,AR02916784446164172801,CR11247364594726862849,TEXT,2024-11-29T17:42:37.000Z,2026-10-02T06:35:25.000Z,https://adstransparency.google.com/advertiser/AR02916784446164172801/creative/CR11247364594726862849?region=US
vrbo.com,Vrbo,AR02916784446164172801,CR02297211172920754177,TEXT,2024-11-28T17:27:02.000Z,2026-10-02T06:34:42.000Z,https://adstransparency.google.com/advertiser/AR02916784446164172801/creative/CR02297211172920754177?region=US
vrbo.com,Vrbo,AR02916784446164172801,CR03151876043820761089,TEXT,2022-08-25T12:57:17.000Z,2026-10-02T06:34:36.000Z,https://adstransparency.google.com/advertiser/AR02916784446164172801/creative/CR03151876043820761089?region=US
vrbo.com,Vrbo,AR02916784446164172801,CR16957336294055215105,TEXT,2023-10-12T17:34:59.000Z,2026-10-02T06:34:26.000Z,https://adstransparency.google.com/advertiser/AR02916784446164172801/creative/CR16957336294055215105?region=US
vrbo.com,Vrbo,AR02916784446164172801,CR11058746682106707969,TEXT,2023-10-12T16:23:30.000Z,2026-10-02T06:34:01.000Z,https://adstransparency.google.com/advertiser/AR02916784446164172801/creative/CR11058746682106707969?region=US
vrbo.com,Vrbo,AR02916784446164172801,CR10620880298197385217,TEXT,2024-11-28T15:37:12.000Z,2026-10-02T06:33:53.000Z,https://adstransparency.google.com/advertiser/AR02916784446164172801/creative/CR10620880298197385217?region=US
vrbo.com,Vrbo,AR02916784446164172801,CR17138082296125980673,TEXT,2024-11-29T13:56:15.000Z,2026-10-02T06:33:35.000Z,https://adstransparency.google.com/advertiser/AR02916784446164172801/creative/CR17138082296125980673?region=US
vrbo.com,Vrbo,AR02916784446164172801,CR04179358252544294913,TEXT,2022-08-25T13:40:41.000Z,2026-10-02T06:33:30.000Z,https://adstransparency.google.com/advertiser/AR02916784446164172801/creative/CR04179358252544294913?region=US
vrbo.com,Vrbo,AR02916784446164172801,CR01321777130236805121,VIDEO,2025-05-22T10:04:51.000Z,2026-10-02T06:33:16.000Z,https://adstransparency.google.com/advertiser/AR02916784446164172801/creative/CR01321777130236805121?region=US
vrbo.com,Vrbo,AR02916784446164172801,CR10016352415650938881,TEXT,2024-11-29T17:24:47.000Z,2026-10-02T06:32:53.000Z,https://adstransparency.google.com/advertiser/AR02916784446164172801/creative/CR10016352415650938881?region=US
vrbo.com,Vrbo,AR02916784446164172801,CR01596280954119258113,TEXT,2024-12-03T04:38:58.000Z,2026-10-02T06:32:22.000Z,https://adstransparency.google.com/advertiser/AR02916784446164172801/creative/CR01596280954119258113?region=US
vrbo.com,Vrbo,AR02916784446164172801,CR00902613155648110593,TEXT,2025-01-14T21:56:36.000Z,2026-10-02T06:31:40.000Z,https://adstransparency.google.com/advertiser/AR02916784446164172801/creative/CR00902613155648110593?region=US
vrbo.com,Vrbo,AR02916784446164172801,CR01202446325820424193,TEXT,2022-08-25T15:36:17.000Z,2026-10-02T06:31:34.000Z,https://adstransparency.google.com/advertiser/AR02916784446164172801/creative/CR01202446325820424193?region=US
