city,hotel,hotel_class,guest_rating,review_count,google_lead_price_per_night,site,site_price_per_night,site_total_price,check_in,check_out,nights,adults,currency,collected_utc
London,a&o London Docklands Riverside,4,3.1,392,55,aohostels.com,55,164,2026-11-12,2026-11-15,3,2,USD,2026-10-09T09:42:47.184Z
London,a&o London Docklands Riverside,4,3.1,392,55,Booking.com,55,164,2026-11-12,2026-11-15,3,2,USD,2026-10-09T09:42:47.184Z
London,a&o London Docklands Riverside,4,3.1,392,55,Hostelworld,71,213,2026-11-12,2026-11-15,3,2,USD,2026-10-09T09:42:47.184Z
London,a&o London Docklands Riverside,4,3.1,392,55,Stayforlong.com,108,323,2026-11-12,2026-11-15,3,2,USD,2026-10-09T09:42:47.184Z
London,a&o London Docklands Riverside,4,3.1,392,55,Priceline,109,327,2026-11-12,2026-11-15,3,2,USD,2026-10-09T09:42:47.184Z
London,a&o London Docklands Riverside,4,3.1,392,55,Super.com,114,343,2026-11-12,2026-11-15,3,2,USD,2026-10-09T09:42:47.184Z
London,a&o London Docklands Riverside,4,3.1,392,55,Expedia.com,122,367,2026-11-12,2026-11-15,3,2,USD,2026-10-09T09:42:47.184Z
London,a&o London Docklands Riverside,4,3.1,392,55,Hotels.com,122,367,2026-11-12,2026-11-15,3,2,USD,2026-10-09T09:42:47.184Z
London,a&o London Docklands Riverside,4,3.1,392,55,Agoda,122,365,2026-11-12,2026-11-15,3,2,USD,2026-10-09T09:42:47.184Z
London,a&o London Docklands Riverside,4,3.1,392,55,Trip.com,122,367,2026-11-12,2026-11-15,3,2,USD,2026-10-09T09:42:47.184Z
London,a&o London Docklands Riverside,4,3.1,392,55,Travelocity.com,122,367,2026-11-12,2026-11-15,3,2,USD,2026-10-09T09:42:47.184Z
London,a&o London Docklands Riverside,4,3.1,392,55,TravelUp,122,367,2026-11-12,2026-11-15,3,2,USD,2026-10-09T09:42:47.184Z
London,a&o London Docklands Riverside,4,3.1,392,55,Orbitz.com,122,367,2026-11-12,2026-11-15,3,2,USD,2026-10-09T09:42:47.184Z
London,a&o London Docklands Riverside,4,3.1,392,55,CheapTickets.com,122,367,2026-11-12,2026-11-15,3,2,USD,2026-10-09T09:42:47.184Z
London,a&o London Docklands Riverside,4,3.1,392,55,eDreams,127,380,2026-11-12,2026-11-15,3,2,USD,2026-10-09T09:42:47.184Z
London,a&o London Docklands Riverside,4,3.1,392,55,Clicktrip.com,134,401,2026-11-12,2026-11-15,3,2,USD,2026-10-09T09:42:47.184Z
London,a&o London Docklands Riverside,4,3.1,392,55,Qantas Hotels,147,442,2026-11-12,2026-11-15,3,2,USD,2026-10-09T09:42:47.184Z
London,Grand Royale Hyde Park,4,3.7,2546,149,Kiwi.com,149,446,2026-11-12,2026-11-15,3,2,USD,2026-10-09T09:42:47.184Z
London,Grand Royale Hyde Park,4,3.7,2546,149,Traveluro,158,473,2026-11-12,2026-11-15,3,2,USD,2026-10-09T09:42:47.184Z
London,Grand Royale Hyde Park,4,3.7,2546,149,trivago DEALS,159,478,2026-11-12,2026-11-15,3,2,USD,2026-10-09T09:42:47.184Z
London,Grand Royale Hyde Park,4,3.7,2546,149,Super.com,162,485,2026-11-12,2026-11-15,3,2,USD,2026-10-09T09:42:47.184Z
London,Grand Royale Hyde Park,4,3.7,2546,149,Trip.com,165,494,2026-11-12,2026-11-15,3,2,USD,2026-10-09T09:42:47.184Z
London,Grand Royale Hyde Park,4,3.7,2546,149,Evendo,166,499,2026-11-12,2026-11-15,3,2,USD,2026-10-09T09:42:47.184Z
London,Grand Royale Hyde Park,4,3.7,2546,149,Stayforlong.com,166,498,2026-11-12,2026-11-15,3,2,USD,2026-10-09T09:42:47.184Z
London,Grand Royale Hyde Park,4,3.7,2546,149,Vio.com,170,510,2026-11-12,2026-11-15,3,2,USD,2026-10-09T09:42:47.184Z
London,Grand Royale Hyde Park,4,3.7,2546,149,dealbase.com,170,510,2026-11-12,2026-11-15,3,2,USD,2026-10-09T09:42:47.184Z
London,Grand Royale Hyde Park,4,3.7,2546,149,Etrip.net,170,510,2026-11-12,2026-11-15,3,2,USD,2026-10-09T09:42:47.184Z
London,Grand Royale Hyde Park,4,3.7,2546,149,Reservation Day,170,511,2026-11-12,2026-11-15,3,2,USD,2026-10-09T09:42:47.184Z
London,Grand Royale Hyde Park,4,3.7,2546,149,Luxury Escapes,171,513,2026-11-12,2026-11-15,3,2,USD,2026-10-09T09:42:47.184Z
London,Grand Royale Hyde Park,4,3.7,2546,149,Agoda,175,525,2026-11-12,2026-11-15,3,2,USD,2026-10-09T09:42:47.184Z
London,Grand Royale Hyde Park,4,3.7,2546,149,Expedia.com,176,527,2026-11-12,2026-11-15,3,2,USD,2026-10-09T09:42:47.184Z
London,Grand Royale Hyde Park,4,3.7,2546,149,Hotels.com,176,527,2026-11-12,2026-11-15,3,2,USD,2026-10-09T09:42:47.184Z
London,Grand Royale Hyde Park,4,3.7,2546,149,Travelocity.com,176,527,2026-11-12,2026-11-15,3,2,USD,2026-10-09T09:42:47.184Z
London,Grand Royale Hyde Park,4,3.7,2546,149,Orbitz.com,176,527,2026-11-12,2026-11-15,3,2,USD,2026-10-09T09:42:47.184Z
London,Grand Royale Hyde Park,4,3.7,2546,149,CheapTickets.com,176,527,2026-11-12,2026-11-15,3,2,USD,2026-10-09T09:42:47.184Z
London,Grand Royale Hyde Park,4,3.7,2546,149,Billabook.com,177,532,2026-11-12,2026-11-15,3,2,USD,2026-10-09T09:42:47.184Z
London,Grand Royale Hyde Park,4,3.7,2546,149,Long Stay Discounts,180,539,2026-11-12,2026-11-15,3,2,USD,2026-10-09T09:42:47.184Z
London,Grand Royale Hyde Park,4,3.7,2546,149,Bluepillow.com,198,594,2026-11-12,2026-11-15,3,2,USD,2026-10-09T09:42:47.184Z
London,Grand Royale Hyde Park,4,3.7,2546,149,Catchit.com,205,616,2026-11-12,2026-11-15,3,2,USD,2026-10-09T09:42:47.184Z
London,Grand Royale Hyde Park,4,3.7,2546,149,KAYAK.com,217,651,2026-11-12,2026-11-15,3,2,USD,2026-10-09T09:42:47.184Z
London,Grand Royale Hyde Park,4,3.7,2546,149,Booking.com,218,653,2026-11-12,2026-11-15,3,2,USD,2026-10-09T09:42:47.184Z
London,Grand Royale Hyde Park,4,3.7,2546,149,Priceline,218,653,2026-11-12,2026-11-15,3,2,USD,2026-10-09T09:42:47.184Z
London,Grand Royale Hyde Park,4,3.7,2546,149,Clicktrip.com,218,654,2026-11-12,2026-11-15,3,2,USD,2026-10-09T09:42:47.184Z
London,Grand Royale Hyde Park,4,3.7,2546,149,Grand Royale Hyde Park,235,705,2026-11-12,2026-11-15,3,2,USD,2026-10-09T09:42:47.184Z
London,Grand Royale Hyde Park,4,3.7,2546,149,Qantas Hotels,235,706,2026-11-12,2026-11-15,3,2,USD,2026-10-09T09:42:47.184Z
London,Grand Royale Hyde Park,4,3.7,2546,149,Tripening Hotels,321,964,2026-11-12,2026-11-15,3,2,USD,2026-10-09T09:42:47.184Z
London,Grand Royale Hyde Park,4,3.7,2546,149,hutchgo (Hutchison Travel Limited),594,1783,2026-11-12,2026-11-15,3,2,USD,2026-10-09T09:42:47.184Z
London,"The Tower Hotel, by Thistle",4,4.1,12490,178,Super.com,178,535,2026-11-12,2026-11-15,3,2,USD,2026-10-09T09:42:47.184Z
London,"The Tower Hotel, by Thistle",4,4.1,12490,178,Luxury Escapes,182,545,2026-11-12,2026-11-15,3,2,USD,2026-10-09T09:42:47.184Z
London,"The Tower Hotel, by Thistle",4,4.1,12490,178,Vio.com,183,548,2026-11-12,2026-11-15,3,2,USD,2026-10-09T09:42:47.184Z
London,"The Tower Hotel, by Thistle",4,4.1,12490,178,Etrip.net,183,548,2026-11-12,2026-11-15,3,2,USD,2026-10-09T09:42:47.184Z
London,"The Tower Hotel, by Thistle",4,4.1,12490,178,dealbase.com,183,548,2026-11-12,2026-11-15,3,2,USD,2026-10-09T09:42:47.184Z
London,"The Tower Hotel, by Thistle",4,4.1,12490,178,Traveluro,185,555,2026-11-12,2026-11-15,3,2,USD,2026-10-09T09:42:47.184Z
London,"The Tower Hotel, by Thistle",4,4.1,12490,178,trivago DEALS,187,560,2026-11-12,2026-11-15,3,2,USD,2026-10-09T09:42:47.184Z
London,"The Tower Hotel, by Thistle",4,4.1,12490,178,Stayforlong.com,189,568,2026-11-12,2026-11-15,3,2,USD,2026-10-09T09:42:47.184Z
London,"The Tower Hotel, by Thistle",4,4.1,12490,178,Kiwi.com,193,580,2026-11-12,2026-11-15,3,2,USD,2026-10-09T09:42:47.184Z
London,"The Tower Hotel, by Thistle",4,4.1,12490,178,TravelUp,195,585,2026-11-12,2026-11-15,3,2,USD,2026-10-09T09:42:47.184Z
London,"The Tower Hotel, by Thistle",4,4.1,12490,178,Long Stay Discounts,197,592,2026-11-12,2026-11-15,3,2,USD,2026-10-09T09:42:47.184Z
London,"The Tower Hotel, by Thistle",4,4.1,12490,178,Billabook.com,198,594,2026-11-12,2026-11-15,3,2,USD,2026-10-09T09:42:47.184Z
London,"The Tower Hotel, by Thistle",4,4.1,12490,178,Booking.com,223,669,2026-11-12,2026-11-15,3,2,USD,2026-10-09T09:42:47.184Z
London,"The Tower Hotel, by Thistle",4,4.1,12490,178,Priceline,223,669,2026-11-12,2026-11-15,3,2,USD,2026-10-09T09:42:47.184Z
London,"The Tower Hotel, by Thistle",4,4.1,12490,178,Agoda,223,669,2026-11-12,2026-11-15,3,2,USD,2026-10-09T09:42:47.184Z
London,"The Tower Hotel, by Thistle",4,4.1,12490,178,KAYAK.com,223,669,2026-11-12,2026-11-15,3,2,USD,2026-10-09T09:42:47.184Z
London,"The Tower Hotel, by Thistle",4,4.1,12490,178,Bluepillow.com,223,669,2026-11-12,2026-11-15,3,2,USD,2026-10-09T09:42:47.184Z
London,"The Tower Hotel, by Thistle",4,4.1,12490,178,Evendo,231,692,2026-11-12,2026-11-15,3,2,USD,2026-10-09T09:42:47.184Z
London,"The Tower Hotel, by Thistle",4,4.1,12490,178,Catchit.com,238,715,2026-11-12,2026-11-15,3,2,USD,2026-10-09T09:42:47.184Z
London,"The Tower Hotel, by Thistle",4,4.1,12490,178,klook,245,736,2026-11-12,2026-11-15,3,2,USD,2026-10-09T09:42:47.184Z
London,"The Tower Hotel, by Thistle",4,4.1,12490,178,Expedia.com,258,775,2026-11-12,2026-11-15,3,2,USD,2026-10-09T09:42:47.184Z
London,"The Tower Hotel, by Thistle",4,4.1,12490,178,Hotels.com,258,775,2026-11-12,2026-11-15,3,2,USD,2026-10-09T09:42:47.184Z
London,"The Tower Hotel, by Thistle",4,4.1,12490,178,Travelocity.com,258,775,2026-11-12,2026-11-15,3,2,USD,2026-10-09T09:42:47.184Z
London,"The Tower Hotel, by Thistle",4,4.1,12490,178,Orbitz.com,258,775,2026-11-12,2026-11-15,3,2,USD,2026-10-09T09:42:47.184Z
London,"The Tower Hotel, by Thistle",4,4.1,12490,178,CheapTickets.com,258,775,2026-11-12,2026-11-15,3,2,USD,2026-10-09T09:42:47.184Z
London,"The Tower Hotel, by Thistle",4,4.1,12490,178,"The Tower Hotel, by Thistle",259,776,2026-11-12,2026-11-15,3,2,USD,2026-10-09T09:42:47.184Z
London,"The Tower Hotel, by Thistle",4,4.1,12490,178,Hotel prive,265,794,2026-11-12,2026-11-15,3,2,USD,2026-10-09T09:42:47.184Z
London,"The Tower Hotel, by Thistle",4,4.1,12490,178,lastminute.com,268,804,2026-11-12,2026-11-15,3,2,USD,2026-10-09T09:42:47.184Z
London,"The Tower Hotel, by Thistle",4,4.1,12490,178,Reserving,270,809,2026-11-12,2026-11-15,3,2,USD,2026-10-09T09:42:47.184Z
London,"The Tower Hotel, by Thistle",4,4.1,12490,178,Qantas Hotels,311,932,2026-11-12,2026-11-15,3,2,USD,2026-10-09T09:42:47.184Z
London,"The Royal Horseguards Hotel & One Whitehall Place, London",5,4.4,3396,288,Traveluro,288,865,2026-11-12,2026-11-15,3,2,USD,2026-10-09T09:42:47.184Z
London,"The Royal Horseguards Hotel & One Whitehall Place, London",5,4.4,3396,288,Super.com,290,871,2026-11-12,2026-11-15,3,2,USD,2026-10-09T09:42:47.184Z
London,"The Royal Horseguards Hotel & One Whitehall Place, London",5,4.4,3396,288,trivago DEALS,292,875,2026-11-12,2026-11-15,3,2,USD,2026-10-09T09:42:47.184Z
London,"The Royal Horseguards Hotel & One Whitehall Place, London",5,4.4,3396,288,Long Stay Discounts,322,967,2026-11-12,2026-11-15,3,2,USD,2026-10-09T09:42:47.184Z
London,"The Royal Horseguards Hotel & One Whitehall Place, London",5,4.4,3396,288,Vio.com,324,972,2026-11-12,2026-11-15,3,2,USD,2026-10-09T09:42:47.184Z
London,"The Royal Horseguards Hotel & One Whitehall Place, London",5,4.4,3396,288,goseek.com,324,972,2026-11-12,2026-11-15,3,2,USD,2026-10-09T09:42:47.184Z
London,"The Royal Horseguards Hotel & One Whitehall Place, London",5,4.4,3396,288,hutchgo (Hutchison Travel Limited),346,1037,2026-11-12,2026-11-15,3,2,USD,2026-10-09T09:42:47.184Z
London,"The Royal Horseguards Hotel & One Whitehall Place, London",5,4.4,3396,288,Billabook.com,348,1045,2026-11-12,2026-11-15,3,2,USD,2026-10-09T09:42:47.184Z
London,"The Royal Horseguards Hotel & One Whitehall Place, London",5,4.4,3396,288,Kiwi.com,352,1055,2026-11-12,2026-11-15,3,2,USD,2026-10-09T09:42:47.184Z
London,"The Royal Horseguards Hotel & One Whitehall Place, London",5,4.4,3396,288,Evendo,365,1096,2026-11-12,2026-11-15,3,2,USD,2026-10-09T09:42:47.184Z
London,"The Royal Horseguards Hotel & One Whitehall Place, London",5,4.4,3396,288,"The Royal Horseguards Hotel & One Whitehall Place, London",406,1219,2026-11-12,2026-11-15,3,2,USD,2026-10-09T09:42:47.184Z
London,"The Royal Horseguards Hotel & One Whitehall Place, London",5,4.4,3396,288,Expedia.com,406,1218,2026-11-12,2026-11-15,3,2,USD,2026-10-09T09:42:47.184Z
London,"The Royal Horseguards Hotel & One Whitehall Place, London",5,4.4,3396,288,Booking.com,406,1219,2026-11-12,2026-11-15,3,2,USD,2026-10-09T09:42:47.184Z
London,"The Royal Horseguards Hotel & One Whitehall Place, London",5,4.4,3396,288,Priceline,406,1219,2026-11-12,2026-11-15,3,2,USD,2026-10-09T09:42:47.184Z
London,"The Royal Horseguards Hotel & One Whitehall Place, London",5,4.4,3396,288,Travelocity.com,406,1218,2026-11-12,2026-11-15,3,2,USD,2026-10-09T09:42:47.184Z
London,"The Royal Horseguards Hotel & One Whitehall Place, London",5,4.4,3396,288,BusinessHotels.com,406,1217,2026-11-12,2026-11-15,3,2,USD,2026-10-09T09:42:47.184Z
London,"The Royal Horseguards Hotel & One Whitehall Place, London",5,4.4,3396,288,HomeToGo,406,1217,2026-11-12,2026-11-15,3,2,USD,2026-10-09T09:42:47.184Z
London,"The Royal Horseguards Hotel & One Whitehall Place, London",5,4.4,3396,288,Bluepillow.com,406,1218,2026-11-12,2026-11-15,3,2,USD,2026-10-09T09:42:47.184Z
London,"The Royal Horseguards Hotel & One Whitehall Place, London",5,4.4,3396,288,Orbitz.com,406,1218,2026-11-12,2026-11-15,3,2,USD,2026-10-09T09:42:47.184Z
London,"The Royal Horseguards Hotel & One Whitehall Place, London",5,4.4,3396,288,CheapTickets.com,406,1218,2026-11-12,2026-11-15,3,2,USD,2026-10-09T09:42:47.184Z
London,"The Royal Horseguards Hotel & One Whitehall Place, London",5,4.4,3396,288,klook,421,1262,2026-11-12,2026-11-15,3,2,USD,2026-10-09T09:42:47.184Z
London,"The Royal Horseguards Hotel & One Whitehall Place, London",5,4.4,3396,288,Luxury Escapes,421,1262,2026-11-12,2026-11-15,3,2,USD,2026-10-09T09:42:47.184Z
London,"The Royal Horseguards Hotel & One Whitehall Place, London",5,4.4,3396,288,Clicktrip.com,465,1394,2026-11-12,2026-11-15,3,2,USD,2026-10-09T09:42:47.184Z
London,"The Royal Horseguards Hotel & One Whitehall Place, London",5,4.4,3396,288,Reserving,473,1418,2026-11-12,2026-11-15,3,2,USD,2026-10-09T09:42:47.184Z
London,"The Royal Horseguards Hotel & One Whitehall Place, London",5,4.4,3396,288,Hotel prive,482,1445,2026-11-12,2026-11-15,3,2,USD,2026-10-09T09:42:47.184Z
London,"The Royal Horseguards Hotel & One Whitehall Place, London",5,4.4,3396,288,Qantas Hotels,489,1466,2026-11-12,2026-11-15,3,2,USD,2026-10-09T09:42:47.184Z
London,"The Royal Horseguards Hotel & One Whitehall Place, London",5,4.4,3396,288,Tripening Hotels,555,1665,2026-11-12,2026-11-15,3,2,USD,2026-10-09T09:42:47.184Z
London,"Shangri-La The Shard, London",5,4.6,2890,616,Super.com,616,1848,2026-11-12,2026-11-15,3,2,USD,2026-10-09T09:42:47.184Z
London,"Shangri-La The Shard, London",5,4.6,2890,616,Vio.com,617,1851,2026-11-12,2026-11-15,3,2,USD,2026-10-09T09:42:47.184Z
London,"Shangri-La The Shard, London",5,4.6,2890,616,trivago DEALS,644,1933,2026-11-12,2026-11-15,3,2,USD,2026-10-09T09:42:47.184Z
London,"Shangri-La The Shard, London",5,4.6,2890,616,dealbase.com,671,2013,2026-11-12,2026-11-15,3,2,USD,2026-10-09T09:42:47.184Z
London,"Shangri-La The Shard, London",5,4.6,2890,616,Billabook.com,677,2031,2026-11-12,2026-11-15,3,2,USD,2026-10-09T09:42:47.184Z
London,"Shangri-La The Shard, London",5,4.6,2890,616,Prestigia.com,680,2039,2026-11-12,2026-11-15,3,2,USD,2026-10-09T09:42:47.184Z
London,"Shangri-La The Shard, London",5,4.6,2890,616,Long Stay Discounts,684,2052,2026-11-12,2026-11-15,3,2,USD,2026-10-09T09:42:47.184Z
London,"Shangri-La The Shard, London",5,4.6,2890,616,Tripadvisor.com,711,2132,2026-11-12,2026-11-15,3,2,USD,2026-10-09T09:42:47.184Z
London,"Shangri-La The Shard, London",5,4.6,2890,616,Stayforlong.com,711,2133,2026-11-12,2026-11-15,3,2,USD,2026-10-09T09:42:47.184Z
London,"Shangri-La The Shard, London",5,4.6,2890,616,Expedia.com,718,2155,2026-11-12,2026-11-15,3,2,USD,2026-10-09T09:42:47.184Z
London,"Shangri-La The Shard, London",5,4.6,2890,616,Hotels.com,718,2155,2026-11-12,2026-11-15,3,2,USD,2026-10-09T09:42:47.184Z
London,"Shangri-La The Shard, London",5,4.6,2890,616,Travelocity.com,718,2155,2026-11-12,2026-11-15,3,2,USD,2026-10-09T09:42:47.184Z
London,"Shangri-La The Shard, London",5,4.6,2890,616,TravelUp,718,2155,2026-11-12,2026-11-15,3,2,USD,2026-10-09T09:42:47.184Z
London,"Shangri-La The Shard, London",5,4.6,2890,616,Orbitz.com,718,2155,2026-11-12,2026-11-15,3,2,USD,2026-10-09T09:42:47.184Z
London,"Shangri-La The Shard, London",5,4.6,2890,616,CheapTickets.com,718,2155,2026-11-12,2026-11-15,3,2,USD,2026-10-09T09:42:47.184Z
London,"Shangri-La The Shard, London",5,4.6,2890,616,Bluepillow.com,718,2155,2026-11-12,2026-11-15,3,2,USD,2026-10-09T09:42:47.184Z
London,"Shangri-La The Shard, London",5,4.6,2890,616,Shangri-La.com,719,2157,2026-11-12,2026-11-15,3,2,USD,2026-10-09T09:42:47.184Z
London,"Shangri-La The Shard, London",5,4.6,2890,616,Booking.com,719,2157,2026-11-12,2026-11-15,3,2,USD,2026-10-09T09:42:47.184Z
London,"Shangri-La The Shard, London",5,4.6,2890,616,Priceline,719,2157,2026-11-12,2026-11-15,3,2,USD,2026-10-09T09:42:47.184Z
London,"Shangri-La The Shard, London",5,4.6,2890,616,Trip.com,719,2156,2026-11-12,2026-11-15,3,2,USD,2026-10-09T09:42:47.184Z
London,"Shangri-La The Shard, London",5,4.6,2890,616,Agoda,719,2157,2026-11-12,2026-11-15,3,2,USD,2026-10-09T09:42:47.184Z
London,"Shangri-La The Shard, London",5,4.6,2890,616,hutchgo (Hutchison Travel Limited),723,2170,2026-11-12,2026-11-15,3,2,USD,2026-10-09T09:42:47.184Z
London,"Shangri-La The Shard, London",5,4.6,2890,616,Kiwi.com,729,2188,2026-11-12,2026-11-15,3,2,USD,2026-10-09T09:42:47.184Z
London,"Shangri-La The Shard, London",5,4.6,2890,616,HomeToGo,736,2209,2026-11-12,2026-11-15,3,2,USD,2026-10-09T09:42:47.184Z
London,"Shangri-La The Shard, London",5,4.6,2890,616,Luxury Escapes,743,2229,2026-11-12,2026-11-15,3,2,USD,2026-10-09T09:42:47.184Z
London,"Shangri-La The Shard, London",5,4.6,2890,616,eDreams,743,2229,2026-11-12,2026-11-15,3,2,USD,2026-10-09T09:42:47.184Z
London,"Shangri-La The Shard, London",5,4.6,2890,616,ZenHotels.com,744,2231,2026-11-12,2026-11-15,3,2,USD,2026-10-09T09:42:47.184Z
London,"Shangri-La The Shard, London",5,4.6,2890,616,Evendo,763,2289,2026-11-12,2026-11-15,3,2,USD,2026-10-09T09:42:47.184Z
London,"Shangri-La The Shard, London",5,4.6,2890,616,Reserving,847,2541,2026-11-12,2026-11-15,3,2,USD,2026-10-09T09:42:47.184Z
London,"Shangri-La The Shard, London",5,4.6,2890,616,Clicktrip.com,847,2542,2026-11-12,2026-11-15,3,2,USD,2026-10-09T09:42:47.184Z
London,"St. James' Court, A Taj Hotel, London",4,4.5,3389,265,Super.com,265,796,2026-11-12,2026-11-15,3,2,USD,2026-10-09T09:42:47.184Z
London,"St. James' Court, A Taj Hotel, London",4,4.5,3389,265,klook,272,815,2026-11-12,2026-11-15,3,2,USD,2026-10-09T09:42:47.184Z
London,"St. James' Court, A Taj Hotel, London",4,4.5,3389,265,Traveluro,278,835,2026-11-12,2026-11-15,3,2,USD,2026-10-09T09:42:47.184Z
London,"St. James' Court, A Taj Hotel, London",4,4.5,3389,265,trivago DEALS,281,843,2026-11-12,2026-11-15,3,2,USD,2026-10-09T09:42:47.184Z
London,"St. James' Court, A Taj Hotel, London",4,4.5,3389,265,Long Stay Discounts,295,884,2026-11-12,2026-11-15,3,2,USD,2026-10-09T09:42:47.184Z
London,"St. James' Court, A Taj Hotel, London",4,4.5,3389,265,dealbase.com,298,893,2026-11-12,2026-11-15,3,2,USD,2026-10-09T09:42:47.184Z
London,"St. James' Court, A Taj Hotel, London",4,4.5,3389,265,Evendo,304,912,2026-11-12,2026-11-15,3,2,USD,2026-10-09T09:42:47.184Z
London,"St. James' Court, A Taj Hotel, London",4,4.5,3389,265,Priceline,305,914,2026-11-12,2026-11-15,3,2,USD,2026-10-09T09:42:47.184Z
London,"St. James' Court, A Taj Hotel, London",4,4.5,3389,265,Billabook.com,307,920,2026-11-12,2026-11-15,3,2,USD,2026-10-09T09:42:47.184Z
London,"St. James' Court, A Taj Hotel, London",4,4.5,3389,265,TravelUp,309,926,2026-11-12,2026-11-15,3,2,USD,2026-10-09T09:42:47.184Z
London,"St. James' Court, A Taj Hotel, London",4,4.5,3389,265,Booking.com,348,1044,2026-11-12,2026-11-15,3,2,USD,2026-10-09T09:42:47.184Z
London,"St. James' Court, A Taj Hotel, London",4,4.5,3389,265,Expedia.com,348,1043,2026-11-12,2026-11-15,3,2,USD,2026-10-09T09:42:47.184Z
London,"St. James' Court, A Taj Hotel, London",4,4.5,3389,265,Travelocity.com,348,1043,2026-11-12,2026-11-15,3,2,USD,2026-10-09T09:42:47.184Z
London,"St. James' Court, A Taj Hotel, London",4,4.5,3389,265,Orbitz.com,348,1043,2026-11-12,2026-11-15,3,2,USD,2026-10-09T09:42:47.184Z
London,"St. James' Court, A Taj Hotel, London",4,4.5,3389,265,CheapTickets.com,348,1043,2026-11-12,2026-11-15,3,2,USD,2026-10-09T09:42:47.184Z
London,"St. James' Court, A Taj Hotel, London",4,4.5,3389,265,Clicktrip.com,350,1051,2026-11-12,2026-11-15,3,2,USD,2026-10-09T09:42:47.184Z
London,"St. James' Court, A Taj Hotel, London",4,4.5,3389,265,Hotels.com,355,1066,2026-11-12,2026-11-15,3,2,USD,2026-10-09T09:42:47.184Z
London,"St. James' Court, A Taj Hotel, London",4,4.5,3389,265,Closest Hotel,355,1065,2026-11-12,2026-11-15,3,2,USD,2026-10-09T09:42:47.184Z
London,"St. James' Court, A Taj Hotel, London",4,4.5,3389,265,Kiwi.com,355,1066,2026-11-12,2026-11-15,3,2,USD,2026-10-09T09:42:47.184Z
London,"St. James' Court, A Taj Hotel, London",4,4.5,3389,265,Agoda,356,1067,2026-11-12,2026-11-15,3,2,USD,2026-10-09T09:42:47.184Z
London,"St. James' Court, A Taj Hotel, London",4,4.5,3389,265,Catchit.com,359,1076,2026-11-12,2026-11-15,3,2,USD,2026-10-09T09:42:47.184Z
London,"St. James' Court, A Taj Hotel, London",4,4.5,3389,265,Bluepillow.com,363,1090,2026-11-12,2026-11-15,3,2,USD,2026-10-09T09:42:47.184Z
London,"St. James' Court, A Taj Hotel, London",4,4.5,3389,265,eDreams,371,1114,2026-11-12,2026-11-15,3,2,USD,2026-10-09T09:42:47.184Z
London,"St. James' Court, A Taj Hotel, London",4,4.5,3389,265,Reserving,403,1209,2026-11-12,2026-11-15,3,2,USD,2026-10-09T09:42:47.184Z
London,"St. James' Court, A Taj Hotel, London",4,4.5,3389,265,Qantas Hotels,427,1282,2026-11-12,2026-11-15,3,2,USD,2026-10-09T09:42:47.184Z
London,"St. James' Court, A Taj Hotel, London",4,4.5,3389,265,Hotel prive,465,1396,2026-11-12,2026-11-15,3,2,USD,2026-10-09T09:42:47.184Z
London,"St. James' Court, A Taj Hotel, London",4,4.5,3389,265,Suite Stay Club,509,1526,2026-11-12,2026-11-15,3,2,USD,2026-10-09T09:42:47.184Z
London,Park Plaza London Westminster Bridge,4,4.5,14479,225,Super.com,225,676,2026-11-12,2026-11-15,3,2,USD,2026-10-09T09:42:47.184Z
London,Park Plaza London Westminster Bridge,4,4.5,14479,225,Long Stay Discounts,254,763,2026-11-12,2026-11-15,3,2,USD,2026-10-09T09:42:47.184Z
London,Park Plaza London Westminster Bridge,4,4.5,14479,225,parkplaza.com,316,949,2026-11-12,2026-11-15,3,2,USD,2026-10-09T09:42:47.184Z
London,Park Plaza London Westminster Bridge,4,4.5,14479,225,Expedia.com,316,948,2026-11-12,2026-11-15,3,2,USD,2026-10-09T09:42:47.184Z
London,Park Plaza London Westminster Bridge,4,4.5,14479,225,Booking.com,316,949,2026-11-12,2026-11-15,3,2,USD,2026-10-09T09:42:47.184Z
London,Park Plaza London Westminster Bridge,4,4.5,14479,225,KAYAK.com,316,948,2026-11-12,2026-11-15,3,2,USD,2026-10-09T09:42:47.184Z
London,Park Plaza London Westminster Bridge,4,4.5,14479,225,Priceline,316,949,2026-11-12,2026-11-15,3,2,USD,2026-10-09T09:42:47.184Z
London,Park Plaza London Westminster Bridge,4,4.5,14479,225,Hotels.com,316,948,2026-11-12,2026-11-15,3,2,USD,2026-10-09T09:42:47.184Z
London,Park Plaza London Westminster Bridge,4,4.5,14479,225,Agoda,316,949,2026-11-12,2026-11-15,3,2,USD,2026-10-09T09:42:47.184Z
London,Park Plaza London Westminster Bridge,4,4.5,14479,225,Trip.com,316,949,2026-11-12,2026-11-15,3,2,USD,2026-10-09T09:42:47.184Z
London,Park Plaza London Westminster Bridge,4,4.5,14479,225,Vio.com,316,948,2026-11-12,2026-11-15,3,2,USD,2026-10-09T09:42:47.184Z
London,Park Plaza London Westminster Bridge,4,4.5,14479,225,Travelocity.com,316,948,2026-11-12,2026-11-15,3,2,USD,2026-10-09T09:42:47.184Z
London,Park Plaza London Westminster Bridge,4,4.5,14479,225,Closest Hotel,316,948,2026-11-12,2026-11-15,3,2,USD,2026-10-09T09:42:47.184Z
London,Park Plaza London Westminster Bridge,4,4.5,14479,225,TravelUp,316,948,2026-11-12,2026-11-15,3,2,USD,2026-10-09T09:42:47.184Z
London,Park Plaza London Westminster Bridge,4,4.5,14479,225,HomeToGo,316,947,2026-11-12,2026-11-15,3,2,USD,2026-10-09T09:42:47.184Z
London,Park Plaza London Westminster Bridge,4,4.5,14479,225,Catchit.com,316,949,2026-11-12,2026-11-15,3,2,USD,2026-10-09T09:42:47.184Z
London,Park Plaza London Westminster Bridge,4,4.5,14479,225,Orbitz.com,316,948,2026-11-12,2026-11-15,3,2,USD,2026-10-09T09:42:47.184Z
London,Park Plaza London Westminster Bridge,4,4.5,14479,225,Bluepillow.com,316,948,2026-11-12,2026-11-15,3,2,USD,2026-10-09T09:42:47.184Z
London,Park Plaza London Westminster Bridge,4,4.5,14479,225,goseek.com,316,948,2026-11-12,2026-11-15,3,2,USD,2026-10-09T09:42:47.184Z
London,Park Plaza London Westminster Bridge,4,4.5,14479,225,dealbase.com,316,948,2026-11-12,2026-11-15,3,2,USD,2026-10-09T09:42:47.184Z
London,Park Plaza London Westminster Bridge,4,4.5,14479,225,Etrip.net,316,948,2026-11-12,2026-11-15,3,2,USD,2026-10-09T09:42:47.184Z
London,Park Plaza London Westminster Bridge,4,4.5,14479,225,Hotelscombined.com,316,948,2026-11-12,2026-11-15,3,2,USD,2026-10-09T09:42:47.184Z
London,Park Plaza London Westminster Bridge,4,4.5,14479,225,CheapTickets.com,316,948,2026-11-12,2026-11-15,3,2,USD,2026-10-09T09:42:47.184Z
London,Park Plaza London Westminster Bridge,4,4.5,14479,225,momondo.com,316,948,2026-11-12,2026-11-15,3,2,USD,2026-10-09T09:42:47.184Z
London,Park Plaza London Westminster Bridge,4,4.5,14479,225,Traveluro,318,955,2026-11-12,2026-11-15,3,2,USD,2026-10-09T09:42:47.184Z
London,Park Plaza London Westminster Bridge,4,4.5,14479,225,Pilot,325,975,2026-11-12,2026-11-15,3,2,USD,2026-10-09T09:42:47.184Z
London,Park Plaza London Westminster Bridge,4,4.5,14479,225,eDreams,326,977,2026-11-12,2026-11-15,3,2,USD,2026-10-09T09:42:47.184Z
London,Park Plaza London Westminster Bridge,4,4.5,14479,225,Luxury Escapes,327,982,2026-11-12,2026-11-15,3,2,USD,2026-10-09T09:42:47.184Z
London,Park Plaza London Westminster Bridge,4,4.5,14479,225,Billabook.com,363,1089,2026-11-12,2026-11-15,3,2,USD,2026-10-09T09:42:47.184Z
London,Park Plaza London Westminster Bridge,4,4.5,14479,225,lastminute.com,380,1141,2026-11-12,2026-11-15,3,2,USD,2026-10-09T09:42:47.184Z
London,Canopy by Hilton London City,4,4.6,1676,224,KAYAK.com,224,671,2026-11-12,2026-11-15,3,2,USD,2026-10-09T09:42:47.184Z
London,Canopy by Hilton London City,4,4.6,1676,224,trivago DEALS,230,690,2026-11-12,2026-11-15,3,2,USD,2026-10-09T09:42:47.184Z
London,Canopy by Hilton London City,4,4.6,1676,224,Stayforlong.com,238,715,2026-11-12,2026-11-15,3,2,USD,2026-10-09T09:42:47.184Z
London,Canopy by Hilton London City,4,4.6,1676,224,Kiwi.com,243,728,2026-11-12,2026-11-15,3,2,USD,2026-10-09T09:42:47.184Z
London,Canopy by Hilton London City,4,4.6,1676,224,Expedia.com,245,736,2026-11-12,2026-11-15,3,2,USD,2026-10-09T09:42:47.184Z
London,Canopy by Hilton London City,4,4.6,1676,224,Vio.com,245,736,2026-11-12,2026-11-15,3,2,USD,2026-10-09T09:42:47.184Z
London,Canopy by Hilton London City,4,4.6,1676,224,Travelocity.com,245,736,2026-11-12,2026-11-15,3,2,USD,2026-10-09T09:42:47.184Z
London,Canopy by Hilton London City,4,4.6,1676,224,TravelUp,245,736,2026-11-12,2026-11-15,3,2,USD,2026-10-09T09:42:47.184Z
London,Canopy by Hilton London City,4,4.6,1676,224,HomeToGo,245,736,2026-11-12,2026-11-15,3,2,USD,2026-10-09T09:42:47.184Z
London,Canopy by Hilton London City,4,4.6,1676,224,BusinessHotels.com,245,736,2026-11-12,2026-11-15,3,2,USD,2026-10-09T09:42:47.184Z
London,Canopy by Hilton London City,4,4.6,1676,224,goseek.com,245,736,2026-11-12,2026-11-15,3,2,USD,2026-10-09T09:42:47.184Z
London,Canopy by Hilton London City,4,4.6,1676,224,Orbitz.com,245,736,2026-11-12,2026-11-15,3,2,USD,2026-10-09T09:42:47.184Z
London,Canopy by Hilton London City,4,4.6,1676,224,Etrip.net,245,736,2026-11-12,2026-11-15,3,2,USD,2026-10-09T09:42:47.184Z
London,Canopy by Hilton London City,4,4.6,1676,224,CheapTickets.com,245,736,2026-11-12,2026-11-15,3,2,USD,2026-10-09T09:42:47.184Z
London,Canopy by Hilton London City,4,4.6,1676,224,Booking.com,246,737,2026-11-12,2026-11-15,3,2,USD,2026-10-09T09:42:47.184Z
London,Canopy by Hilton London City,4,4.6,1676,224,Priceline,246,737,2026-11-12,2026-11-15,3,2,USD,2026-10-09T09:42:47.184Z
London,Canopy by Hilton London City,4,4.6,1676,224,Agoda,246,737,2026-11-12,2026-11-15,3,2,USD,2026-10-09T09:42:47.184Z
London,Canopy by Hilton London City,4,4.6,1676,224,Trip.com,247,741,2026-11-12,2026-11-15,3,2,USD,2026-10-09T09:42:47.184Z
London,Canopy by Hilton London City,4,4.6,1676,224,Closest Hotel,247,741,2026-11-12,2026-11-15,3,2,USD,2026-10-09T09:42:47.184Z
London,Canopy by Hilton London City,4,4.6,1676,224,Catchit.com,247,742,2026-11-12,2026-11-15,3,2,USD,2026-10-09T09:42:47.184Z
London,Canopy by Hilton London City,4,4.6,1676,224,Canopy by Hilton London City,248,743,2026-11-12,2026-11-15,3,2,USD,2026-10-09T09:42:47.184Z
London,Canopy by Hilton London City,4,4.6,1676,224,Long Stay Discounts,250,750,2026-11-12,2026-11-15,3,2,USD,2026-10-09T09:42:47.184Z
London,Canopy by Hilton London City,4,4.6,1676,224,Super.com,251,754,2026-11-12,2026-11-15,3,2,USD,2026-10-09T09:42:47.184Z
London,Canopy by Hilton London City,4,4.6,1676,224,Luxury Escapes,251,753,2026-11-12,2026-11-15,3,2,USD,2026-10-09T09:42:47.184Z
London,Canopy by Hilton London City,4,4.6,1676,224,eDreams,252,755,2026-11-12,2026-11-15,3,2,USD,2026-10-09T09:42:47.184Z
London,Canopy by Hilton London City,4,4.6,1676,224,Traveluro,265,795,2026-11-12,2026-11-15,3,2,USD,2026-10-09T09:42:47.184Z
London,Canopy by Hilton London City,4,4.6,1676,224,lastminute.com,295,885,2026-11-12,2026-11-15,3,2,USD,2026-10-09T09:42:47.184Z
London,Canopy by Hilton London City,4,4.6,1676,224,Qantas Hotels,295,886,2026-11-12,2026-11-15,3,2,USD,2026-10-09T09:42:47.184Z
London,Canopy by Hilton London City,4,4.6,1676,224,Hotel prive,343,1030,2026-11-12,2026-11-15,3,2,USD,2026-10-09T09:42:47.184Z
London,Canopy by Hilton London City,4,4.6,1676,224,Tripening Hotels,371,1113,2026-11-12,2026-11-15,3,2,USD,2026-10-09T09:42:47.184Z
Paris,Hyatt Regency Paris Étoile,4,4.4,6458,209,Vio.com,209,628,2026-11-12,2026-11-15,3,2,USD,2026-10-09T09:42:47.184Z
Paris,Hyatt Regency Paris Étoile,4,4.4,6458,209,goseek.com,210,630,2026-11-12,2026-11-15,3,2,USD,2026-10-09T09:42:47.184Z
Paris,Hyatt Regency Paris Étoile,4,4.4,6458,209,Kiwi.com,216,647,2026-11-12,2026-11-15,3,2,USD,2026-10-09T09:42:47.184Z
Paris,Hyatt Regency Paris Étoile,4,4.4,6458,209,Prestigia.com,217,652,2026-11-12,2026-11-15,3,2,USD,2026-10-09T09:42:47.184Z
Paris,Hyatt Regency Paris Étoile,4,4.4,6458,209,Super.com,220,659,2026-11-12,2026-11-15,3,2,USD,2026-10-09T09:42:47.184Z
Paris,Hyatt Regency Paris Étoile,4,4.4,6458,209,Bluepillow.com,238,714,2026-11-12,2026-11-15,3,2,USD,2026-10-09T09:42:47.184Z
Paris,Hyatt Regency Paris Étoile,4,4.4,6458,209,Traveluro,243,729,2026-11-12,2026-11-15,3,2,USD,2026-10-09T09:42:47.184Z
Paris,Hyatt Regency Paris Étoile,4,4.4,6458,209,Booking.com,244,732,2026-11-12,2026-11-15,3,2,USD,2026-10-09T09:42:47.184Z
Paris,Hyatt Regency Paris Étoile,4,4.4,6458,209,Expedia.com,244,731,2026-11-12,2026-11-15,3,2,USD,2026-10-09T09:42:47.184Z
Paris,Hyatt Regency Paris Étoile,4,4.4,6458,209,Hotels.com,244,731,2026-11-12,2026-11-15,3,2,USD,2026-10-09T09:42:47.184Z
Paris,Hyatt Regency Paris Étoile,4,4.4,6458,209,Priceline,244,732,2026-11-12,2026-11-15,3,2,USD,2026-10-09T09:42:47.184Z
Paris,Hyatt Regency Paris Étoile,4,4.4,6458,209,Long Stay Discounts,244,731,2026-11-12,2026-11-15,3,2,USD,2026-10-09T09:42:47.184Z
Paris,Hyatt Regency Paris Étoile,4,4.4,6458,209,Travelocity.com,244,731,2026-11-12,2026-11-15,3,2,USD,2026-10-09T09:42:47.184Z
Paris,Hyatt Regency Paris Étoile,4,4.4,6458,209,Orbitz.com,244,731,2026-11-12,2026-11-15,3,2,USD,2026-10-09T09:42:47.184Z
Paris,Hyatt Regency Paris Étoile,4,4.4,6458,209,CheapTickets.com,244,731,2026-11-12,2026-11-15,3,2,USD,2026-10-09T09:42:47.184Z
Paris,Hyatt Regency Paris Étoile,4,4.4,6458,209,Hyatt Regency Paris Étoile,244,732,2026-11-12,2026-11-15,3,2,USD,2026-10-09T09:42:47.184Z
Paris,Hyatt Regency Paris Étoile,4,4.4,6458,209,trivago DEALS,246,738,2026-11-12,2026-11-15,3,2,USD,2026-10-09T09:42:47.184Z
Paris,Hyatt Regency Paris Étoile,4,4.4,6458,209,eDreams,247,742,2026-11-12,2026-11-15,3,2,USD,2026-10-09T09:42:47.184Z
Paris,Hyatt Regency Paris Étoile,4,4.4,6458,209,HomeToGo,261,782,2026-11-12,2026-11-15,3,2,USD,2026-10-09T09:42:47.184Z
Paris,Hyatt Regency Paris Étoile,4,4.4,6458,209,Closest Hotel,263,788,2026-11-12,2026-11-15,3,2,USD,2026-10-09T09:42:47.184Z
Paris,Hyatt Regency Paris Étoile,4,4.4,6458,209,TravelUp,263,788,2026-11-12,2026-11-15,3,2,USD,2026-10-09T09:42:47.184Z
Paris,Hyatt Regency Paris Étoile,4,4.4,6458,209,Luxury Escapes,266,799,2026-11-12,2026-11-15,3,2,USD,2026-10-09T09:42:47.184Z
Paris,Hyatt Regency Paris Étoile,4,4.4,6458,209,Billabook.com,267,801,2026-11-12,2026-11-15,3,2,USD,2026-10-09T09:42:47.184Z
Paris,Hyatt Regency Paris Étoile,4,4.4,6458,209,Trip.com,268,805,2026-11-12,2026-11-15,3,2,USD,2026-10-09T09:42:47.184Z
Paris,Hyatt Regency Paris Étoile,4,4.4,6458,209,Stayforlong.com,276,829,2026-11-12,2026-11-15,3,2,USD,2026-10-09T09:42:47.184Z
Paris,Hyatt Regency Paris Étoile,4,4.4,6458,209,Qantas Hotels,288,863,2026-11-12,2026-11-15,3,2,USD,2026-10-09T09:42:47.184Z
Paris,Hyatt Regency Paris Étoile,4,4.4,6458,209,Evendo,324,971,2026-11-12,2026-11-15,3,2,USD,2026-10-09T09:42:47.184Z
Paris,Hyatt Regency Paris Étoile,4,4.4,6458,209,Hotel prive,328,983,2026-11-12,2026-11-15,3,2,USD,2026-10-09T09:42:47.184Z
Paris,Hyatt Regency Paris Étoile,4,4.4,6458,209,Tripening Hotels,334,1001,2026-11-12,2026-11-15,3,2,USD,2026-10-09T09:42:47.184Z
Paris,Hyatt Regency Paris Étoile,4,4.4,6458,209,klook,767,2300,2026-11-12,2026-11-15,3,2,USD,2026-10-09T09:42:47.184Z
London,The Londoner,5,4.6,2433,475,Super.com,475,1425,2026-11-12,2026-11-15,3,2,USD,2026-10-09T09:42:47.184Z
London,The Londoner,5,4.6,2433,475,Vio.com,520,1559,2026-11-12,2026-11-15,3,2,USD,2026-10-09T09:42:47.184Z
London,The Londoner,5,4.6,2433,475,Long Stay Discounts,523,1570,2026-11-12,2026-11-15,3,2,USD,2026-10-09T09:42:47.184Z
London,The Londoner,5,4.6,2433,475,goseek.com,542,1625,2026-11-12,2026-11-15,3,2,USD,2026-10-09T09:42:47.184Z
London,The Londoner,5,4.6,2433,475,Billabook.com,553,1659,2026-11-12,2026-11-15,3,2,USD,2026-10-09T09:42:47.184Z
London,The Londoner,5,4.6,2433,475,Closest Hotel,627,1880,2026-11-12,2026-11-15,3,2,USD,2026-10-09T09:42:47.184Z
London,The Londoner,5,4.6,2433,475,Expedia.com,639,1918,2026-11-12,2026-11-15,3,2,USD,2026-10-09T09:42:47.184Z
London,The Londoner,5,4.6,2433,475,KAYAK.com,639,1916,2026-11-12,2026-11-15,3,2,USD,2026-10-09T09:42:47.184Z
London,The Londoner,5,4.6,2433,475,Travelocity.com,639,1918,2026-11-12,2026-11-15,3,2,USD,2026-10-09T09:42:47.184Z
London,The Londoner,5,4.6,2433,475,Orbitz.com,639,1918,2026-11-12,2026-11-15,3,2,USD,2026-10-09T09:42:47.184Z
London,The Londoner,5,4.6,2433,475,CheapTickets.com,639,1918,2026-11-12,2026-11-15,3,2,USD,2026-10-09T09:42:47.184Z
London,The Londoner,5,4.6,2433,475,Hotelscombined.com,639,1916,2026-11-12,2026-11-15,3,2,USD,2026-10-09T09:42:47.184Z
London,The Londoner,5,4.6,2433,475,momondo.com,639,1916,2026-11-12,2026-11-15,3,2,USD,2026-10-09T09:42:47.184Z
London,The Londoner,5,4.6,2433,475,The Londoner,640,1920,2026-11-12,2026-11-15,3,2,USD,2026-10-09T09:42:47.184Z
London,The Londoner,5,4.6,2433,475,Booking.com,640,1920,2026-11-12,2026-11-15,3,2,USD,2026-10-09T09:42:47.184Z
London,The Londoner,5,4.6,2433,475,Priceline,640,1920,2026-11-12,2026-11-15,3,2,USD,2026-10-09T09:42:47.184Z
London,The Londoner,5,4.6,2433,475,Michelin Guide Hotels,640,1920,2026-11-12,2026-11-15,3,2,USD,2026-10-09T09:42:47.184Z
London,The Londoner,5,4.6,2433,475,Trip.com,654,1962,2026-11-12,2026-11-15,3,2,USD,2026-10-09T09:42:47.184Z
London,The Londoner,5,4.6,2433,475,Luxury Escapes,654,1962,2026-11-12,2026-11-15,3,2,USD,2026-10-09T09:42:47.184Z
London,The Londoner,5,4.6,2433,475,eDreams,665,1995,2026-11-12,2026-11-15,3,2,USD,2026-10-09T09:42:47.184Z
London,The Londoner,5,4.6,2433,475,Reserving,744,2232,2026-11-12,2026-11-15,3,2,USD,2026-10-09T09:42:47.184Z
London,The Londoner,5,4.6,2433,475,Qantas Hotels,754,2262,2026-11-12,2026-11-15,3,2,USD,2026-10-09T09:42:47.184Z
London,The Londoner,5,4.6,2433,475,Hotel prive,855,2565,2026-11-12,2026-11-15,3,2,USD,2026-10-09T09:42:47.184Z
London,The Londoner,5,4.6,2433,475,Clicktrip.com,1137,3412,2026-11-12,2026-11-15,3,2,USD,2026-10-09T09:42:47.184Z
Paris,Best Western Hôtel Rives de Paris La Défense,3,3.9,434,80,Vio.com,80,241,2026-11-12,2026-11-15,3,2,USD,2026-10-09T09:42:47.184Z
Paris,Best Western Hôtel Rives de Paris La Défense,3,3.9,434,80,goseek.com,80,241,2026-11-12,2026-11-15,3,2,USD,2026-10-09T09:42:47.184Z
Paris,Best Western Hôtel Rives de Paris La Défense,3,3.9,434,80,Etrip.net,80,241,2026-11-12,2026-11-15,3,2,USD,2026-10-09T09:42:47.184Z
Paris,Best Western Hôtel Rives de Paris La Défense,3,3.9,434,80,Kiwi.com,83,250,2026-11-12,2026-11-15,3,2,USD,2026-10-09T09:42:47.184Z
Paris,Best Western Hôtel Rives de Paris La Défense,3,3.9,434,80,Best Western Hôtel Rives de Paris La Défense,87,260,2026-11-12,2026-11-15,3,2,USD,2026-10-09T09:42:47.184Z
Paris,Best Western Hôtel Rives de Paris La Défense,3,3.9,434,80,Booking.com,87,260,2026-11-12,2026-11-15,3,2,USD,2026-10-09T09:42:47.184Z
Paris,Best Western Hôtel Rives de Paris La Défense,3,3.9,434,80,Priceline,87,260,2026-11-12,2026-11-15,3,2,USD,2026-10-09T09:42:47.184Z
Paris,Best Western Hôtel Rives de Paris La Défense,3,3.9,434,80,Trip.com,88,265,2026-11-12,2026-11-15,3,2,USD,2026-10-09T09:42:47.184Z
Paris,Best Western Hôtel Rives de Paris La Défense,3,3.9,434,80,Super.com,90,270,2026-11-12,2026-11-15,3,2,USD,2026-10-09T09:42:47.184Z
Paris,Best Western Hôtel Rives de Paris La Défense,3,3.9,434,80,Expedia.com,91,273,2026-11-12,2026-11-15,3,2,USD,2026-10-09T09:42:47.184Z
Paris,Best Western Hôtel Rives de Paris La Défense,3,3.9,434,80,Hotels.com,91,274,2026-11-12,2026-11-15,3,2,USD,2026-10-09T09:42:47.184Z
Paris,Best Western Hôtel Rives de Paris La Défense,3,3.9,434,80,Travelocity.com,91,273,2026-11-12,2026-11-15,3,2,USD,2026-10-09T09:42:47.184Z
Paris,Best Western Hôtel Rives de Paris La Défense,3,3.9,434,80,Orbitz.com,91,273,2026-11-12,2026-11-15,3,2,USD,2026-10-09T09:42:47.184Z
Paris,Best Western Hôtel Rives de Paris La Défense,3,3.9,434,80,CheapTickets.com,91,273,2026-11-12,2026-11-15,3,2,USD,2026-10-09T09:42:47.184Z
Paris,Best Western Hôtel Rives de Paris La Défense,3,3.9,434,80,EaseMyTrip.com,92,277,2026-11-12,2026-11-15,3,2,USD,2026-10-09T09:42:47.184Z
Paris,Best Western Hôtel Rives de Paris La Défense,3,3.9,434,80,eDreams,93,278,2026-11-12,2026-11-15,3,2,USD,2026-10-09T09:42:47.184Z
Paris,Best Western Hôtel Rives de Paris La Défense,3,3.9,434,80,Evendo,98,293,2026-11-12,2026-11-15,3,2,USD,2026-10-09T09:42:47.184Z
Paris,Best Western Hôtel Rives de Paris La Défense,3,3.9,434,80,Reserving,100,301,2026-11-12,2026-11-15,3,2,USD,2026-10-09T09:42:47.184Z
Paris,Best Western Hôtel Rives de Paris La Défense,3,3.9,434,80,Agoda,102,306,2026-11-12,2026-11-15,3,2,USD,2026-10-09T09:42:47.184Z
Paris,Best Western Hôtel Rives de Paris La Défense,3,3.9,434,80,HomeToGo,102,305,2026-11-12,2026-11-15,3,2,USD,2026-10-09T09:42:47.184Z
Paris,Best Western Hôtel Rives de Paris La Défense,3,3.9,434,80,Bluepillow.com,103,308,2026-11-12,2026-11-15,3,2,USD,2026-10-09T09:42:47.184Z
Paris,Best Western Hôtel Rives de Paris La Défense,3,3.9,434,80,Qantas Hotels,112,337,2026-11-12,2026-11-15,3,2,USD,2026-10-09T09:42:47.184Z
Paris,Best Western Hôtel Rives de Paris La Défense,3,3.9,434,80,Tripening Hotels,125,376,2026-11-12,2026-11-15,3,2,USD,2026-10-09T09:42:47.184Z
London,The Bailey’s Hotel London,4,4.4,2795,193,goseek.com,193,579,2026-11-12,2026-11-15,3,2,USD,2026-10-09T09:42:47.184Z
London,The Bailey’s Hotel London,4,4.4,2795,193,Vio.com,194,583,2026-11-12,2026-11-15,3,2,USD,2026-10-09T09:42:47.184Z
London,The Bailey’s Hotel London,4,4.4,2795,193,Etrip.net,194,583,2026-11-12,2026-11-15,3,2,USD,2026-10-09T09:42:47.184Z
London,The Bailey’s Hotel London,4,4.4,2795,193,Kiwi.com,198,593,2026-11-12,2026-11-15,3,2,USD,2026-10-09T09:42:47.184Z
London,The Bailey’s Hotel London,4,4.4,2795,193,Traveluro,198,593,2026-11-12,2026-11-15,3,2,USD,2026-10-09T09:42:47.184Z
London,The Bailey’s Hotel London,4,4.4,2795,193,trivago DEALS,199,598,2026-11-12,2026-11-15,3,2,USD,2026-10-09T09:42:47.184Z
London,The Bailey’s Hotel London,4,4.4,2795,193,Long Stay Discounts,212,635,2026-11-12,2026-11-15,3,2,USD,2026-10-09T09:42:47.184Z
London,The Bailey’s Hotel London,4,4.4,2795,193,momondo.com,214,642,2026-11-12,2026-11-15,3,2,USD,2026-10-09T09:42:47.184Z
London,The Bailey’s Hotel London,4,4.4,2795,193,Booking.com,236,709,2026-11-12,2026-11-15,3,2,USD,2026-10-09T09:42:47.184Z
London,The Bailey’s Hotel London,4,4.4,2795,193,Expedia.com,236,708,2026-11-12,2026-11-15,3,2,USD,2026-10-09T09:42:47.184Z
London,The Bailey’s Hotel London,4,4.4,2795,193,Hotels.com,236,708,2026-11-12,2026-11-15,3,2,USD,2026-10-09T09:42:47.184Z
London,The Bailey’s Hotel London,4,4.4,2795,193,Priceline,236,709,2026-11-12,2026-11-15,3,2,USD,2026-10-09T09:42:47.184Z
London,The Bailey’s Hotel London,4,4.4,2795,193,Agoda,236,709,2026-11-12,2026-11-15,3,2,USD,2026-10-09T09:42:47.184Z
London,The Bailey’s Hotel London,4,4.4,2795,193,Trip.com,236,709,2026-11-12,2026-11-15,3,2,USD,2026-10-09T09:42:47.184Z
London,The Bailey’s Hotel London,4,4.4,2795,193,Travelocity.com,236,708,2026-11-12,2026-11-15,3,2,USD,2026-10-09T09:42:47.184Z
London,The Bailey’s Hotel London,4,4.4,2795,193,TravelUp,236,708,2026-11-12,2026-11-15,3,2,USD,2026-10-09T09:42:47.184Z
London,The Bailey’s Hotel London,4,4.4,2795,193,BusinessHotels.com,236,708,2026-11-12,2026-11-15,3,2,USD,2026-10-09T09:42:47.184Z
London,The Bailey’s Hotel London,4,4.4,2795,193,Bluepillow.com,236,708,2026-11-12,2026-11-15,3,2,USD,2026-10-09T09:42:47.184Z
London,The Bailey’s Hotel London,4,4.4,2795,193,Orbitz.com,236,708,2026-11-12,2026-11-15,3,2,USD,2026-10-09T09:42:47.184Z
London,The Bailey’s Hotel London,4,4.4,2795,193,CheapTickets.com,236,708,2026-11-12,2026-11-15,3,2,USD,2026-10-09T09:42:47.184Z
London,The Bailey’s Hotel London,4,4.4,2795,193,Millennium Bailey's Hotel London,236,709,2026-11-12,2026-11-15,3,2,USD,2026-10-09T09:42:47.184Z
London,The Bailey’s Hotel London,4,4.4,2795,193,Luxury Escapes,246,737,2026-11-12,2026-11-15,3,2,USD,2026-10-09T09:42:47.184Z
London,The Bailey’s Hotel London,4,4.4,2795,193,eDreams,246,737,2026-11-12,2026-11-15,3,2,USD,2026-10-09T09:42:47.184Z
London,The Bailey’s Hotel London,4,4.4,2795,193,Pilot,251,754,2026-11-12,2026-11-15,3,2,USD,2026-10-09T09:42:47.184Z
London,The Bailey’s Hotel London,4,4.4,2795,193,Clicktrip.com,261,782,2026-11-12,2026-11-15,3,2,USD,2026-10-09T09:42:47.184Z
London,The Bailey’s Hotel London,4,4.4,2795,193,Evendo,263,788,2026-11-12,2026-11-15,3,2,USD,2026-10-09T09:42:47.184Z
London,The Bailey’s Hotel London,4,4.4,2795,193,Catchit.com,267,802,2026-11-12,2026-11-15,3,2,USD,2026-10-09T09:42:47.184Z
London,The Bailey’s Hotel London,4,4.4,2795,193,Traveloka.com,273,820,2026-11-12,2026-11-15,3,2,USD,2026-10-09T09:42:47.184Z
London,The Bailey’s Hotel London,4,4.4,2795,193,Qantas Hotels,284,852,2026-11-12,2026-11-15,3,2,USD,2026-10-09T09:42:47.184Z
London,The Bailey’s Hotel London,4,4.4,2795,193,Hotel prive,296,888,2026-11-12,2026-11-15,3,2,USD,2026-10-09T09:42:47.184Z
Paris,MOB HOUSE,4,4.3,1135,83,Billabook.com,112,337,2026-11-12,2026-11-15,3,2,USD,2026-10-09T09:42:47.184Z
Paris,MOB HOUSE,4,4.3,1135,83,EaseMyTrip.com,122,366,2026-11-12,2026-11-15,3,2,USD,2026-10-09T09:42:47.184Z
Paris,MOB HOUSE,4,4.3,1135,83,Evendo,128,385,2026-11-12,2026-11-15,3,2,USD,2026-10-09T09:42:47.184Z
Paris,MOB HOUSE,4,4.3,1135,83,Vio.com,131,392,2026-11-12,2026-11-15,3,2,USD,2026-10-09T09:42:47.184Z
Paris,MOB HOUSE,4,4.3,1135,83,Etrip.net,131,392,2026-11-12,2026-11-15,3,2,USD,2026-10-09T09:42:47.184Z
Paris,MOB HOUSE,4,4.3,1135,83,Hotelsnest.com,132,397,2026-11-12,2026-11-15,3,2,USD,2026-10-09T09:42:47.184Z
Paris,MOB HOUSE,4,4.3,1135,83,Expedia.com,134,403,2026-11-12,2026-11-15,3,2,USD,2026-10-09T09:42:47.184Z
Paris,MOB HOUSE,4,4.3,1135,83,MOB HOUSE,135,404,2026-11-12,2026-11-15,3,2,USD,2026-10-09T09:42:47.184Z
Paris,MOB HOUSE,4,4.3,1135,83,Hotels.com,135,404,2026-11-12,2026-11-15,3,2,USD,2026-10-09T09:42:47.184Z
Paris,MOB HOUSE,4,4.3,1135,83,Clicktrip.com,137,411,2026-11-12,2026-11-15,3,2,USD,2026-10-09T09:42:47.184Z
Paris,MOB HOUSE,4,4.3,1135,83,Trip.com,138,413,2026-11-12,2026-11-15,3,2,USD,2026-10-09T09:42:47.184Z
Paris,MOB HOUSE,4,4.3,1135,83,HomeToGo,138,413,2026-11-12,2026-11-15,3,2,USD,2026-10-09T09:42:47.184Z
Paris,MOB HOUSE,4,4.3,1135,83,Bluepillow.com,138,413,2026-11-12,2026-11-15,3,2,USD,2026-10-09T09:42:47.184Z
Paris,MOB HOUSE,4,4.3,1135,83,Qantas Hotels,140,420,2026-11-12,2026-11-15,3,2,USD,2026-10-09T09:42:47.184Z
Paris,MOB HOUSE,4,4.3,1135,83,Kiwi.com,143,430,2026-11-12,2026-11-15,3,2,USD,2026-10-09T09:42:47.184Z
Paris,MOB HOUSE,4,4.3,1135,83,Booking.com,154,463,2026-11-12,2026-11-15,3,2,USD,2026-10-09T09:42:47.184Z
Paris,MOB HOUSE,4,4.3,1135,83,Priceline,154,463,2026-11-12,2026-11-15,3,2,USD,2026-10-09T09:42:47.184Z
Paris,ibis budget Paris Porte de Bercy,2,3.5,2717,51,Traveluro,51,152,2026-11-12,2026-11-15,3,2,USD,2026-10-09T09:42:47.184Z
Paris,ibis budget Paris Porte de Bercy,2,3.5,2717,51,trivago DEALS,52,155,2026-11-12,2026-11-15,3,2,USD,2026-10-09T09:42:47.184Z
Paris,ibis budget Paris Porte de Bercy,2,3.5,2717,51,ibis budget Paris Porte de Bercy,63,189,2026-11-12,2026-11-15,3,2,USD,2026-10-09T09:42:47.184Z
Paris,ibis budget Paris Porte de Bercy,2,3.5,2717,51,EaseMyTrip.com,63,189,2026-11-12,2026-11-15,3,2,USD,2026-10-09T09:42:47.184Z
Paris,ibis budget Paris Porte de Bercy,2,3.5,2717,51,Booking.com,63,189,2026-11-12,2026-11-15,3,2,USD,2026-10-09T09:42:47.184Z
Paris,ibis budget Paris Porte de Bercy,2,3.5,2717,51,Expedia.com,63,189,2026-11-12,2026-11-15,3,2,USD,2026-10-09T09:42:47.184Z
Paris,ibis budget Paris Porte de Bercy,2,3.5,2717,51,Tripadvisor.com,63,189,2026-11-12,2026-11-15,3,2,USD,2026-10-09T09:42:47.184Z
Paris,ibis budget Paris Porte de Bercy,2,3.5,2717,51,Hotels.com,63,189,2026-11-12,2026-11-15,3,2,USD,2026-10-09T09:42:47.184Z
Paris,ibis budget Paris Porte de Bercy,2,3.5,2717,51,Agoda,63,189,2026-11-12,2026-11-15,3,2,USD,2026-10-09T09:42:47.184Z
Paris,ibis budget Paris Porte de Bercy,2,3.5,2717,51,Priceline,63,189,2026-11-12,2026-11-15,3,2,USD,2026-10-09T09:42:47.184Z
Paris,ibis budget Paris Porte de Bercy,2,3.5,2717,51,Trip.com,63,189,2026-11-12,2026-11-15,3,2,USD,2026-10-09T09:42:47.184Z
Paris,ibis budget Paris Porte de Bercy,2,3.5,2717,51,Travelocity.com,63,189,2026-11-12,2026-11-15,3,2,USD,2026-10-09T09:42:47.184Z
Paris,ibis budget Paris Porte de Bercy,2,3.5,2717,51,Vio.com,63,190,2026-11-12,2026-11-15,3,2,USD,2026-10-09T09:42:47.184Z
Paris,ibis budget Paris Porte de Bercy,2,3.5,2717,51,Orbitz.com,63,189,2026-11-12,2026-11-15,3,2,USD,2026-10-09T09:42:47.184Z
Paris,ibis budget Paris Porte de Bercy,2,3.5,2717,51,goseek.com,63,190,2026-11-12,2026-11-15,3,2,USD,2026-10-09T09:42:47.184Z
Paris,ibis budget Paris Porte de Bercy,2,3.5,2717,51,Etrip.net,63,190,2026-11-12,2026-11-15,3,2,USD,2026-10-09T09:42:47.184Z
Paris,ibis budget Paris Porte de Bercy,2,3.5,2717,51,CheapTickets.com,63,189,2026-11-12,2026-11-15,3,2,USD,2026-10-09T09:42:47.184Z
Paris,ibis budget Paris Porte de Bercy,2,3.5,2717,51,müv AI,63,189,2026-11-12,2026-11-15,3,2,USD,2026-10-09T09:42:47.184Z
Paris,ibis budget Paris Porte de Bercy,2,3.5,2717,51,KAYAK.com,64,192,2026-11-12,2026-11-15,3,2,USD,2026-10-09T09:42:47.184Z
Paris,ibis budget Paris Porte de Bercy,2,3.5,2717,51,Hotelscombined.com,64,192,2026-11-12,2026-11-15,3,2,USD,2026-10-09T09:42:47.184Z
Paris,ibis budget Paris Porte de Bercy,2,3.5,2717,51,eDreams,64,191,2026-11-12,2026-11-15,3,2,USD,2026-10-09T09:42:47.184Z
Paris,ibis budget Paris Porte de Bercy,2,3.5,2717,51,momondo.com,64,191,2026-11-12,2026-11-15,3,2,USD,2026-10-09T09:42:47.184Z
Paris,ibis budget Paris Porte de Bercy,2,3.5,2717,51,Reserving,69,208,2026-11-12,2026-11-15,3,2,USD,2026-10-09T09:42:47.184Z
Paris,ibis budget Paris Porte de Bercy,2,3.5,2717,51,TravelUp,70,211,2026-11-12,2026-11-15,3,2,USD,2026-10-09T09:42:47.184Z
Paris,ibis budget Paris Porte de Bercy,2,3.5,2717,51,Traveloka.com,70,211,2026-11-12,2026-11-15,3,2,USD,2026-10-09T09:42:47.184Z
Paris,ibis budget Paris Porte de Bercy,2,3.5,2717,51,Stayforlong.com,70,211,2026-11-12,2026-11-15,3,2,USD,2026-10-09T09:42:47.184Z
Paris,ibis budget Paris Porte de Bercy,2,3.5,2717,51,HomeToGo,70,211,2026-11-12,2026-11-15,3,2,USD,2026-10-09T09:42:47.184Z
Paris,ibis budget Paris Porte de Bercy,2,3.5,2717,51,Bluepillow.com,70,211,2026-11-12,2026-11-15,3,2,USD,2026-10-09T09:42:47.184Z
Paris,ibis budget Paris Porte de Bercy,2,3.5,2717,51,Catchit.com,70,211,2026-11-12,2026-11-15,3,2,USD,2026-10-09T09:42:47.184Z
Paris,ibis budget Paris Porte de Bercy,2,3.5,2717,51,Super.com,71,212,2026-11-12,2026-11-15,3,2,USD,2026-10-09T09:42:47.184Z
Paris,Courtyard by Marriott Paris Gare de Lyon,4,4.4,1737,208,KAYAK.com,208,624,2026-11-12,2026-11-15,3,2,USD,2026-10-09T09:42:47.184Z
Paris,Courtyard by Marriott Paris Gare de Lyon,4,4.4,1737,208,Skyscanner,208,625,2026-11-12,2026-11-15,3,2,USD,2026-10-09T09:42:47.184Z
Paris,Courtyard by Marriott Paris Gare de Lyon,4,4.4,1737,208,Expedia.com,208,625,2026-11-12,2026-11-15,3,2,USD,2026-10-09T09:42:47.184Z
Paris,Courtyard by Marriott Paris Gare de Lyon,4,4.4,1737,208,Hotels.com,208,625,2026-11-12,2026-11-15,3,2,USD,2026-10-09T09:42:47.184Z
Paris,Courtyard by Marriott Paris Gare de Lyon,4,4.4,1737,208,Travelocity.com,208,625,2026-11-12,2026-11-15,3,2,USD,2026-10-09T09:42:47.184Z
Paris,Courtyard by Marriott Paris Gare de Lyon,4,4.4,1737,208,Hotelscombined.com,208,624,2026-11-12,2026-11-15,3,2,USD,2026-10-09T09:42:47.184Z
Paris,Courtyard by Marriott Paris Gare de Lyon,4,4.4,1737,208,Orbitz.com,208,625,2026-11-12,2026-11-15,3,2,USD,2026-10-09T09:42:47.184Z
Paris,Courtyard by Marriott Paris Gare de Lyon,4,4.4,1737,208,CheapTickets.com,208,625,2026-11-12,2026-11-15,3,2,USD,2026-10-09T09:42:47.184Z
Paris,Courtyard by Marriott Paris Gare de Lyon,4,4.4,1737,208,momondo.com,208,624,2026-11-12,2026-11-15,3,2,USD,2026-10-09T09:42:47.184Z
Paris,Courtyard by Marriott Paris Gare de Lyon,4,4.4,1737,208,Booking.com,209,626,2026-11-12,2026-11-15,3,2,USD,2026-10-09T09:42:47.184Z
Paris,Courtyard by Marriott Paris Gare de Lyon,4,4.4,1737,208,Trip.com,209,627,2026-11-12,2026-11-15,3,2,USD,2026-10-09T09:42:47.184Z
Paris,Courtyard by Marriott Paris Gare de Lyon,4,4.4,1737,208,Agoda,209,626,2026-11-12,2026-11-15,3,2,USD,2026-10-09T09:42:47.184Z
Paris,Courtyard by Marriott Paris Gare de Lyon,4,4.4,1737,208,Priceline,209,626,2026-11-12,2026-11-15,3,2,USD,2026-10-09T09:42:47.184Z
Paris,Courtyard by Marriott Paris Gare de Lyon,4,4.4,1737,208,eDreams,211,634,2026-11-12,2026-11-15,3,2,USD,2026-10-09T09:42:47.184Z
Paris,Courtyard by Marriott Paris Gare de Lyon,4,4.4,1737,208,Vio.com,227,682,2026-11-12,2026-11-15,3,2,USD,2026-10-09T09:42:47.184Z
Paris,Courtyard by Marriott Paris Gare de Lyon,4,4.4,1737,208,TravelUp,227,682,2026-11-12,2026-11-15,3,2,USD,2026-10-09T09:42:47.184Z
Paris,Courtyard by Marriott Paris Gare de Lyon,4,4.4,1737,208,HomeToGo,227,682,2026-11-12,2026-11-15,3,2,USD,2026-10-09T09:42:47.184Z
Paris,Courtyard by Marriott Paris Gare de Lyon,4,4.4,1737,208,goseek.com,227,682,2026-11-12,2026-11-15,3,2,USD,2026-10-09T09:42:47.184Z
Paris,Courtyard by Marriott Paris Gare de Lyon,4,4.4,1737,208,Etrip.net,227,682,2026-11-12,2026-11-15,3,2,USD,2026-10-09T09:42:47.184Z
Paris,Courtyard by Marriott Paris Gare de Lyon,4,4.4,1737,208,Bluepillow.com,227,682,2026-11-12,2026-11-15,3,2,USD,2026-10-09T09:42:47.184Z
Paris,Courtyard by Marriott Paris Gare de Lyon,4,4.4,1737,208,dealbase.com,227,682,2026-11-12,2026-11-15,3,2,USD,2026-10-09T09:42:47.184Z
Paris,Courtyard by Marriott Paris Gare de Lyon,4,4.4,1737,208,BusinessHotels.com,227,681,2026-11-12,2026-11-15,3,2,USD,2026-10-09T09:42:47.184Z
Paris,Courtyard by Marriott Paris Gare de Lyon,4,4.4,1737,208,Courtyard by Marriott Paris Gare de Lyon,230,689,2026-11-12,2026-11-15,3,2,USD,2026-10-09T09:42:47.184Z
Paris,Courtyard by Marriott Paris Gare de Lyon,4,4.4,1737,208,Reserving,230,689,2026-11-12,2026-11-15,3,2,USD,2026-10-09T09:42:47.184Z
Paris,Courtyard by Marriott Paris Gare de Lyon,4,4.4,1737,208,Luxury Escapes,230,691,2026-11-12,2026-11-15,3,2,USD,2026-10-09T09:42:47.184Z
Paris,Courtyard by Marriott Paris Gare de Lyon,4,4.4,1737,208,Qantas Hotels,249,747,2026-11-12,2026-11-15,3,2,USD,2026-10-09T09:42:47.184Z
Paris,Courtyard by Marriott Paris Gare de Lyon,4,4.4,1737,208,Hotel prive,338,1013,2026-11-12,2026-11-15,3,2,USD,2026-10-09T09:42:47.184Z
Paris,Hôtel Eugène en Ville,,4.4,911,169,Agoda,169,506,2026-11-12,2026-11-15,3,2,USD,2026-10-09T09:42:47.184Z
Paris,Hôtel Eugène en Ville,,4.4,911,169,Expedia.com,184,553,2026-11-12,2026-11-15,3,2,USD,2026-10-09T09:42:47.184Z
Paris,Hôtel Eugène en Ville,,4.4,911,169,Travelocity.com,184,553,2026-11-12,2026-11-15,3,2,USD,2026-10-09T09:42:47.184Z
Paris,Hôtel Eugène en Ville,,4.4,911,169,Orbitz.com,184,553,2026-11-12,2026-11-15,3,2,USD,2026-10-09T09:42:47.184Z
Paris,Hôtel Eugène en Ville,,4.4,911,169,CheapTickets.com,184,553,2026-11-12,2026-11-15,3,2,USD,2026-10-09T09:42:47.184Z
Paris,Hôtel Eugène en Ville,,4.4,911,169,Hotels.com,191,572,2026-11-12,2026-11-15,3,2,USD,2026-10-09T09:42:47.184Z
Paris,Hôtel Eugène en Ville,,4.4,911,169,eDreams,194,582,2026-11-12,2026-11-15,3,2,USD,2026-10-09T09:42:47.184Z
Paris,Crowne Plaza Paris - Republique by IHG,4,4.1,2994,181,goseek.com,181,544,2026-11-12,2026-11-15,3,2,USD,2026-10-09T09:42:47.184Z
Paris,Crowne Plaza Paris - Republique by IHG,4,4.1,2994,181,KAYAK.com,197,592,2026-11-12,2026-11-15,3,2,USD,2026-10-09T09:42:47.184Z
Paris,Crowne Plaza Paris - Republique by IHG,4,4.1,2994,181,Hotelscombined.com,197,592,2026-11-12,2026-11-15,3,2,USD,2026-10-09T09:42:47.184Z
Paris,Crowne Plaza Paris - Republique by IHG,4,4.1,2994,181,momondo.com,197,592,2026-11-12,2026-11-15,3,2,USD,2026-10-09T09:42:47.184Z
Paris,Crowne Plaza Paris - Republique by IHG,4,4.1,2994,181,Vio.com,198,594,2026-11-12,2026-11-15,3,2,USD,2026-10-09T09:42:47.184Z
Paris,Crowne Plaza Paris - Republique by IHG,4,4.1,2994,181,Etrip.net,198,594,2026-11-12,2026-11-15,3,2,USD,2026-10-09T09:42:47.184Z
Paris,Crowne Plaza Paris - Republique by IHG,4,4.1,2994,181,Billabook.com,201,604,2026-11-12,2026-11-15,3,2,USD,2026-10-09T09:42:47.184Z
Paris,Crowne Plaza Paris - Republique by IHG,4,4.1,2994,181,Clicktrip.com,216,648,2026-11-12,2026-11-15,3,2,USD,2026-10-09T09:42:47.184Z
Paris,Crowne Plaza Paris - Republique by IHG,4,4.1,2994,181,Stayforlong.com,216,649,2026-11-12,2026-11-15,3,2,USD,2026-10-09T09:42:47.184Z
Paris,Crowne Plaza Paris - Republique by IHG,4,4.1,2994,181,Prestigia.com,229,688,2026-11-12,2026-11-15,3,2,USD,2026-10-09T09:42:47.184Z
Paris,Crowne Plaza Paris - Republique by IHG,4,4.1,2994,181,Evendo,232,697,2026-11-12,2026-11-15,3,2,USD,2026-10-09T09:42:47.184Z
Paris,Crowne Plaza Paris - Republique by IHG,4,4.1,2994,181,Pilot,235,704,2026-11-12,2026-11-15,3,2,USD,2026-10-09T09:42:47.184Z
Paris,Crowne Plaza Paris - Republique by IHG,4,4.1,2994,181,Wego,236,707,2026-11-12,2026-11-15,3,2,USD,2026-10-09T09:42:47.184Z
Paris,Crowne Plaza Paris - Republique by IHG,4,4.1,2994,181,Booking.com,238,715,2026-11-12,2026-11-15,3,2,USD,2026-10-09T09:42:47.184Z
Paris,Crowne Plaza Paris - Republique by IHG,4,4.1,2994,181,Hotels.com,238,714,2026-11-12,2026-11-15,3,2,USD,2026-10-09T09:42:47.184Z
Paris,Crowne Plaza Paris - Republique by IHG,4,4.1,2994,181,Priceline,238,715,2026-11-12,2026-11-15,3,2,USD,2026-10-09T09:42:47.184Z
Paris,Crowne Plaza Paris - Republique by IHG,4,4.1,2994,181,Bluepillow.com,242,727,2026-11-12,2026-11-15,3,2,USD,2026-10-09T09:42:47.184Z
Paris,Crowne Plaza Paris - Republique by IHG,4,4.1,2994,181,Tripadvisor.com,243,730,2026-11-12,2026-11-15,3,2,USD,2026-10-09T09:42:47.184Z
Paris,Crowne Plaza Paris - Republique by IHG,4,4.1,2994,181,Expedia.com,244,731,2026-11-12,2026-11-15,3,2,USD,2026-10-09T09:42:47.184Z
Paris,Crowne Plaza Paris - Republique by IHG,4,4.1,2994,181,Agoda,244,732,2026-11-12,2026-11-15,3,2,USD,2026-10-09T09:42:47.184Z
Paris,Crowne Plaza Paris - Republique by IHG,4,4.1,2994,181,Travelocity.com,244,731,2026-11-12,2026-11-15,3,2,USD,2026-10-09T09:42:47.184Z
Paris,Crowne Plaza Paris - Republique by IHG,4,4.1,2994,181,Orbitz.com,244,731,2026-11-12,2026-11-15,3,2,USD,2026-10-09T09:42:47.184Z
Paris,Crowne Plaza Paris - Republique by IHG,4,4.1,2994,181,CheapTickets.com,244,731,2026-11-12,2026-11-15,3,2,USD,2026-10-09T09:42:47.184Z
Paris,Crowne Plaza Paris - Republique by IHG,4,4.1,2994,181,eDreams,249,748,2026-11-12,2026-11-15,3,2,USD,2026-10-09T09:42:47.184Z
Paris,Crowne Plaza Paris - Republique by IHG,4,4.1,2994,181,Super.com,258,773,2026-11-12,2026-11-15,3,2,USD,2026-10-09T09:42:47.184Z
Paris,Crowne Plaza Paris - Republique by IHG,4,4.1,2994,181,TravelUp,262,787,2026-11-12,2026-11-15,3,2,USD,2026-10-09T09:42:47.184Z
Paris,Crowne Plaza Paris - Republique by IHG,4,4.1,2994,181,HomeToGo,262,787,2026-11-12,2026-11-15,3,2,USD,2026-10-09T09:42:47.184Z
Paris,Crowne Plaza Paris - Republique by IHG,4,4.1,2994,181,Closest Hotel,263,788,2026-11-12,2026-11-15,3,2,USD,2026-10-09T09:42:47.184Z
Paris,Crowne Plaza Paris - Republique by IHG,4,4.1,2994,181,Long Stay Discounts,263,788,2026-11-12,2026-11-15,3,2,USD,2026-10-09T09:42:47.184Z
Paris,Crowne Plaza Paris - Republique by IHG,4,4.1,2994,181,Luxury Escapes,268,805,2026-11-12,2026-11-15,3,2,USD,2026-10-09T09:42:47.184Z
Paris,Hôtel Atrium by HappyCulture,3,4.5,1058,73,Vio.com,73,219,2026-11-12,2026-11-15,3,2,USD,2026-10-09T09:42:47.184Z
Paris,Hôtel Atrium by HappyCulture,3,4.5,1058,73,goseek.com,73,219,2026-11-12,2026-11-15,3,2,USD,2026-10-09T09:42:47.184Z
Paris,Hôtel Atrium by HappyCulture,3,4.5,1058,73,dealbase.com,73,219,2026-11-12,2026-11-15,3,2,USD,2026-10-09T09:42:47.184Z
Paris,Hôtel Atrium by HappyCulture,3,4.5,1058,73,Etrip.net,73,219,2026-11-12,2026-11-15,3,2,USD,2026-10-09T09:42:47.184Z
Paris,Hôtel Atrium by HappyCulture,3,4.5,1058,73,Tripadvisor.com,78,233,2026-11-12,2026-11-15,3,2,USD,2026-10-09T09:42:47.184Z
Paris,Hôtel Atrium by HappyCulture,3,4.5,1058,73,Agoda,78,234,2026-11-12,2026-11-15,3,2,USD,2026-10-09T09:42:47.184Z
Paris,Hôtel Atrium by HappyCulture,3,4.5,1058,73,Kiwi.com,78,235,2026-11-12,2026-11-15,3,2,USD,2026-10-09T09:42:47.184Z
Paris,Hôtel Atrium by HappyCulture,3,4.5,1058,73,Evendo,83,248,2026-11-12,2026-11-15,3,2,USD,2026-10-09T09:42:47.184Z
Paris,Hôtel Atrium by HappyCulture,3,4.5,1058,73,Super.com,85,254,2026-11-12,2026-11-15,3,2,USD,2026-10-09T09:42:47.184Z
Paris,Hôtel Atrium by HappyCulture,3,4.5,1058,73,L'Atrium by HappyCulture,92,275,2026-11-12,2026-11-15,3,2,USD,2026-10-09T09:42:47.184Z
Paris,Hôtel Atrium by HappyCulture,3,4.5,1058,73,Booking.com,94,282,2026-11-12,2026-11-15,3,2,USD,2026-10-09T09:42:47.184Z
Paris,Hôtel Atrium by HappyCulture,3,4.5,1058,73,Expedia.com,94,281,2026-11-12,2026-11-15,3,2,USD,2026-10-09T09:42:47.184Z
Paris,Hôtel Atrium by HappyCulture,3,4.5,1058,73,Priceline,94,282,2026-11-12,2026-11-15,3,2,USD,2026-10-09T09:42:47.184Z
Paris,Hôtel Atrium by HappyCulture,3,4.5,1058,73,Hotels.com,94,282,2026-11-12,2026-11-15,3,2,USD,2026-10-09T09:42:47.184Z
Paris,Hôtel Atrium by HappyCulture,3,4.5,1058,73,Travelocity.com,94,281,2026-11-12,2026-11-15,3,2,USD,2026-10-09T09:42:47.184Z
Paris,Hôtel Atrium by HappyCulture,3,4.5,1058,73,Orbitz.com,94,281,2026-11-12,2026-11-15,3,2,USD,2026-10-09T09:42:47.184Z
Paris,Hôtel Atrium by HappyCulture,3,4.5,1058,73,CheapTickets.com,94,281,2026-11-12,2026-11-15,3,2,USD,2026-10-09T09:42:47.184Z
Paris,Hôtel Atrium by HappyCulture,3,4.5,1058,73,Stayforlong.com,97,291,2026-11-12,2026-11-15,3,2,USD,2026-10-09T09:42:47.184Z
Paris,Hôtel Atrium by HappyCulture,3,4.5,1058,73,TravelUp,104,312,2026-11-12,2026-11-15,3,2,USD,2026-10-09T09:42:47.184Z
Paris,Hôtel Atrium by HappyCulture,3,4.5,1058,73,Tripening Hotels,121,362,2026-11-12,2026-11-15,3,2,USD,2026-10-09T09:42:47.184Z
Paris,Glint Paris,,4.5,3269,71,Booking.com,71,214,2026-11-12,2026-11-15,3,2,USD,2026-10-09T09:42:47.184Z
Paris,Glint Paris,,4.5,3269,71,Hostelworld,78,235,2026-11-12,2026-11-15,3,2,USD,2026-10-09T09:42:47.184Z
Paris,Glint Paris,,4.5,3269,71,Expedia.com,123,369,2026-11-12,2026-11-15,3,2,USD,2026-10-09T09:42:47.184Z
Paris,Glint Paris,,4.5,3269,71,Travelocity.com,123,369,2026-11-12,2026-11-15,3,2,USD,2026-10-09T09:42:47.184Z
Paris,Glint Paris,,4.5,3269,71,Orbitz.com,123,369,2026-11-12,2026-11-15,3,2,USD,2026-10-09T09:42:47.184Z
Paris,Glint Paris,,4.5,3269,71,CheapTickets.com,123,369,2026-11-12,2026-11-15,3,2,USD,2026-10-09T09:42:47.184Z
Paris,Glint Paris,,4.5,3269,71,Hotels.com,130,389,2026-11-12,2026-11-15,3,2,USD,2026-10-09T09:42:47.184Z
Paris,Glint Paris,,4.5,3269,71,Glint Paris,136,408,2026-11-12,2026-11-15,3,2,USD,2026-10-09T09:42:47.184Z
Paris,Glint Paris,,4.5,3269,71,eDreams,136,409,2026-11-12,2026-11-15,3,2,USD,2026-10-09T09:42:47.184Z
Paris,Glint Paris,,4.5,3269,71,Agoda,149,446,2026-11-12,2026-11-15,3,2,USD,2026-10-09T09:42:47.184Z
Paris,Glint Paris,,4.5,3269,71,Trip.com,149,446,2026-11-12,2026-11-15,3,2,USD,2026-10-09T09:42:47.184Z
Paris,Glint Paris,,4.5,3269,71,TravelUp,150,451,2026-11-12,2026-11-15,3,2,USD,2026-10-09T09:42:47.184Z
Paris,Glint Paris,,4.5,3269,71,Qantas Hotels,158,475,2026-11-12,2026-11-15,3,2,USD,2026-10-09T09:42:47.184Z
Paris,Le Grand Quartier,4,4.5,644,159,trivago DEALS,159,477,2026-11-12,2026-11-15,3,2,USD,2026-10-09T09:42:47.184Z
Paris,Le Grand Quartier,4,4.5,644,159,Vio.com,163,490,2026-11-12,2026-11-15,3,2,USD,2026-10-09T09:42:47.184Z
Paris,Le Grand Quartier,4,4.5,644,159,goseek.com,163,490,2026-11-12,2026-11-15,3,2,USD,2026-10-09T09:42:47.184Z
Paris,Le Grand Quartier,4,4.5,644,159,Kiwi.com,168,503,2026-11-12,2026-11-15,3,2,USD,2026-10-09T09:42:47.184Z
Paris,Le Grand Quartier,4,4.5,644,159,Agoda,184,553,2026-11-12,2026-11-15,3,2,USD,2026-10-09T09:42:47.184Z
Paris,Le Grand Quartier,4,4.5,644,159,Super.com,190,571,2026-11-12,2026-11-15,3,2,USD,2026-10-09T09:42:47.184Z
Paris,Le Grand Quartier,4,4.5,644,159,Priceline,204,611,2026-11-12,2026-11-15,3,2,USD,2026-10-09T09:42:47.184Z
Paris,Le Grand Quartier,4,4.5,644,159,TravelUp,204,611,2026-11-12,2026-11-15,3,2,USD,2026-10-09T09:42:47.184Z
Paris,Le Grand Quartier,4,4.5,644,159,Catchit.com,212,637,2026-11-12,2026-11-15,3,2,USD,2026-10-09T09:42:47.184Z
Paris,Le Grand Quartier,4,4.5,644,159,Le Grand Quartier,216,647,2026-11-12,2026-11-15,3,2,USD,2026-10-09T09:42:47.184Z
Paris,Le Grand Quartier,4,4.5,644,159,Reserving,216,648,2026-11-12,2026-11-15,3,2,USD,2026-10-09T09:42:47.184Z
Paris,Le Grand Quartier,4,4.5,644,159,Booking.com,226,679,2026-11-12,2026-11-15,3,2,USD,2026-10-09T09:42:47.184Z
Paris,Le Grand Quartier,4,4.5,644,159,Expedia.com,226,678,2026-11-12,2026-11-15,3,2,USD,2026-10-09T09:42:47.184Z
Paris,Le Grand Quartier,4,4.5,644,159,Hotels.com,226,678,2026-11-12,2026-11-15,3,2,USD,2026-10-09T09:42:47.184Z
Paris,Le Grand Quartier,4,4.5,644,159,Travelocity.com,226,678,2026-11-12,2026-11-15,3,2,USD,2026-10-09T09:42:47.184Z
Paris,Le Grand Quartier,4,4.5,644,159,Orbitz.com,226,678,2026-11-12,2026-11-15,3,2,USD,2026-10-09T09:42:47.184Z
Paris,Le Grand Quartier,4,4.5,644,159,CheapTickets.com,226,678,2026-11-12,2026-11-15,3,2,USD,2026-10-09T09:42:47.184Z
Paris,Le Grand Quartier,4,4.5,644,159,eDreams,230,690,2026-11-12,2026-11-15,3,2,USD,2026-10-09T09:42:47.184Z
Paris,Le Grand Quartier,4,4.5,644,159,Tripening Hotels,255,765,2026-11-12,2026-11-15,3,2,USD,2026-10-09T09:42:47.184Z
New York,DoubleTree by Hilton Hotel Fort Lee - George Washington Bridge,4,3.7,2578,123,Traveluro,123,368,2026-11-12,2026-11-15,3,2,USD,2026-10-09T09:42:47.184Z
New York,DoubleTree by Hilton Hotel Fort Lee - George Washington Bridge,4,3.7,2578,123,trivago DEALS,124,373,2026-11-12,2026-11-15,3,2,USD,2026-10-09T09:42:47.184Z
New York,DoubleTree by Hilton Hotel Fort Lee - George Washington Bridge,4,3.7,2578,123,DoubleTree by Hilton Hotel Fort Lee - George Washington Bridge,148,443,2026-11-12,2026-11-15,3,2,USD,2026-10-09T09:42:47.184Z
New York,DoubleTree by Hilton Hotel Fort Lee - George Washington Bridge,4,3.7,2578,123,KAYAK.com,164,492,2026-11-12,2026-11-15,3,2,USD,2026-10-09T09:42:47.184Z
New York,DoubleTree by Hilton Hotel Fort Lee - George Washington Bridge,4,3.7,2578,123,Hotelscombined.com,164,492,2026-11-12,2026-11-15,3,2,USD,2026-10-09T09:42:47.184Z
New York,DoubleTree by Hilton Hotel Fort Lee - George Washington Bridge,4,3.7,2578,123,momondo.com,164,492,2026-11-12,2026-11-15,3,2,USD,2026-10-09T09:42:47.184Z
New York,DoubleTree by Hilton Hotel Fort Lee - George Washington Bridge,4,3.7,2578,123,Vio.com,175,526,2026-11-12,2026-11-15,3,2,USD,2026-10-09T09:42:47.184Z
New York,DoubleTree by Hilton Hotel Fort Lee - George Washington Bridge,4,3.7,2578,123,Closest Hotel,175,526,2026-11-12,2026-11-15,3,2,USD,2026-10-09T09:42:47.184Z
New York,DoubleTree by Hilton Hotel Fort Lee - George Washington Bridge,4,3.7,2578,123,TravelUp,175,526,2026-11-12,2026-11-15,3,2,USD,2026-10-09T09:42:47.184Z
New York,DoubleTree by Hilton Hotel Fort Lee - George Washington Bridge,4,3.7,2578,123,goseek.com,175,526,2026-11-12,2026-11-15,3,2,USD,2026-10-09T09:42:47.184Z
New York,DoubleTree by Hilton Hotel Fort Lee - George Washington Bridge,4,3.7,2578,123,Etrip.net,175,526,2026-11-12,2026-11-15,3,2,USD,2026-10-09T09:42:47.184Z
New York,DoubleTree by Hilton Hotel Fort Lee - George Washington Bridge,4,3.7,2578,123,müv AI,175,526,2026-11-12,2026-11-15,3,2,USD,2026-10-09T09:42:47.184Z
New York,DoubleTree by Hilton Hotel Fort Lee - George Washington Bridge,4,3.7,2578,123,Expedia.com,177,531,2026-11-12,2026-11-15,3,2,USD,2026-10-09T09:42:47.184Z
New York,DoubleTree by Hilton Hotel Fort Lee - George Washington Bridge,4,3.7,2578,123,Tripadvisor.com,177,531,2026-11-12,2026-11-15,3,2,USD,2026-10-09T09:42:47.184Z
New York,DoubleTree by Hilton Hotel Fort Lee - George Washington Bridge,4,3.7,2578,123,Hotels.com,177,531,2026-11-12,2026-11-15,3,2,USD,2026-10-09T09:42:47.184Z
New York,DoubleTree by Hilton Hotel Fort Lee - George Washington Bridge,4,3.7,2578,123,Priceline,177,531,2026-11-12,2026-11-15,3,2,USD,2026-10-09T09:42:47.184Z
New York,DoubleTree by Hilton Hotel Fort Lee - George Washington Bridge,4,3.7,2578,123,Booking.com,177,531,2026-11-12,2026-11-15,3,2,USD,2026-10-09T09:42:47.184Z
New York,DoubleTree by Hilton Hotel Fort Lee - George Washington Bridge,4,3.7,2578,123,Agoda,177,531,2026-11-12,2026-11-15,3,2,USD,2026-10-09T09:42:47.184Z
New York,DoubleTree by Hilton Hotel Fort Lee - George Washington Bridge,4,3.7,2578,123,Travelocity.com,177,531,2026-11-12,2026-11-15,3,2,USD,2026-10-09T09:42:47.184Z
New York,DoubleTree by Hilton Hotel Fort Lee - George Washington Bridge,4,3.7,2578,123,HomeToGo,177,531,2026-11-12,2026-11-15,3,2,USD,2026-10-09T09:42:47.184Z
New York,DoubleTree by Hilton Hotel Fort Lee - George Washington Bridge,4,3.7,2578,123,Orbitz.com,177,531,2026-11-12,2026-11-15,3,2,USD,2026-10-09T09:42:47.184Z
New York,DoubleTree by Hilton Hotel Fort Lee - George Washington Bridge,4,3.7,2578,123,CheapTickets.com,177,531,2026-11-12,2026-11-15,3,2,USD,2026-10-09T09:42:47.184Z
New York,DoubleTree by Hilton Hotel Fort Lee - George Washington Bridge,4,3.7,2578,123,Trip.com,178,534,2026-11-12,2026-11-15,3,2,USD,2026-10-09T09:42:47.184Z
New York,DoubleTree by Hilton Hotel Fort Lee - George Washington Bridge,4,3.7,2578,123,Luxury Escapes,180,540,2026-11-12,2026-11-15,3,2,USD,2026-10-09T09:42:47.184Z
New York,DoubleTree by Hilton Hotel Fort Lee - George Washington Bridge,4,3.7,2578,123,eDreams,180,540,2026-11-12,2026-11-15,3,2,USD,2026-10-09T09:42:47.184Z
New York,DoubleTree by Hilton Hotel Fort Lee - George Washington Bridge,4,3.7,2578,123,Hotel prive,181,544,2026-11-12,2026-11-15,3,2,USD,2026-10-09T09:42:47.184Z
New York,DoubleTree by Hilton Hotel Fort Lee - George Washington Bridge,4,3.7,2578,123,Stayforlong.com,187,561,2026-11-12,2026-11-15,3,2,USD,2026-10-09T09:42:47.184Z
New York,DoubleTree by Hilton Hotel Fort Lee - George Washington Bridge,4,3.7,2578,123,Pilot,189,566,2026-11-12,2026-11-15,3,2,USD,2026-10-09T09:42:47.184Z
New York,DoubleTree by Hilton Hotel Fort Lee - George Washington Bridge,4,3.7,2578,123,Billabook.com,189,568,2026-11-12,2026-11-15,3,2,USD,2026-10-09T09:42:47.184Z
New York,DoubleTree by Hilton Hotel Fort Lee - George Washington Bridge,4,3.7,2578,123,Super.com,190,571,2026-11-12,2026-11-15,3,2,USD,2026-10-09T09:42:47.184Z
New York,Hyatt Grand Central New York,3,3.9,8733,306,Super.com,306,919,2026-11-12,2026-11-15,3,2,USD,2026-10-09T09:42:47.184Z
New York,Hyatt Grand Central New York,3,3.9,8733,306,KAYAK.com,315,946,2026-11-12,2026-11-15,3,2,USD,2026-10-09T09:42:47.184Z
New York,Hyatt Grand Central New York,3,3.9,8733,306,Hotelscombined.com,315,946,2026-11-12,2026-11-15,3,2,USD,2026-10-09T09:42:47.184Z
New York,Hyatt Grand Central New York,3,3.9,8733,306,Vio.com,318,954,2026-11-12,2026-11-15,3,2,USD,2026-10-09T09:42:47.184Z
New York,Hyatt Grand Central New York,3,3.9,8733,306,goseek.com,318,953,2026-11-12,2026-11-15,3,2,USD,2026-10-09T09:42:47.184Z
New York,Hyatt Grand Central New York,3,3.9,8733,306,Etrip.net,318,954,2026-11-12,2026-11-15,3,2,USD,2026-10-09T09:42:47.184Z
New York,Hyatt Grand Central New York,3,3.9,8733,306,Traveluro,323,968,2026-11-12,2026-11-15,3,2,USD,2026-10-09T09:42:47.184Z
New York,Hyatt Grand Central New York,3,3.9,8733,306,Hotels In America,325,975,2026-11-12,2026-11-15,3,2,USD,2026-10-09T09:42:47.184Z
New York,Hyatt Grand Central New York,3,3.9,8733,306,Kiwi.com,327,982,2026-11-12,2026-11-15,3,2,USD,2026-10-09T09:42:47.184Z
New York,Hyatt Grand Central New York,3,3.9,8733,306,trivago DEALS,329,987,2026-11-12,2026-11-15,3,2,USD,2026-10-09T09:42:47.184Z
New York,Hyatt Grand Central New York,3,3.9,8733,306,Long Stay Discounts,334,1003,2026-11-12,2026-11-15,3,2,USD,2026-10-09T09:42:47.184Z
New York,Hyatt Grand Central New York,3,3.9,8733,306,Airport Hotels Worldwide,336,1008,2026-11-12,2026-11-15,3,2,USD,2026-10-09T09:42:47.184Z
New York,Hyatt Grand Central New York,3,3.9,8733,306,Best Hotel Deals,349,1046,2026-11-12,2026-11-15,3,2,USD,2026-10-09T09:42:47.184Z
New York,Hyatt Grand Central New York,3,3.9,8733,306,Tripadvisor.com,349,1048,2026-11-12,2026-11-15,3,2,USD,2026-10-09T09:42:47.184Z
New York,Hyatt Grand Central New York,3,3.9,8733,306,Prestigia.com,351,1053,2026-11-12,2026-11-15,3,2,USD,2026-10-09T09:42:47.184Z
New York,Hyatt Grand Central New York,3,3.9,8733,306,Skyscanner,353,1059,2026-11-12,2026-11-15,3,2,USD,2026-10-09T09:42:47.184Z
New York,Hyatt Grand Central New York,3,3.9,8733,306,Billabook.com,355,1066,2026-11-12,2026-11-15,3,2,USD,2026-10-09T09:42:47.184Z
New York,Hyatt Grand Central New York,3,3.9,8733,306,dealbase.com,358,1074,2026-11-12,2026-11-15,3,2,USD,2026-10-09T09:42:47.184Z
New York,Hyatt Grand Central New York,3,3.9,8733,306,Reserving,360,1081,2026-11-12,2026-11-15,3,2,USD,2026-10-09T09:42:47.184Z
New York,Hyatt Grand Central New York,3,3.9,8733,306,Priceline,366,1097,2026-11-12,2026-11-15,3,2,USD,2026-10-09T09:42:47.184Z
New York,Hyatt Grand Central New York,3,3.9,8733,306,Agoda,366,1097,2026-11-12,2026-11-15,3,2,USD,2026-10-09T09:42:47.184Z
New York,Hyatt Grand Central New York,3,3.9,8733,306,Hyatt Grand Central New York,368,1103,2026-11-12,2026-11-15,3,2,USD,2026-10-09T09:42:47.184Z
New York,Hyatt Grand Central New York,3,3.9,8733,306,Booking.com,368,1103,2026-11-12,2026-11-15,3,2,USD,2026-10-09T09:42:47.184Z
New York,Hyatt Grand Central New York,3,3.9,8733,306,Expedia.com,368,1103,2026-11-12,2026-11-15,3,2,USD,2026-10-09T09:42:47.184Z
New York,Hyatt Grand Central New York,3,3.9,8733,306,Hotels.com,368,1103,2026-11-12,2026-11-15,3,2,USD,2026-10-09T09:42:47.184Z
New York,Hyatt Grand Central New York,3,3.9,8733,306,Travelocity.com,368,1103,2026-11-12,2026-11-15,3,2,USD,2026-10-09T09:42:47.184Z
New York,Hyatt Grand Central New York,3,3.9,8733,306,Orbitz.com,368,1103,2026-11-12,2026-11-15,3,2,USD,2026-10-09T09:42:47.184Z
New York,Hyatt Grand Central New York,3,3.9,8733,306,eDreams,368,1103,2026-11-12,2026-11-15,3,2,USD,2026-10-09T09:42:47.184Z
New York,Hyatt Grand Central New York,3,3.9,8733,306,CheapTickets.com,368,1103,2026-11-12,2026-11-15,3,2,USD,2026-10-09T09:42:47.184Z
New York,Hyatt Grand Central New York,3,3.9,8733,306,klook,371,1114,2026-11-12,2026-11-15,3,2,USD,2026-10-09T09:42:47.184Z
New York,Hotel Executive Suites,3,3.4,1368,98,Vio.com,98,294,2026-11-12,2026-11-15,3,2,USD,2026-10-09T09:42:47.184Z
New York,Hotel Executive Suites,3,3.4,1368,98,Super.com,103,310,2026-11-12,2026-11-15,3,2,USD,2026-10-09T09:42:47.184Z
New York,Hotel Executive Suites,3,3.4,1368,98,Hotels In America,108,325,2026-11-12,2026-11-15,3,2,USD,2026-10-09T09:42:47.184Z
New York,Hotel Executive Suites,3,3.4,1368,98,Luxury Escapes,110,330,2026-11-12,2026-11-15,3,2,USD,2026-10-09T09:42:47.184Z
New York,Hotel Executive Suites,3,3.4,1368,98,goseek.com,110,329,2026-11-12,2026-11-15,3,2,USD,2026-10-09T09:42:47.184Z
New York,Hotel Executive Suites,3,3.4,1368,98,dealbase.com,110,329,2026-11-12,2026-11-15,3,2,USD,2026-10-09T09:42:47.184Z
New York,Hotel Executive Suites,3,3.4,1368,98,Long Stay Discounts,111,332,2026-11-12,2026-11-15,3,2,USD,2026-10-09T09:42:47.184Z
New York,Hotel Executive Suites,3,3.4,1368,98,Agoda,112,337,2026-11-12,2026-11-15,3,2,USD,2026-10-09T09:42:47.184Z
New York,Hotel Executive Suites,3,3.4,1368,98,Billabook.com,112,337,2026-11-12,2026-11-15,3,2,USD,2026-10-09T09:42:47.184Z
New York,Hotel Executive Suites,3,3.4,1368,98,Booking.com,118,354,2026-11-12,2026-11-15,3,2,USD,2026-10-09T09:42:47.184Z
New York,Hotel Executive Suites,3,3.4,1368,98,Hotels.com,118,354,2026-11-12,2026-11-15,3,2,USD,2026-10-09T09:42:47.184Z
New York,Hotel Executive Suites,3,3.4,1368,98,KAYAK.com,118,354,2026-11-12,2026-11-15,3,2,USD,2026-10-09T09:42:47.184Z
New York,Hotel Executive Suites,3,3.4,1368,98,Priceline,118,354,2026-11-12,2026-11-15,3,2,USD,2026-10-09T09:42:47.184Z
New York,Hotel Executive Suites,3,3.4,1368,98,Hotelscombined.com,118,354,2026-11-12,2026-11-15,3,2,USD,2026-10-09T09:42:47.184Z
New York,Hotel Executive Suites,3,3.4,1368,98,momondo.com,118,354,2026-11-12,2026-11-15,3,2,USD,2026-10-09T09:42:47.184Z
New York,Hotel Executive Suites,3,3.4,1368,98,eDreams,121,364,2026-11-12,2026-11-15,3,2,USD,2026-10-09T09:42:47.184Z
New York,Hotel Executive Suites,3,3.4,1368,98,Reserving,122,365,2026-11-12,2026-11-15,3,2,USD,2026-10-09T09:42:47.184Z
New York,Hotel Executive Suites,3,3.4,1368,98,Bluepillow.com,129,388,2026-11-12,2026-11-15,3,2,USD,2026-10-09T09:42:47.184Z
New York,Hotel Executive Suites,3,3.4,1368,98,BusinessHotels.com,131,393,2026-11-12,2026-11-15,3,2,USD,2026-10-09T09:42:47.184Z
New York,Hotel Executive Suites,3,3.4,1368,98,Hotel prive,148,445,2026-11-12,2026-11-15,3,2,USD,2026-10-09T09:42:47.184Z
New York,The Grand NYC Apartments,2,2.6,337,257,Super.com,257,770,2026-11-12,2026-11-15,3,2,USD,2026-10-09T09:42:47.184Z
New York,The Grand NYC Apartments,2,2.6,337,257,Reservation Day,263,789,2026-11-12,2026-11-15,3,2,USD,2026-10-09T09:42:47.184Z
New York,31 Street Broadway Hotel,3,2.6,442,90,goseek.com,90,269,2026-11-12,2026-11-15,3,2,USD,2026-10-09T09:42:47.184Z
New York,31 Street Broadway Hotel,3,2.6,442,90,Etrip.net,90,269,2026-11-12,2026-11-15,3,2,USD,2026-10-09T09:42:47.184Z
New York,31 Street Broadway Hotel,3,2.6,442,90,Clicktrip.com,93,278,2026-11-12,2026-11-15,3,2,USD,2026-10-09T09:42:47.184Z
New York,31 Street Broadway Hotel,3,2.6,442,90,Reserving,226,679,2026-11-12,2026-11-15,3,2,USD,2026-10-09T09:42:47.184Z
New York,31 Street Broadway Hotel,3,2.6,442,90,Expedia.com,262,785,2026-11-12,2026-11-15,3,2,USD,2026-10-09T09:42:47.184Z
New York,31 Street Broadway Hotel,3,2.6,442,90,Hotels.com,262,785,2026-11-12,2026-11-15,3,2,USD,2026-10-09T09:42:47.184Z
New York,31 Street Broadway Hotel,3,2.6,442,90,Trip.com,262,785,2026-11-12,2026-11-15,3,2,USD,2026-10-09T09:42:47.184Z
New York,31 Street Broadway Hotel,3,2.6,442,90,Travelocity.com,262,785,2026-11-12,2026-11-15,3,2,USD,2026-10-09T09:42:47.184Z
New York,31 Street Broadway Hotel,3,2.6,442,90,ZenHotels.com,262,785,2026-11-12,2026-11-15,3,2,USD,2026-10-09T09:42:47.184Z
New York,31 Street Broadway Hotel,3,2.6,442,90,Orbitz.com,262,785,2026-11-12,2026-11-15,3,2,USD,2026-10-09T09:42:47.184Z
New York,31 Street Broadway Hotel,3,2.6,442,90,eDreams,262,785,2026-11-12,2026-11-15,3,2,USD,2026-10-09T09:42:47.184Z
New York,31 Street Broadway Hotel,3,2.6,442,90,CheapTickets.com,262,785,2026-11-12,2026-11-15,3,2,USD,2026-10-09T09:42:47.184Z
New York,31 Street Broadway Hotel,3,2.6,442,90,Vio.com,307,922,2026-11-12,2026-11-15,3,2,USD,2026-10-09T09:42:47.184Z
New York,YOTEL New York Times Square,4,3.8,9958,253,Super.com,253,758,2026-11-12,2026-11-15,3,2,USD,2026-10-09T09:42:47.184Z
New York,YOTEL New York Times Square,4,3.8,9958,253,trivago DEALS,258,773,2026-11-12,2026-11-15,3,2,USD,2026-10-09T09:42:47.184Z
New York,YOTEL New York Times Square,4,3.8,9958,253,Vio.com,261,784,2026-11-12,2026-11-15,3,2,USD,2026-10-09T09:42:47.184Z
New York,YOTEL New York Times Square,4,3.8,9958,253,Etrip.net,261,784,2026-11-12,2026-11-15,3,2,USD,2026-10-09T09:42:47.184Z
New York,YOTEL New York Times Square,4,3.8,9958,253,goseek.com,266,797,2026-11-12,2026-11-15,3,2,USD,2026-10-09T09:42:47.184Z
New York,YOTEL New York Times Square,4,3.8,9958,253,Long Stay Discounts,270,809,2026-11-12,2026-11-15,3,2,USD,2026-10-09T09:42:47.184Z
New York,YOTEL New York Times Square,4,3.8,9958,253,Hotels In America,275,825,2026-11-12,2026-11-15,3,2,USD,2026-10-09T09:42:47.184Z
New York,YOTEL New York Times Square,4,3.8,9958,253,Kiwi.com,298,895,2026-11-12,2026-11-15,3,2,USD,2026-10-09T09:42:47.184Z
New York,YOTEL New York Times Square,4,3.8,9958,253,YOTEL New York Times Square,307,922,2026-11-12,2026-11-15,3,2,USD,2026-10-09T09:42:47.184Z
New York,YOTEL New York Times Square,4,3.8,9958,253,Priceline,310,929,2026-11-12,2026-11-15,3,2,USD,2026-10-09T09:42:47.184Z
New York,YOTEL New York Times Square,4,3.8,9958,253,Agoda,310,929,2026-11-12,2026-11-15,3,2,USD,2026-10-09T09:42:47.184Z
New York,YOTEL New York Times Square,4,3.8,9958,253,Traveluro,335,1006,2026-11-12,2026-11-15,3,2,USD,2026-10-09T09:42:47.184Z
New York,YOTEL New York Times Square,4,3.8,9958,253,Pilot,348,1043,2026-11-12,2026-11-15,3,2,USD,2026-10-09T09:42:47.184Z
New York,YOTEL New York Times Square,4,3.8,9958,253,dealbase.com,349,1048,2026-11-12,2026-11-15,3,2,USD,2026-10-09T09:42:47.184Z
New York,YOTEL New York Times Square,4,3.8,9958,253,Expedia.com,364,1093,2026-11-12,2026-11-15,3,2,USD,2026-10-09T09:42:47.184Z
New York,YOTEL New York Times Square,4,3.8,9958,253,Hotels.com,364,1093,2026-11-12,2026-11-15,3,2,USD,2026-10-09T09:42:47.184Z
New York,YOTEL New York Times Square,4,3.8,9958,253,Travelocity.com,364,1093,2026-11-12,2026-11-15,3,2,USD,2026-10-09T09:42:47.184Z
New York,YOTEL New York Times Square,4,3.8,9958,253,Orbitz.com,364,1093,2026-11-12,2026-11-15,3,2,USD,2026-10-09T09:42:47.184Z
New York,YOTEL New York Times Square,4,3.8,9958,253,eDreams,364,1093,2026-11-12,2026-11-15,3,2,USD,2026-10-09T09:42:47.184Z
New York,YOTEL New York Times Square,4,3.8,9958,253,CheapTickets.com,364,1093,2026-11-12,2026-11-15,3,2,USD,2026-10-09T09:42:47.184Z
New York,YOTEL New York Times Square,4,3.8,9958,253,Closest Hotel,371,1112,2026-11-12,2026-11-15,3,2,USD,2026-10-09T09:42:47.184Z
New York,YOTEL New York Times Square,4,3.8,9958,253,TravelUp,371,1112,2026-11-12,2026-11-15,3,2,USD,2026-10-09T09:42:47.184Z
New York,YOTEL New York Times Square,4,3.8,9958,253,Luxury Escapes,371,1112,2026-11-12,2026-11-15,3,2,USD,2026-10-09T09:42:47.184Z
New York,YOTEL New York Times Square,4,3.8,9958,253,Reserving,397,1190,2026-11-12,2026-11-15,3,2,USD,2026-10-09T09:42:47.184Z
New York,YOTEL New York Times Square,4,3.8,9958,253,Wego,411,1232,2026-11-12,2026-11-15,3,2,USD,2026-10-09T09:42:47.184Z
New York,YOTEL New York Times Square,4,3.8,9958,253,lastminute.com,422,1266,2026-11-12,2026-11-15,3,2,USD,2026-10-09T09:42:47.184Z
New York,YOTEL New York Times Square,4,3.8,9958,253,Qantas Hotels,423,1268,2026-11-12,2026-11-15,3,2,USD,2026-10-09T09:42:47.184Z
New York,YOTEL New York Times Square,4,3.8,9958,253,Clicktrip.com,423,1270,2026-11-12,2026-11-15,3,2,USD,2026-10-09T09:42:47.184Z
New York,YOTEL New York Times Square,4,3.8,9958,253,Billabook.com,461,1383,2026-11-12,2026-11-15,3,2,USD,2026-10-09T09:42:47.184Z
New York,YOTEL New York Times Square,4,3.8,9958,253,Stayforlong.com,481,1444,2026-11-12,2026-11-15,3,2,USD,2026-10-09T09:42:47.184Z
New York,LY New York Hotel,2,4.3,610,147,Super.com,147,442,2026-11-12,2026-11-15,3,2,USD,2026-10-09T09:42:47.184Z
New York,LY New York Hotel,2,4.3,610,147,Vio.com,151,454,2026-11-12,2026-11-15,3,2,USD,2026-10-09T09:42:47.184Z
New York,LY New York Hotel,2,4.3,610,147,Etrip.net,151,454,2026-11-12,2026-11-15,3,2,USD,2026-10-09T09:42:47.184Z
New York,LY New York Hotel,2,4.3,610,147,goseek.com,165,494,2026-11-12,2026-11-15,3,2,USD,2026-10-09T09:42:47.184Z
New York,LY New York Hotel,2,4.3,610,147,dealbase.com,165,494,2026-11-12,2026-11-15,3,2,USD,2026-10-09T09:42:47.184Z
New York,LY New York Hotel,2,4.3,610,147,Luxury Escapes,165,495,2026-11-12,2026-11-15,3,2,USD,2026-10-09T09:42:47.184Z
New York,LY New York Hotel,2,4.3,610,147,Long Stay Discounts,166,498,2026-11-12,2026-11-15,3,2,USD,2026-10-09T09:42:47.184Z
New York,LY New York Hotel,2,4.3,610,147,Agoda,169,507,2026-11-12,2026-11-15,3,2,USD,2026-10-09T09:42:47.184Z
New York,LY New York Hotel,2,4.3,610,147,Reserving,169,508,2026-11-12,2026-11-15,3,2,USD,2026-10-09T09:42:47.184Z
New York,LY New York Hotel,2,4.3,610,147,eDreams,169,507,2026-11-12,2026-11-15,3,2,USD,2026-10-09T09:42:47.184Z
New York,LY New York Hotel,2,4.3,610,147,Tripadvisor.com,171,512,2026-11-12,2026-11-15,3,2,USD,2026-10-09T09:42:47.184Z
New York,LY New York Hotel,2,4.3,610,147,Expedia.com,173,518,2026-11-12,2026-11-15,3,2,USD,2026-10-09T09:42:47.184Z
New York,LY New York Hotel,2,4.3,610,147,Hotels.com,173,518,2026-11-12,2026-11-15,3,2,USD,2026-10-09T09:42:47.184Z
New York,LY New York Hotel,2,4.3,610,147,Trip.com,173,518,2026-11-12,2026-11-15,3,2,USD,2026-10-09T09:42:47.184Z
New York,LY New York Hotel,2,4.3,610,147,Travelocity.com,173,518,2026-11-12,2026-11-15,3,2,USD,2026-10-09T09:42:47.184Z
New York,LY New York Hotel,2,4.3,610,147,Orbitz.com,173,518,2026-11-12,2026-11-15,3,2,USD,2026-10-09T09:42:47.184Z
New York,LY New York Hotel,2,4.3,610,147,CheapTickets.com,173,518,2026-11-12,2026-11-15,3,2,USD,2026-10-09T09:42:47.184Z
New York,LY New York Hotel,2,4.3,610,147,Bluepillow.com,182,545,2026-11-12,2026-11-15,3,2,USD,2026-10-09T09:42:47.184Z
New York,LY New York Hotel,2,4.3,610,147,Booking.com,190,569,2026-11-12,2026-11-15,3,2,USD,2026-10-09T09:42:47.184Z
New York,LY New York Hotel,2,4.3,610,147,Priceline,190,569,2026-11-12,2026-11-15,3,2,USD,2026-10-09T09:42:47.184Z
New York,LY New York Hotel,2,4.3,610,147,Qantas Hotels,196,587,2026-11-12,2026-11-15,3,2,USD,2026-10-09T09:42:47.184Z
New York,LY New York Hotel,2,4.3,610,147,Ly New York Hotel,200,599,2026-11-12,2026-11-15,3,2,USD,2026-10-09T09:42:47.184Z
New York,Hotel St. James,2,4.1,1988,222,Super.com,222,667,2026-11-12,2026-11-15,3,2,USD,2026-10-09T09:42:47.184Z
New York,Hotel St. James,2,4.1,1988,222,trivago DEALS,234,702,2026-11-12,2026-11-15,3,2,USD,2026-10-09T09:42:47.184Z
New York,Hotel St. James,2,4.1,1988,222,Long Stay Discounts,239,717,2026-11-12,2026-11-15,3,2,USD,2026-10-09T09:42:47.184Z
New York,Hotel St. James,2,4.1,1988,222,KAYAK.com,241,723,2026-11-12,2026-11-15,3,2,USD,2026-10-09T09:42:47.184Z
New York,Hotel St. James,2,4.1,1988,222,Vio.com,241,724,2026-11-12,2026-11-15,3,2,USD,2026-10-09T09:42:47.184Z
New York,Hotel St. James,2,4.1,1988,222,momondo.com,241,723,2026-11-12,2026-11-15,3,2,USD,2026-10-09T09:42:47.184Z
New York,Hotel St. James,2,4.1,1988,222,Etrip.net,241,724,2026-11-12,2026-11-15,3,2,USD,2026-10-09T09:42:47.184Z
New York,Hotel St. James,2,4.1,1988,222,klook,242,725,2026-11-12,2026-11-15,3,2,USD,2026-10-09T09:42:47.184Z
New York,Hotel St. James,2,4.1,1988,222,Hotels In America,242,725,2026-11-12,2026-11-15,3,2,USD,2026-10-09T09:42:47.184Z
New York,Hotel St. James,2,4.1,1988,222,Luxury Escapes,245,734,2026-11-12,2026-11-15,3,2,USD,2026-10-09T09:42:47.184Z
New York,Hotel St. James,2,4.1,1988,222,Stayforlong.com,250,750,2026-11-12,2026-11-15,3,2,USD,2026-10-09T09:42:47.184Z
New York,Hotel St. James,2,4.1,1988,222,ZenHotels.com,252,756,2026-11-12,2026-11-15,3,2,USD,2026-10-09T09:42:47.184Z
New York,Hotel St. James,2,4.1,1988,222,Book Early and Save Travel,253,758,2026-11-12,2026-11-15,3,2,USD,2026-10-09T09:42:47.184Z
New York,Hotel St. James,2,4.1,1988,222,Tripadvisor.com,269,807,2026-11-12,2026-11-15,3,2,USD,2026-10-09T09:42:47.184Z
New York,Hotel St. James,2,4.1,1988,222,Agoda,272,817,2026-11-12,2026-11-15,3,2,USD,2026-10-09T09:42:47.184Z
New York,Hotel St. James,2,4.1,1988,222,Hotels.com,332,997,2026-11-12,2026-11-15,3,2,USD,2026-10-09T09:42:47.184Z
New York,Hotel St. James,2,4.1,1988,222,Closest Hotel,332,997,2026-11-12,2026-11-15,3,2,USD,2026-10-09T09:42:47.184Z
New York,Hotel St. James,2,4.1,1988,222,TravelUp,332,997,2026-11-12,2026-11-15,3,2,USD,2026-10-09T09:42:47.184Z
New York,Hotel St. James,2,4.1,1988,222,Kiwi.com,332,997,2026-11-12,2026-11-15,3,2,USD,2026-10-09T09:42:47.184Z
New York,Hotel St. James,2,4.1,1988,222,Reserving,333,998,2026-11-12,2026-11-15,3,2,USD,2026-10-09T09:42:47.184Z
New York,Hotel St. James,2,4.1,1988,222,Booking.com,364,1092,2026-11-12,2026-11-15,3,2,USD,2026-10-09T09:42:47.184Z
New York,Hotel St. James,2,4.1,1988,222,Priceline,364,1092,2026-11-12,2026-11-15,3,2,USD,2026-10-09T09:42:47.184Z
New York,Hotel St. James,2,4.1,1988,222,Hotel St. James,426,1277,2026-11-12,2026-11-15,3,2,USD,2026-10-09T09:42:47.184Z
New York,Arlo NoMad,4,4.2,2541,301,Super.com,301,902,2026-11-12,2026-11-15,3,2,USD,2026-10-09T09:42:47.184Z
New York,Arlo NoMad,4,4.2,2541,301,Vio.com,306,919,2026-11-12,2026-11-15,3,2,USD,2026-10-09T09:42:47.184Z
New York,Arlo NoMad,4,4.2,2541,301,goseek.com,306,919,2026-11-12,2026-11-15,3,2,USD,2026-10-09T09:42:47.184Z
New York,Arlo NoMad,4,4.2,2541,301,Etrip.net,306,919,2026-11-12,2026-11-15,3,2,USD,2026-10-09T09:42:47.184Z
New York,Arlo NoMad,4,4.2,2541,301,Traveluro,312,935,2026-11-12,2026-11-15,3,2,USD,2026-10-09T09:42:47.184Z
New York,Arlo NoMad,4,4.2,2541,301,Kiwi.com,313,939,2026-11-12,2026-11-15,3,2,USD,2026-10-09T09:42:47.184Z
New York,Arlo NoMad,4,4.2,2541,301,Billabook.com,314,942,2026-11-12,2026-11-15,3,2,USD,2026-10-09T09:42:47.184Z
New York,Arlo NoMad,4,4.2,2541,301,trivago DEALS,314,943,2026-11-12,2026-11-15,3,2,USD,2026-10-09T09:42:47.184Z
New York,Arlo NoMad,4,4.2,2541,301,Hotels In America,318,954,2026-11-12,2026-11-15,3,2,USD,2026-10-09T09:42:47.184Z
New York,Arlo NoMad,4,4.2,2541,301,Reserving,320,959,2026-11-12,2026-11-15,3,2,USD,2026-10-09T09:42:47.184Z
New York,Arlo NoMad,4,4.2,2541,301,Long Stay Discounts,322,966,2026-11-12,2026-11-15,3,2,USD,2026-10-09T09:42:47.184Z
New York,Arlo NoMad,4,4.2,2541,301,Evendo,326,978,2026-11-12,2026-11-15,3,2,USD,2026-10-09T09:42:47.184Z
New York,Arlo NoMad,4,4.2,2541,301,TravelUp,336,1009,2026-11-12,2026-11-15,3,2,USD,2026-10-09T09:42:47.184Z
New York,Arlo NoMad,4,4.2,2541,301,klook,356,1068,2026-11-12,2026-11-15,3,2,USD,2026-10-09T09:42:47.184Z
New York,Arlo NoMad,4,4.2,2541,301,Booking.com,375,1125,2026-11-12,2026-11-15,3,2,USD,2026-10-09T09:42:47.184Z
New York,Arlo NoMad,4,4.2,2541,301,Clicktrip.com,375,1126,2026-11-12,2026-11-15,3,2,USD,2026-10-09T09:42:47.184Z
New York,Arlo NoMad,4,4.2,2541,301,Stayforlong.com,376,1127,2026-11-12,2026-11-15,3,2,USD,2026-10-09T09:42:47.184Z
New York,Arlo NoMad,4,4.2,2541,301,Luxury Escapes,386,1158,2026-11-12,2026-11-15,3,2,USD,2026-10-09T09:42:47.184Z
New York,Arlo NoMad,4,4.2,2541,301,Priceline,404,1213,2026-11-12,2026-11-15,3,2,USD,2026-10-09T09:42:47.184Z
New York,Arlo NoMad,4,4.2,2541,301,KAYAK.com,404,1213,2026-11-12,2026-11-15,3,2,USD,2026-10-09T09:42:47.184Z
New York,Arlo NoMad,4,4.2,2541,301,Hotelscombined.com,404,1213,2026-11-12,2026-11-15,3,2,USD,2026-10-09T09:42:47.184Z
New York,Arlo NoMad,4,4.2,2541,301,momondo.com,404,1213,2026-11-12,2026-11-15,3,2,USD,2026-10-09T09:42:47.184Z
New York,Arlo NoMad,4,4.2,2541,301,Arlo NoMad,405,1215,2026-11-12,2026-11-15,3,2,USD,2026-10-09T09:42:47.184Z
New York,Arlo NoMad,4,4.2,2541,301,Expedia.com,405,1214,2026-11-12,2026-11-15,3,2,USD,2026-10-09T09:42:47.184Z
New York,Arlo NoMad,4,4.2,2541,301,Hotels.com,405,1214,2026-11-12,2026-11-15,3,2,USD,2026-10-09T09:42:47.184Z
New York,Arlo NoMad,4,4.2,2541,301,Trip.com,405,1214,2026-11-12,2026-11-15,3,2,USD,2026-10-09T09:42:47.184Z
New York,Arlo NoMad,4,4.2,2541,301,Travelocity.com,405,1214,2026-11-12,2026-11-15,3,2,USD,2026-10-09T09:42:47.184Z
New York,Arlo NoMad,4,4.2,2541,301,Orbitz.com,405,1214,2026-11-12,2026-11-15,3,2,USD,2026-10-09T09:42:47.184Z
New York,Arlo NoMad,4,4.2,2541,301,eDreams,405,1214,2026-11-12,2026-11-15,3,2,USD,2026-10-09T09:42:47.184Z
New York,Arlo NoMad,4,4.2,2541,301,CheapTickets.com,405,1214,2026-11-12,2026-11-15,3,2,USD,2026-10-09T09:42:47.184Z
Bangkok,Akara Bangkok,5,4.4,1738,72,KAYAK.com,72,216,2026-11-12,2026-11-15,3,2,USD,2026-10-09T09:42:47.184Z
Bangkok,Akara Bangkok,5,4.4,1738,72,Hotelscombined.com,72,216,2026-11-12,2026-11-15,3,2,USD,2026-10-09T09:42:47.184Z
Bangkok,Akara Bangkok,5,4.4,1738,72,momondo.com,72,216,2026-11-12,2026-11-15,3,2,USD,2026-10-09T09:42:47.184Z
Bangkok,Akara Bangkok,5,4.4,1738,72,EaseMyTrip.com,72,217,2026-11-12,2026-11-15,3,2,USD,2026-10-09T09:42:47.184Z
Bangkok,Akara Bangkok,5,4.4,1738,72,Priceline,74,221,2026-11-12,2026-11-15,3,2,USD,2026-10-09T09:42:47.184Z
Bangkok,Akara Bangkok,5,4.4,1738,72,Bluepillow.com,78,234,2026-11-12,2026-11-15,3,2,USD,2026-10-09T09:42:47.184Z
Bangkok,Akara Bangkok,5,4.4,1738,72,Vio.com,78,234,2026-11-12,2026-11-15,3,2,USD,2026-10-09T09:42:47.184Z
Bangkok,Akara Bangkok,5,4.4,1738,72,Reservation Day,79,238,2026-11-12,2026-11-15,3,2,USD,2026-10-09T09:42:47.184Z
Bangkok,Akara Bangkok,5,4.4,1738,72,klook,79,237,2026-11-12,2026-11-15,3,2,USD,2026-10-09T09:42:47.184Z
Bangkok,Akara Bangkok,5,4.4,1738,72,Kiwi.com,79,236,2026-11-12,2026-11-15,3,2,USD,2026-10-09T09:42:47.184Z
Bangkok,Akara Bangkok,5,4.4,1738,72,Stayforlong.com,79,238,2026-11-12,2026-11-15,3,2,USD,2026-10-09T09:42:47.184Z
Bangkok,Akara Bangkok,5,4.4,1738,72,goseek.com,79,237,2026-11-12,2026-11-15,3,2,USD,2026-10-09T09:42:47.184Z
Bangkok,Akara Bangkok,5,4.4,1738,72,hutchgo (Hutchison Travel Limited),85,255,2026-11-12,2026-11-15,3,2,USD,2026-10-09T09:42:47.184Z
Bangkok,Akara Bangkok,5,4.4,1738,72,Traveluro,92,275,2026-11-12,2026-11-15,3,2,USD,2026-10-09T09:42:47.184Z
Bangkok,Akara Bangkok,5,4.4,1738,72,trivago DEALS,93,278,2026-11-12,2026-11-15,3,2,USD,2026-10-09T09:42:47.184Z
Bangkok,Akara Bangkok,5,4.4,1738,72,Prestigia.com,93,279,2026-11-12,2026-11-15,3,2,USD,2026-10-09T09:42:47.184Z
Bangkok,Akara Bangkok,5,4.4,1738,72,Trip.com,94,282,2026-11-12,2026-11-15,3,2,USD,2026-10-09T09:42:47.184Z
Bangkok,Akara Bangkok,5,4.4,1738,72,Pilot,108,324,2026-11-12,2026-11-15,3,2,USD,2026-10-09T09:42:47.184Z
Bangkok,Akara Bangkok,5,4.4,1738,72,Hotel prive,116,347,2026-11-12,2026-11-15,3,2,USD,2026-10-09T09:42:47.184Z
Bangkok,Akara Bangkok,5,4.4,1738,72,TravelUp,120,359,2026-11-12,2026-11-15,3,2,USD,2026-10-09T09:42:47.184Z
Bangkok,Akara Bangkok,5,4.4,1738,72,Closest Hotel,120,359,2026-11-12,2026-11-15,3,2,USD,2026-10-09T09:42:47.184Z
Bangkok,Akara Bangkok,5,4.4,1738,72,Hotels.com,125,375,2026-11-12,2026-11-15,3,2,USD,2026-10-09T09:42:47.184Z
Bangkok,Akara Bangkok,5,4.4,1738,72,Expedia.com,126,378,2026-11-12,2026-11-15,3,2,USD,2026-10-09T09:42:47.184Z
Bangkok,Akara Bangkok,5,4.4,1738,72,Travelocity.com,126,378,2026-11-12,2026-11-15,3,2,USD,2026-10-09T09:42:47.184Z
Bangkok,Akara Bangkok,5,4.4,1738,72,Orbitz.com,126,378,2026-11-12,2026-11-15,3,2,USD,2026-10-09T09:42:47.184Z
Bangkok,Akara Bangkok,5,4.4,1738,72,CheapTickets.com,126,378,2026-11-12,2026-11-15,3,2,USD,2026-10-09T09:42:47.184Z
Bangkok,Akara Bangkok,5,4.4,1738,72,Evendo,129,386,2026-11-12,2026-11-15,3,2,USD,2026-10-09T09:42:47.184Z
Bangkok,Akara Bangkok,5,4.4,1738,72,Qantas Hotels,144,433,2026-11-12,2026-11-15,3,2,USD,2026-10-09T09:42:47.184Z
Bangkok,Akara Bangkok,5,4.4,1738,72,Reserving,145,435,2026-11-12,2026-11-15,3,2,USD,2026-10-09T09:42:47.184Z
Bangkok,Akara Bangkok,5,4.4,1738,72,Akara Bangkok,146,437,2026-11-12,2026-11-15,3,2,USD,2026-10-09T09:42:47.184Z
Bangkok,Centara Grand at Central Plaza Ladprao Bangkok,5,4.5,7011,70,Traveluro,70,210,2026-11-12,2026-11-15,3,2,USD,2026-10-09T09:42:47.184Z
Bangkok,Centara Grand at Central Plaza Ladprao Bangkok,5,4.5,7011,70,trivago DEALS,71,213,2026-11-12,2026-11-15,3,2,USD,2026-10-09T09:42:47.184Z
Bangkok,Centara Grand at Central Plaza Ladprao Bangkok,5,4.5,7011,70,KAYAK.com,72,215,2026-11-12,2026-11-15,3,2,USD,2026-10-09T09:42:47.184Z
Bangkok,Centara Grand at Central Plaza Ladprao Bangkok,5,4.5,7011,70,Hotelscombined.com,72,215,2026-11-12,2026-11-15,3,2,USD,2026-10-09T09:42:47.184Z
Bangkok,Centara Grand at Central Plaza Ladprao Bangkok,5,4.5,7011,70,Priceline,74,223,2026-11-12,2026-11-15,3,2,USD,2026-10-09T09:42:47.184Z
Bangkok,Centara Grand at Central Plaza Ladprao Bangkok,5,4.5,7011,70,Booking.com,75,224,2026-11-12,2026-11-15,3,2,USD,2026-10-09T09:42:47.184Z
Bangkok,Centara Grand at Central Plaza Ladprao Bangkok,5,4.5,7011,70,Reservation Day,76,228,2026-11-12,2026-11-15,3,2,USD,2026-10-09T09:42:47.184Z
Bangkok,Centara Grand at Central Plaza Ladprao Bangkok,5,4.5,7011,70,Evendo,79,236,2026-11-12,2026-11-15,3,2,USD,2026-10-09T09:42:47.184Z
Bangkok,Centara Grand at Central Plaza Ladprao Bangkok,5,4.5,7011,70,TravelUp,81,242,2026-11-12,2026-11-15,3,2,USD,2026-10-09T09:42:47.184Z
Bangkok,Centara Grand at Central Plaza Ladprao Bangkok,5,4.5,7011,70,Vio.com,81,242,2026-11-12,2026-11-15,3,2,USD,2026-10-09T09:42:47.184Z
Bangkok,Centara Grand at Central Plaza Ladprao Bangkok,5,4.5,7011,70,dealbase.com,81,242,2026-11-12,2026-11-15,3,2,USD,2026-10-09T09:42:47.184Z
Bangkok,Centara Grand at Central Plaza Ladprao Bangkok,5,4.5,7011,70,goseek.com,81,242,2026-11-12,2026-11-15,3,2,USD,2026-10-09T09:42:47.184Z
Bangkok,Centara Grand at Central Plaza Ladprao Bangkok,5,4.5,7011,70,Etrip.net,81,242,2026-11-12,2026-11-15,3,2,USD,2026-10-09T09:42:47.184Z
Bangkok,Centara Grand at Central Plaza Ladprao Bangkok,5,4.5,7011,70,Kiwi.com,83,250,2026-11-12,2026-11-15,3,2,USD,2026-10-09T09:42:47.184Z
Bangkok,Centara Grand at Central Plaza Ladprao Bangkok,5,4.5,7011,70,Clicktrip.com,85,256,2026-11-12,2026-11-15,3,2,USD,2026-10-09T09:42:47.184Z
Bangkok,Centara Grand at Central Plaza Ladprao Bangkok,5,4.5,7011,70,Centara Grand at Central Plaza Ladprao Bangkok,92,276,2026-11-12,2026-11-15,3,2,USD,2026-10-09T09:42:47.184Z
Bangkok,Centara Grand at Central Plaza Ladprao Bangkok,5,4.5,7011,70,Closest Hotel,95,286,2026-11-12,2026-11-15,3,2,USD,2026-10-09T09:42:47.184Z
Bangkok,Centara Grand at Central Plaza Ladprao Bangkok,5,4.5,7011,70,Trip.com,96,288,2026-11-12,2026-11-15,3,2,USD,2026-10-09T09:42:47.184Z
Bangkok,Centara Grand at Central Plaza Ladprao Bangkok,5,4.5,7011,70,Agoda,97,290,2026-11-12,2026-11-15,3,2,USD,2026-10-09T09:42:47.184Z
Bangkok,Centara Grand at Central Plaza Ladprao Bangkok,5,4.5,7011,70,Bluepillow.com,103,308,2026-11-12,2026-11-15,3,2,USD,2026-10-09T09:42:47.184Z
Bangkok,Centara Grand at Central Plaza Ladprao Bangkok,5,4.5,7011,70,Expedia.com,105,315,2026-11-12,2026-11-15,3,2,USD,2026-10-09T09:42:47.184Z
Bangkok,Centara Grand at Central Plaza Ladprao Bangkok,5,4.5,7011,70,Hotels.com,105,315,2026-11-12,2026-11-15,3,2,USD,2026-10-09T09:42:47.184Z
Bangkok,Centara Grand at Central Plaza Ladprao Bangkok,5,4.5,7011,70,Travelocity.com,105,315,2026-11-12,2026-11-15,3,2,USD,2026-10-09T09:42:47.184Z
Bangkok,Centara Grand at Central Plaza Ladprao Bangkok,5,4.5,7011,70,Orbitz.com,105,315,2026-11-12,2026-11-15,3,2,USD,2026-10-09T09:42:47.184Z
Bangkok,Centara Grand at Central Plaza Ladprao Bangkok,5,4.5,7011,70,CheapTickets.com,105,315,2026-11-12,2026-11-15,3,2,USD,2026-10-09T09:42:47.184Z
Bangkok,Centara Grand at Central Plaza Ladprao Bangkok,5,4.5,7011,70,Reserving,112,337,2026-11-12,2026-11-15,3,2,USD,2026-10-09T09:42:47.184Z
Bangkok,Centara Grand at Central Plaza Ladprao Bangkok,5,4.5,7011,70,Qantas Hotels,113,338,2026-11-12,2026-11-15,3,2,USD,2026-10-09T09:42:47.184Z
Bangkok,Shangri-La Bangkok,5,4.6,11541,,Agoda,419,1258,2026-11-12,2026-11-15,3,2,USD,2026-10-09T09:42:47.184Z
Bangkok,Shangri-La Bangkok,5,4.6,11541,,Tripadvisor.com,422,1267,2026-11-12,2026-11-15,3,2,USD,2026-10-09T09:42:47.184Z
Bangkok,Anantara Riverside Bangkok Resort,5,4.6,8812,180,TravelUp,180,540,2026-11-12,2026-11-15,3,2,USD,2026-10-09T09:42:47.184Z
Bangkok,Anantara Riverside Bangkok Resort,5,4.6,8812,180,Kiwi.com,180,540,2026-11-12,2026-11-15,3,2,USD,2026-10-09T09:42:47.184Z
Bangkok,Anantara Riverside Bangkok Resort,5,4.6,8812,180,Luxury Escapes,180,540,2026-11-12,2026-11-15,3,2,USD,2026-10-09T09:42:47.184Z
Bangkok,Anantara Riverside Bangkok Resort,5,4.6,8812,180,Anantara.com,182,547,2026-11-12,2026-11-15,3,2,USD,2026-10-09T09:42:47.184Z
Bangkok,Anantara Riverside Bangkok Resort,5,4.6,8812,180,KAYAK.com,189,567,2026-11-12,2026-11-15,3,2,USD,2026-10-09T09:42:47.184Z
Bangkok,Anantara Riverside Bangkok Resort,5,4.6,8812,180,Hotelscombined.com,189,567,2026-11-12,2026-11-15,3,2,USD,2026-10-09T09:42:47.184Z
Bangkok,Anantara Riverside Bangkok Resort,5,4.6,8812,180,momondo.com,189,567,2026-11-12,2026-11-15,3,2,USD,2026-10-09T09:42:47.184Z
Bangkok,Anantara Riverside Bangkok Resort,5,4.6,8812,180,Priceline,192,576,2026-11-12,2026-11-15,3,2,USD,2026-10-09T09:42:47.184Z
Bangkok,Anantara Riverside Bangkok Resort,5,4.6,8812,180,Traveluro,195,586,2026-11-12,2026-11-15,3,2,USD,2026-10-09T09:42:47.184Z
Bangkok,Anantara Riverside Bangkok Resort,5,4.6,8812,180,trivago DEALS,197,592,2026-11-12,2026-11-15,3,2,USD,2026-10-09T09:42:47.184Z
Bangkok,Anantara Riverside Bangkok Resort,5,4.6,8812,180,Expedia.com,198,593,2026-11-12,2026-11-15,3,2,USD,2026-10-09T09:42:47.184Z
Bangkok,Anantara Riverside Bangkok Resort,5,4.6,8812,180,Hotels.com,198,594,2026-11-12,2026-11-15,3,2,USD,2026-10-09T09:42:47.184Z
Bangkok,Anantara Riverside Bangkok Resort,5,4.6,8812,180,Travelocity.com,198,593,2026-11-12,2026-11-15,3,2,USD,2026-10-09T09:42:47.184Z
Bangkok,Anantara Riverside Bangkok Resort,5,4.6,8812,180,Orbitz.com,198,593,2026-11-12,2026-11-15,3,2,USD,2026-10-09T09:42:47.184Z
Bangkok,Anantara Riverside Bangkok Resort,5,4.6,8812,180,eDreams,198,594,2026-11-12,2026-11-15,3,2,USD,2026-10-09T09:42:47.184Z
Bangkok,Anantara Riverside Bangkok Resort,5,4.6,8812,180,CheapTickets.com,198,593,2026-11-12,2026-11-15,3,2,USD,2026-10-09T09:42:47.184Z
Bangkok,Anantara Riverside Bangkok Resort,5,4.6,8812,180,Prestigia.com,198,593,2026-11-12,2026-11-15,3,2,USD,2026-10-09T09:42:47.184Z
Bangkok,Anantara Riverside Bangkok Resort,5,4.6,8812,180,Booking.com,200,599,2026-11-12,2026-11-15,3,2,USD,2026-10-09T09:42:47.184Z
Bangkok,Anantara Riverside Bangkok Resort,5,4.6,8812,180,Agoda,200,599,2026-11-12,2026-11-15,3,2,USD,2026-10-09T09:42:47.184Z
Bangkok,Anantara Riverside Bangkok Resort,5,4.6,8812,180,Stayforlong.com,201,603,2026-11-12,2026-11-15,3,2,USD,2026-10-09T09:42:47.184Z
Bangkok,Anantara Riverside Bangkok Resort,5,4.6,8812,180,Evendo,203,609,2026-11-12,2026-11-15,3,2,USD,2026-10-09T09:42:47.184Z
Bangkok,Anantara Riverside Bangkok Resort,5,4.6,8812,180,Reserving,212,636,2026-11-12,2026-11-15,3,2,USD,2026-10-09T09:42:47.184Z
Bangkok,Anantara Riverside Bangkok Resort,5,4.6,8812,180,Clicktrip.com,215,645,2026-11-12,2026-11-15,3,2,USD,2026-10-09T09:42:47.184Z
Bangkok,Anantara Riverside Bangkok Resort,5,4.6,8812,180,Vio.com,219,656,2026-11-12,2026-11-15,3,2,USD,2026-10-09T09:42:47.184Z
Bangkok,Anantara Riverside Bangkok Resort,5,4.6,8812,180,goseek.com,219,656,2026-11-12,2026-11-15,3,2,USD,2026-10-09T09:42:47.184Z
Bangkok,Anantara Riverside Bangkok Resort,5,4.6,8812,180,Etrip.net,219,656,2026-11-12,2026-11-15,3,2,USD,2026-10-09T09:42:47.184Z
Bangkok,Anantara Riverside Bangkok Resort,5,4.6,8812,180,Trip.com,222,666,2026-11-12,2026-11-15,3,2,USD,2026-10-09T09:42:47.184Z
Bangkok,Anantara Riverside Bangkok Resort,5,4.6,8812,180,Qantas Hotels,224,672,2026-11-12,2026-11-15,3,2,USD,2026-10-09T09:42:47.184Z
Bangkok,Anantara Riverside Bangkok Resort,5,4.6,8812,180,Hotel prive,273,818,2026-11-12,2026-11-15,3,2,USD,2026-10-09T09:42:47.184Z
Bangkok,Ambassador Hotel Bangkok,4,4,12333,45,KAYAK.com,45,134,2026-11-12,2026-11-15,3,2,USD,2026-10-09T09:42:47.184Z
Bangkok,Ambassador Hotel Bangkok,4,4,12333,45,Hotelscombined.com,45,134,2026-11-12,2026-11-15,3,2,USD,2026-10-09T09:42:47.184Z
Bangkok,Ambassador Hotel Bangkok,4,4,12333,45,momondo.com,45,134,2026-11-12,2026-11-15,3,2,USD,2026-10-09T09:42:47.184Z
Bangkok,Ambassador Hotel Bangkok,4,4,12333,45,Ambassador Hotel Bangkok,46,137,2026-11-12,2026-11-15,3,2,USD,2026-10-09T09:42:47.184Z
Bangkok,Ambassador Hotel Bangkok,4,4,12333,45,Priceline,46,137,2026-11-12,2026-11-15,3,2,USD,2026-10-09T09:42:47.184Z
Bangkok,Ambassador Hotel Bangkok,4,4,12333,45,klook,48,143,2026-11-12,2026-11-15,3,2,USD,2026-10-09T09:42:47.184Z
Bangkok,Ambassador Hotel Bangkok,4,4,12333,45,Vio.com,49,147,2026-11-12,2026-11-15,3,2,USD,2026-10-09T09:42:47.184Z
Bangkok,Ambassador Hotel Bangkok,4,4,12333,45,Reservation Day,49,147,2026-11-12,2026-11-15,3,2,USD,2026-10-09T09:42:47.184Z
Bangkok,Ambassador Hotel Bangkok,4,4,12333,45,goseek.com,49,147,2026-11-12,2026-11-15,3,2,USD,2026-10-09T09:42:47.184Z
Bangkok,Ambassador Hotel Bangkok,4,4,12333,45,Clicktrip.com,49,147,2026-11-12,2026-11-15,3,2,USD,2026-10-09T09:42:47.184Z
Bangkok,Ambassador Hotel Bangkok,4,4,12333,45,Booking.com,52,157,2026-11-12,2026-11-15,3,2,USD,2026-10-09T09:42:47.184Z
Bangkok,Ambassador Hotel Bangkok,4,4,12333,45,TravelUp,53,158,2026-11-12,2026-11-15,3,2,USD,2026-10-09T09:42:47.184Z
Bangkok,Ambassador Hotel Bangkok,4,4,12333,45,Closest Hotel,53,158,2026-11-12,2026-11-15,3,2,USD,2026-10-09T09:42:47.184Z
Bangkok,Ambassador Hotel Bangkok,4,4,12333,45,Kiwi.com,53,158,2026-11-12,2026-11-15,3,2,USD,2026-10-09T09:42:47.184Z
Bangkok,Ambassador Hotel Bangkok,4,4,12333,45,Agoda,54,162,2026-11-12,2026-11-15,3,2,USD,2026-10-09T09:42:47.184Z
Bangkok,Ambassador Hotel Bangkok,4,4,12333,45,Bluepillow.com,57,171,2026-11-12,2026-11-15,3,2,USD,2026-10-09T09:42:47.184Z
Bangkok,Ambassador Hotel Bangkok,4,4,12333,45,Expedia.com,58,174,2026-11-12,2026-11-15,3,2,USD,2026-10-09T09:42:47.184Z
Bangkok,Ambassador Hotel Bangkok,4,4,12333,45,Hotels.com,58,174,2026-11-12,2026-11-15,3,2,USD,2026-10-09T09:42:47.184Z
Bangkok,Ambassador Hotel Bangkok,4,4,12333,45,Travelocity.com,58,174,2026-11-12,2026-11-15,3,2,USD,2026-10-09T09:42:47.184Z
Bangkok,Ambassador Hotel Bangkok,4,4,12333,45,Orbitz.com,58,174,2026-11-12,2026-11-15,3,2,USD,2026-10-09T09:42:47.184Z
Bangkok,Ambassador Hotel Bangkok,4,4,12333,45,CheapTickets.com,58,174,2026-11-12,2026-11-15,3,2,USD,2026-10-09T09:42:47.184Z
Bangkok,Ambassador Hotel Bangkok,4,4,12333,45,Evendo,60,179,2026-11-12,2026-11-15,3,2,USD,2026-10-09T09:42:47.184Z
Bangkok,Ambassador Hotel Bangkok,4,4,12333,45,Prestigia.com,60,179,2026-11-12,2026-11-15,3,2,USD,2026-10-09T09:42:47.184Z
Bangkok,Ambassador Hotel Bangkok,4,4,12333,45,Qantas Hotels,62,187,2026-11-12,2026-11-15,3,2,USD,2026-10-09T09:42:47.184Z
Bangkok,Ambassador Hotel Bangkok,4,4,12333,45,Catchit.com,72,216,2026-11-12,2026-11-15,3,2,USD,2026-10-09T09:42:47.184Z
Bangkok,Ambassador Hotel Bangkok,4,4,12333,45,Hotel prive,73,220,2026-11-12,2026-11-15,3,2,USD,2026-10-09T09:42:47.184Z
Bangkok,Ambassador Hotel Bangkok,4,4,12333,45,Pilot,79,237,2026-11-12,2026-11-15,3,2,USD,2026-10-09T09:42:47.184Z
Bangkok,Ambassador Hotel Bangkok,4,4,12333,45,Tripening Hotels,92,275,2026-11-12,2026-11-15,3,2,USD,2026-10-09T09:42:47.184Z
Bangkok,Lancaster Bangkok,5,4.6,2298,76,klook,76,228,2026-11-12,2026-11-15,3,2,USD,2026-10-09T09:42:47.184Z
Bangkok,Lancaster Bangkok,5,4.6,2298,76,Booking.com,84,251,2026-11-12,2026-11-15,3,2,USD,2026-10-09T09:42:47.184Z
Bangkok,Lancaster Bangkok,5,4.6,2298,76,Bookhotel.direct,84,251,2026-11-12,2026-11-15,3,2,USD,2026-10-09T09:42:47.184Z
Bangkok,Lancaster Bangkok,5,4.6,2298,76,hutchgo (Hutchison Travel Limited),85,256,2026-11-12,2026-11-15,3,2,USD,2026-10-09T09:42:47.184Z
Bangkok,Lancaster Bangkok,5,4.6,2298,76,Priceline,86,259,2026-11-12,2026-11-15,3,2,USD,2026-10-09T09:42:47.184Z
Bangkok,Lancaster Bangkok,5,4.6,2298,76,KAYAK.com,88,265,2026-11-12,2026-11-15,3,2,USD,2026-10-09T09:42:47.184Z
Bangkok,Lancaster Bangkok,5,4.6,2298,76,Hotelscombined.com,88,265,2026-11-12,2026-11-15,3,2,USD,2026-10-09T09:42:47.184Z
Bangkok,Lancaster Bangkok,5,4.6,2298,76,momondo.com,88,265,2026-11-12,2026-11-15,3,2,USD,2026-10-09T09:42:47.184Z
Bangkok,Lancaster Bangkok,5,4.6,2298,76,Vio.com,89,267,2026-11-12,2026-11-15,3,2,USD,2026-10-09T09:42:47.184Z
Bangkok,Lancaster Bangkok,5,4.6,2298,76,goseek.com,90,269,2026-11-12,2026-11-15,3,2,USD,2026-10-09T09:42:47.184Z
Bangkok,Lancaster Bangkok,5,4.6,2298,76,dealbase.com,90,269,2026-11-12,2026-11-15,3,2,USD,2026-10-09T09:42:47.184Z
Bangkok,Lancaster Bangkok,5,4.6,2298,76,Traveluro,91,273,2026-11-12,2026-11-15,3,2,USD,2026-10-09T09:42:47.184Z
Bangkok,Lancaster Bangkok,5,4.6,2298,76,trivago DEALS,92,275,2026-11-12,2026-11-15,3,2,USD,2026-10-09T09:42:47.184Z
Bangkok,Lancaster Bangkok,5,4.6,2298,76,Stayforlong.com,92,275,2026-11-12,2026-11-15,3,2,USD,2026-10-09T09:42:47.184Z
Bangkok,Lancaster Bangkok,5,4.6,2298,76,Evendo,95,285,2026-11-12,2026-11-15,3,2,USD,2026-10-09T09:42:47.184Z
Bangkok,Lancaster Bangkok,5,4.6,2298,76,Closest Hotel,96,288,2026-11-12,2026-11-15,3,2,USD,2026-10-09T09:42:47.184Z
Bangkok,Lancaster Bangkok,5,4.6,2298,76,TravelUp,97,292,2026-11-12,2026-11-15,3,2,USD,2026-10-09T09:42:47.184Z
Bangkok,Lancaster Bangkok,5,4.6,2298,76,Pilot,100,300,2026-11-12,2026-11-15,3,2,USD,2026-10-09T09:42:47.184Z
Bangkok,Lancaster Bangkok,5,4.6,2298,76,Clicktrip.com,103,310,2026-11-12,2026-11-15,3,2,USD,2026-10-09T09:42:47.184Z
Bangkok,Lancaster Bangkok,5,4.6,2298,76,Agoda,106,318,2026-11-12,2026-11-15,3,2,USD,2026-10-09T09:42:47.184Z
Bangkok,Lancaster Bangkok,5,4.6,2298,76,Expedia.com,106,317,2026-11-12,2026-11-15,3,2,USD,2026-10-09T09:42:47.184Z
Bangkok,Lancaster Bangkok,5,4.6,2298,76,Hotels.com,106,317,2026-11-12,2026-11-15,3,2,USD,2026-10-09T09:42:47.184Z
Bangkok,Lancaster Bangkok,5,4.6,2298,76,Travelocity.com,106,317,2026-11-12,2026-11-15,3,2,USD,2026-10-09T09:42:47.184Z
Bangkok,Lancaster Bangkok,5,4.6,2298,76,Kiwi.com,106,317,2026-11-12,2026-11-15,3,2,USD,2026-10-09T09:42:47.184Z
Bangkok,Lancaster Bangkok,5,4.6,2298,76,Orbitz.com,106,317,2026-11-12,2026-11-15,3,2,USD,2026-10-09T09:42:47.184Z
Bangkok,Lancaster Bangkok,5,4.6,2298,76,eDreams,106,317,2026-11-12,2026-11-15,3,2,USD,2026-10-09T09:42:47.184Z
Bangkok,Lancaster Bangkok,5,4.6,2298,76,CheapTickets.com,106,317,2026-11-12,2026-11-15,3,2,USD,2026-10-09T09:42:47.184Z
Bangkok,Lancaster Bangkok,5,4.6,2298,76,Trip.com,107,320,2026-11-12,2026-11-15,3,2,USD,2026-10-09T09:42:47.184Z
Bangkok,Lancaster Bangkok,5,4.6,2298,76,Reserving,113,340,2026-11-12,2026-11-15,3,2,USD,2026-10-09T09:42:47.184Z
Bangkok,Lancaster Bangkok,5,4.6,2298,76,Qantas Hotels,113,340,2026-11-12,2026-11-15,3,2,USD,2026-10-09T09:42:47.184Z
Bangkok,Villa Bangkok Hotel,3,4.5,707,35,Booking.com,35,104,2026-11-12,2026-11-15,3,2,USD,2026-10-09T09:42:47.184Z
Bangkok,Villa Bangkok Hotel,3,4.5,707,35,Trip.com,36,107,2026-11-12,2026-11-15,3,2,USD,2026-10-09T09:42:47.184Z
Bangkok,Villa Bangkok Hotel,3,4.5,707,35,Vio.com,36,107,2026-11-12,2026-11-15,3,2,USD,2026-10-09T09:42:47.184Z
Bangkok,Villa Bangkok Hotel,3,4.5,707,35,dealbase.com,36,107,2026-11-12,2026-11-15,3,2,USD,2026-10-09T09:42:47.184Z
Bangkok,Villa Bangkok Hotel,3,4.5,707,35,Etrip.net,36,107,2026-11-12,2026-11-15,3,2,USD,2026-10-09T09:42:47.184Z
Bangkok,Villa Bangkok Hotel,3,4.5,707,35,Tripadvisor.com,37,110,2026-11-12,2026-11-15,3,2,USD,2026-10-09T09:42:47.184Z
Bangkok,Villa Bangkok Hotel,3,4.5,707,35,hutchgo (Hutchison Travel Limited),38,114,2026-11-12,2026-11-15,3,2,USD,2026-10-09T09:42:47.184Z
Bangkok,Villa Bangkok Hotel,3,4.5,707,35,Expedia.com,39,117,2026-11-12,2026-11-15,3,2,USD,2026-10-09T09:42:47.184Z
Bangkok,Villa Bangkok Hotel,3,4.5,707,35,Hotels.com,39,117,2026-11-12,2026-11-15,3,2,USD,2026-10-09T09:42:47.184Z
Bangkok,Villa Bangkok Hotel,3,4.5,707,35,Qantas Hotels,39,118,2026-11-12,2026-11-15,3,2,USD,2026-10-09T09:42:47.184Z
Bangkok,Villa Bangkok Hotel,3,4.5,707,35,Travelocity.com,39,117,2026-11-12,2026-11-15,3,2,USD,2026-10-09T09:42:47.184Z
Bangkok,Villa Bangkok Hotel,3,4.5,707,35,Bluepillow.com,39,117,2026-11-12,2026-11-15,3,2,USD,2026-10-09T09:42:47.184Z
Bangkok,Villa Bangkok Hotel,3,4.5,707,35,Orbitz.com,39,117,2026-11-12,2026-11-15,3,2,USD,2026-10-09T09:42:47.184Z
Bangkok,Villa Bangkok Hotel,3,4.5,707,35,CheapTickets.com,39,117,2026-11-12,2026-11-15,3,2,USD,2026-10-09T09:42:47.184Z
Bangkok,Villa Bangkok Hotel,3,4.5,707,35,eDreams,39,117,2026-11-12,2026-11-15,3,2,USD,2026-10-09T09:42:47.184Z
Bangkok,Villa Bangkok Hotel,3,4.5,707,35,goseek.com,39,117,2026-11-12,2026-11-15,3,2,USD,2026-10-09T09:42:47.184Z
Bangkok,Villa Bangkok Hotel,3,4.5,707,35,Kiwi.com,39,117,2026-11-12,2026-11-15,3,2,USD,2026-10-09T09:42:47.184Z
Bangkok,Villa Bangkok Hotel,3,4.5,707,35,Priceline,46,139,2026-11-12,2026-11-15,3,2,USD,2026-10-09T09:42:47.184Z
Bangkok,JC Kevin Sathorn Bangkok Hotel,5,4.4,7072,48,KAYAK.com,48,145,2026-11-12,2026-11-15,3,2,USD,2026-10-09T09:42:47.184Z
Bangkok,JC Kevin Sathorn Bangkok Hotel,5,4.4,7072,48,klook,48,143,2026-11-12,2026-11-15,3,2,USD,2026-10-09T09:42:47.184Z
Bangkok,JC Kevin Sathorn Bangkok Hotel,5,4.4,7072,48,Hotelscombined.com,48,145,2026-11-12,2026-11-15,3,2,USD,2026-10-09T09:42:47.184Z
Bangkok,JC Kevin Sathorn Bangkok Hotel,5,4.4,7072,48,momondo.com,48,145,2026-11-12,2026-11-15,3,2,USD,2026-10-09T09:42:47.184Z
Bangkok,JC Kevin Sathorn Bangkok Hotel,5,4.4,7072,48,Priceline,49,148,2026-11-12,2026-11-15,3,2,USD,2026-10-09T09:42:47.184Z
Bangkok,JC Kevin Sathorn Bangkok Hotel,5,4.4,7072,48,trivago DEALS,51,154,2026-11-12,2026-11-15,3,2,USD,2026-10-09T09:42:47.184Z
Bangkok,JC Kevin Sathorn Bangkok Hotel,5,4.4,7072,48,Traveluro,51,154,2026-11-12,2026-11-15,3,2,USD,2026-10-09T09:42:47.184Z
Bangkok,JC Kevin Sathorn Bangkok Hotel,5,4.4,7072,48,Bluepillow.com,56,169,2026-11-12,2026-11-15,3,2,USD,2026-10-09T09:42:47.184Z
Bangkok,JC Kevin Sathorn Bangkok Hotel,5,4.4,7072,48,Evendo,57,171,2026-11-12,2026-11-15,3,2,USD,2026-10-09T09:42:47.184Z
Bangkok,JC Kevin Sathorn Bangkok Hotel,5,4.4,7072,48,hutchgo (Hutchison Travel Limited),58,175,2026-11-12,2026-11-15,3,2,USD,2026-10-09T09:42:47.184Z
Bangkok,JC Kevin Sathorn Bangkok Hotel,5,4.4,7072,48,TravelUp,59,178,2026-11-12,2026-11-15,3,2,USD,2026-10-09T09:42:47.184Z
Bangkok,JC Kevin Sathorn Bangkok Hotel,5,4.4,7072,48,Clicktrip.com,59,178,2026-11-12,2026-11-15,3,2,USD,2026-10-09T09:42:47.184Z
Bangkok,JC Kevin Sathorn Bangkok Hotel,5,4.4,7072,48,Stayforlong.com,60,179,2026-11-12,2026-11-15,3,2,USD,2026-10-09T09:42:47.184Z
Bangkok,JC Kevin Sathorn Bangkok Hotel,5,4.4,7072,48,Reservation Day,60,179,2026-11-12,2026-11-15,3,2,USD,2026-10-09T09:42:47.184Z
Bangkok,JC Kevin Sathorn Bangkok Hotel,5,4.4,7072,48,goseek.com,62,186,2026-11-12,2026-11-15,3,2,USD,2026-10-09T09:42:47.184Z
Bangkok,JC Kevin Sathorn Bangkok Hotel,5,4.4,7072,48,Catchit.com,66,197,2026-11-12,2026-11-15,3,2,USD,2026-10-09T09:42:47.184Z
Bangkok,JC Kevin Sathorn Bangkok Hotel,5,4.4,7072,48,Closest Hotel,73,220,2026-11-12,2026-11-15,3,2,USD,2026-10-09T09:42:47.184Z
Bangkok,JC Kevin Sathorn Bangkok Hotel,5,4.4,7072,48,Booking.com,74,223,2026-11-12,2026-11-15,3,2,USD,2026-10-09T09:42:47.184Z
Bangkok,JC Kevin Sathorn Bangkok Hotel,5,4.4,7072,48,Hotels.com,75,224,2026-11-12,2026-11-15,3,2,USD,2026-10-09T09:42:47.184Z
Bangkok,JC Kevin Sathorn Bangkok Hotel,5,4.4,7072,48,Expedia.com,76,227,2026-11-12,2026-11-15,3,2,USD,2026-10-09T09:42:47.184Z
Bangkok,JC Kevin Sathorn Bangkok Hotel,5,4.4,7072,48,Travelocity.com,76,227,2026-11-12,2026-11-15,3,2,USD,2026-10-09T09:42:47.184Z
Bangkok,JC Kevin Sathorn Bangkok Hotel,5,4.4,7072,48,Orbitz.com,76,227,2026-11-12,2026-11-15,3,2,USD,2026-10-09T09:42:47.184Z
Bangkok,JC Kevin Sathorn Bangkok Hotel,5,4.4,7072,48,CheapTickets.com,76,227,2026-11-12,2026-11-15,3,2,USD,2026-10-09T09:42:47.184Z
Bangkok,JC Kevin Sathorn Bangkok Hotel,5,4.4,7072,48,Hotel prive,77,230,2026-11-12,2026-11-15,3,2,USD,2026-10-09T09:42:47.184Z
Bangkok,JC Kevin Sathorn Bangkok Hotel,5,4.4,7072,48,Trip.com,78,233,2026-11-12,2026-11-15,3,2,USD,2026-10-09T09:42:47.184Z
Bangkok,JC Kevin Sathorn Bangkok Hotel,5,4.4,7072,48,Qantas Hotels,89,266,2026-11-12,2026-11-15,3,2,USD,2026-10-09T09:42:47.184Z
Bangkok,JC Kevin Sathorn Bangkok Hotel,5,4.4,7072,48,Reserving,91,274,2026-11-12,2026-11-15,3,2,USD,2026-10-09T09:42:47.184Z
Bangkok,JC Kevin Sathorn Bangkok Hotel,5,4.4,7072,48,Pilot,91,273,2026-11-12,2026-11-15,3,2,USD,2026-10-09T09:42:47.184Z
Bangkok,JC Kevin Sathorn Bangkok Hotel,5,4.4,7072,48,Tripening Hotels,94,281,2026-11-12,2026-11-15,3,2,USD,2026-10-09T09:42:47.184Z
Bangkok,Hotel Royal Bangkok,4,4.3,3149,34,klook,34,102,2026-11-12,2026-11-15,3,2,USD,2026-10-09T09:42:47.184Z
Bangkok,Hotel Royal Bangkok,4,4.3,3149,34,Traveluro,35,104,2026-11-12,2026-11-15,3,2,USD,2026-10-09T09:42:47.184Z
Bangkok,Hotel Royal Bangkok,4,4.3,3149,34,trivago DEALS,36,109,2026-11-12,2026-11-15,3,2,USD,2026-10-09T09:42:47.184Z
Bangkok,Hotel Royal Bangkok,4,4.3,3149,34,Evendo,36,109,2026-11-12,2026-11-15,3,2,USD,2026-10-09T09:42:47.184Z
Bangkok,Hotel Royal Bangkok,4,4.3,3149,34,Reservation Day,37,112,2026-11-12,2026-11-15,3,2,USD,2026-10-09T09:42:47.184Z
Bangkok,Hotel Royal Bangkok,4,4.3,3149,34,Agoda,38,114,2026-11-12,2026-11-15,3,2,USD,2026-10-09T09:42:47.184Z
Bangkok,Hotel Royal Bangkok,4,4.3,3149,34,hutchgo (Hutchison Travel Limited),38,113,2026-11-12,2026-11-15,3,2,USD,2026-10-09T09:42:47.184Z
Bangkok,Hotel Royal Bangkok,4,4.3,3149,34,Booking.com,38,114,2026-11-12,2026-11-15,3,2,USD,2026-10-09T09:42:47.184Z
Bangkok,Hotel Royal Bangkok,4,4.3,3149,34,Vio.com,38,113,2026-11-12,2026-11-15,3,2,USD,2026-10-09T09:42:47.184Z
Bangkok,Hotel Royal Bangkok,4,4.3,3149,34,Etrip.net,38,113,2026-11-12,2026-11-15,3,2,USD,2026-10-09T09:42:47.184Z
Bangkok,Hotel Royal Bangkok,4,4.3,3149,34,Bluepillow.com,39,117,2026-11-12,2026-11-15,3,2,USD,2026-10-09T09:42:47.184Z
Bangkok,Hotel Royal Bangkok,4,4.3,3149,34,TravelUp,40,119,2026-11-12,2026-11-15,3,2,USD,2026-10-09T09:42:47.184Z
Bangkok,Hotel Royal Bangkok,4,4.3,3149,34,Stayforlong.com,40,121,2026-11-12,2026-11-15,3,2,USD,2026-10-09T09:42:47.184Z
Bangkok,Hotel Royal Bangkok,4,4.3,3149,34,Clicktrip.com,40,119,2026-11-12,2026-11-15,3,2,USD,2026-10-09T09:42:47.184Z
Bangkok,Hotel Royal Bangkok,4,4.3,3149,34,Trip.com,41,124,2026-11-12,2026-11-15,3,2,USD,2026-10-09T09:42:47.184Z
Bangkok,Hotel Royal Bangkok,4,4.3,3149,34,Kiwi.com,41,123,2026-11-12,2026-11-15,3,2,USD,2026-10-09T09:42:47.184Z
Bangkok,Hotel Royal Bangkok,4,4.3,3149,34,goseek.com,41,123,2026-11-12,2026-11-15,3,2,USD,2026-10-09T09:42:47.184Z
Bangkok,Hotel Royal Bangkok,4,4.3,3149,34,Expedia.com,42,127,2026-11-12,2026-11-15,3,2,USD,2026-10-09T09:42:47.184Z
Bangkok,Hotel Royal Bangkok,4,4.3,3149,34,Hotels.com,42,127,2026-11-12,2026-11-15,3,2,USD,2026-10-09T09:42:47.184Z
Bangkok,Hotel Royal Bangkok,4,4.3,3149,34,Travelocity.com,42,127,2026-11-12,2026-11-15,3,2,USD,2026-10-09T09:42:47.184Z
Bangkok,Hotel Royal Bangkok,4,4.3,3149,34,Orbitz.com,42,127,2026-11-12,2026-11-15,3,2,USD,2026-10-09T09:42:47.184Z
Bangkok,Hotel Royal Bangkok,4,4.3,3149,34,CheapTickets.com,42,127,2026-11-12,2026-11-15,3,2,USD,2026-10-09T09:42:47.184Z
Bangkok,Hotel Royal Bangkok,4,4.3,3149,34,Prestigia.com,42,126,2026-11-12,2026-11-15,3,2,USD,2026-10-09T09:42:47.184Z
Bangkok,Hotel Royal Bangkok,4,4.3,3149,34,Hotel prive,49,148,2026-11-12,2026-11-15,3,2,USD,2026-10-09T09:42:47.184Z
Bangkok,Hotel Royal Bangkok,4,4.3,3149,34,Luxury Escapes,52,157,2026-11-12,2026-11-15,3,2,USD,2026-10-09T09:42:47.184Z
Bangkok,Hotel Royal Bangkok,4,4.3,3149,34,Hotel Royal Bangkok,58,174,2026-11-12,2026-11-15,3,2,USD,2026-10-09T09:42:47.184Z
Bangkok,Hotel Royal Bangkok,4,4.3,3149,34,Qantas Hotels,61,184,2026-11-12,2026-11-15,3,2,USD,2026-10-09T09:42:47.184Z
Bangkok,Hotel Royal Bangkok,4,4.3,3149,34,Priceline,68,204,2026-11-12,2026-11-15,3,2,USD,2026-10-09T09:42:47.184Z
Bangkok,Hotel Royal Bangkok,4,4.3,3149,34,KAYAK.com,68,204,2026-11-12,2026-11-15,3,2,USD,2026-10-09T09:42:47.184Z
Bangkok,Hotel Royal Bangkok,4,4.3,3149,34,Hotelscombined.com,68,204,2026-11-12,2026-11-15,3,2,USD,2026-10-09T09:42:47.184Z
Barcelona,The One Barcelona,5,4.6,1267,285,The One Barcelona,285,855,2026-11-12,2026-11-15,3,2,USD,2026-10-09T09:42:47.184Z
Barcelona,The One Barcelona,5,4.6,1267,285,Super.com,318,955,2026-11-12,2026-11-15,3,2,USD,2026-10-09T09:42:47.184Z
Barcelona,The One Barcelona,5,4.6,1267,285,Billabook.com,358,1074,2026-11-12,2026-11-15,3,2,USD,2026-10-09T09:42:47.184Z
Barcelona,The One Barcelona,5,4.6,1267,285,Catchit.com,363,1088,2026-11-12,2026-11-15,3,2,USD,2026-10-09T09:42:47.184Z
Barcelona,The One Barcelona,5,4.6,1267,285,Agoda,379,1137,2026-11-12,2026-11-15,3,2,USD,2026-10-09T09:42:47.184Z
Barcelona,The One Barcelona,5,4.6,1267,285,Evendo,379,1137,2026-11-12,2026-11-15,3,2,USD,2026-10-09T09:42:47.184Z
Barcelona,The One Barcelona,5,4.6,1267,285,Priceline,384,1153,2026-11-12,2026-11-15,3,2,USD,2026-10-09T09:42:47.184Z
Barcelona,The One Barcelona,5,4.6,1267,285,Expedia.com,401,1202,2026-11-12,2026-11-15,3,2,USD,2026-10-09T09:42:47.184Z
Barcelona,The One Barcelona,5,4.6,1267,285,Hotels.com,401,1202,2026-11-12,2026-11-15,3,2,USD,2026-10-09T09:42:47.184Z
Barcelona,The One Barcelona,5,4.6,1267,285,Trip.com,401,1204,2026-11-12,2026-11-15,3,2,USD,2026-10-09T09:42:47.184Z
Barcelona,The One Barcelona,5,4.6,1267,285,Travelocity.com,401,1202,2026-11-12,2026-11-15,3,2,USD,2026-10-09T09:42:47.184Z
Barcelona,The One Barcelona,5,4.6,1267,285,Orbitz.com,401,1202,2026-11-12,2026-11-15,3,2,USD,2026-10-09T09:42:47.184Z
Barcelona,The One Barcelona,5,4.6,1267,285,CheapTickets.com,401,1202,2026-11-12,2026-11-15,3,2,USD,2026-10-09T09:42:47.184Z
Barcelona,The One Barcelona,5,4.6,1267,285,Reserving,407,1222,2026-11-12,2026-11-15,3,2,USD,2026-10-09T09:42:47.184Z
Barcelona,The One Barcelona,5,4.6,1267,285,eDreams,408,1223,2026-11-12,2026-11-15,3,2,USD,2026-10-09T09:42:47.184Z
Barcelona,The One Barcelona,5,4.6,1267,285,Stayforlong.com,409,1226,2026-11-12,2026-11-15,3,2,USD,2026-10-09T09:42:47.184Z
Barcelona,The One Barcelona,5,4.6,1267,285,Clicktrip.com,409,1226,2026-11-12,2026-11-15,3,2,USD,2026-10-09T09:42:47.184Z
Barcelona,The One Barcelona,5,4.6,1267,285,TravelUp,430,1291,2026-11-12,2026-11-15,3,2,USD,2026-10-09T09:42:47.184Z
Barcelona,The One Barcelona,5,4.6,1267,285,CHECK24.es,431,1292,2026-11-12,2026-11-15,3,2,USD,2026-10-09T09:42:47.184Z
Barcelona,The One Barcelona,5,4.6,1267,285,Bluepillow.com,432,1295,2026-11-12,2026-11-15,3,2,USD,2026-10-09T09:42:47.184Z
Barcelona,The One Barcelona,5,4.6,1267,285,Booking.com,433,1300,2026-11-12,2026-11-15,3,2,USD,2026-10-09T09:42:47.184Z
Barcelona,The One Barcelona,5,4.6,1267,285,Michelin Guide Hotels,446,1337,2026-11-12,2026-11-15,3,2,USD,2026-10-09T09:42:47.184Z
Barcelona,The One Barcelona,5,4.6,1267,285,Hotelsnest.com,466,1398,2026-11-12,2026-11-15,3,2,USD,2026-10-09T09:42:47.184Z
Barcelona,The One Barcelona,5,4.6,1267,285,Qantas Hotels,472,1415,2026-11-12,2026-11-15,3,2,USD,2026-10-09T09:42:47.184Z
Barcelona,Nobu Hotel Barcelona,5,4.4,2362,222,Vio.com,222,667,2026-11-12,2026-11-15,3,2,USD,2026-10-09T09:42:47.184Z
Barcelona,Nobu Hotel Barcelona,5,4.4,2362,222,Etrip.net,222,667,2026-11-12,2026-11-15,3,2,USD,2026-10-09T09:42:47.184Z
Barcelona,Nobu Hotel Barcelona,5,4.4,2362,222,Agoda,223,669,2026-11-12,2026-11-15,3,2,USD,2026-10-09T09:42:47.184Z
Barcelona,Nobu Hotel Barcelona,5,4.4,2362,222,Kiwi.com,227,680,2026-11-12,2026-11-15,3,2,USD,2026-10-09T09:42:47.184Z
Barcelona,Nobu Hotel Barcelona,5,4.4,2362,222,Booking.com,234,701,2026-11-12,2026-11-15,3,2,USD,2026-10-09T09:42:47.184Z
Barcelona,Nobu Hotel Barcelona,5,4.4,2362,222,Super.com,253,760,2026-11-12,2026-11-15,3,2,USD,2026-10-09T09:42:47.184Z
Barcelona,Nobu Hotel Barcelona,5,4.4,2362,222,Billabook.com,255,765,2026-11-12,2026-11-15,3,2,USD,2026-10-09T09:42:47.184Z
Barcelona,Nobu Hotel Barcelona,5,4.4,2362,222,trivago DEALS,265,794,2026-11-12,2026-11-15,3,2,USD,2026-10-09T09:42:47.184Z
Barcelona,Nobu Hotel Barcelona,5,4.4,2362,222,Stayforlong.com,265,795,2026-11-12,2026-11-15,3,2,USD,2026-10-09T09:42:47.184Z
Barcelona,Nobu Hotel Barcelona,5,4.4,2362,222,Long Stay Discounts,266,797,2026-11-12,2026-11-15,3,2,USD,2026-10-09T09:42:47.184Z
Barcelona,Nobu Hotel Barcelona,5,4.4,2362,222,klook,271,812,2026-11-12,2026-11-15,3,2,USD,2026-10-09T09:42:47.184Z
Barcelona,Nobu Hotel Barcelona,5,4.4,2362,222,Catchit.com,279,838,2026-11-12,2026-11-15,3,2,USD,2026-10-09T09:42:47.184Z
Barcelona,Nobu Hotel Barcelona,5,4.4,2362,222,Trip.com,280,841,2026-11-12,2026-11-15,3,2,USD,2026-10-09T09:42:47.184Z
Barcelona,Nobu Hotel Barcelona,5,4.4,2362,222,Bluepillow.com,281,843,2026-11-12,2026-11-15,3,2,USD,2026-10-09T09:42:47.184Z
Barcelona,Nobu Hotel Barcelona,5,4.4,2362,222,Expedia.com,284,853,2026-11-12,2026-11-15,3,2,USD,2026-10-09T09:42:47.184Z
Barcelona,Nobu Hotel Barcelona,5,4.4,2362,222,Hotels.com,284,853,2026-11-12,2026-11-15,3,2,USD,2026-10-09T09:42:47.184Z
Barcelona,Nobu Hotel Barcelona,5,4.4,2362,222,Travelocity.com,284,853,2026-11-12,2026-11-15,3,2,USD,2026-10-09T09:42:47.184Z
Barcelona,Nobu Hotel Barcelona,5,4.4,2362,222,Orbitz.com,284,853,2026-11-12,2026-11-15,3,2,USD,2026-10-09T09:42:47.184Z
Barcelona,Nobu Hotel Barcelona,5,4.4,2362,222,CheapTickets.com,284,853,2026-11-12,2026-11-15,3,2,USD,2026-10-09T09:42:47.184Z
Barcelona,Nobu Hotel Barcelona,5,4.4,2362,222,Nobu Barcelona,285,854,2026-11-12,2026-11-15,3,2,USD,2026-10-09T09:42:47.184Z
Barcelona,Nobu Hotel Barcelona,5,4.4,2362,222,Michelin Guide Hotels,285,854,2026-11-12,2026-11-15,3,2,USD,2026-10-09T09:42:47.184Z
Barcelona,Nobu Hotel Barcelona,5,4.4,2362,222,Priceline,285,854,2026-11-12,2026-11-15,3,2,USD,2026-10-09T09:42:47.184Z
Barcelona,Nobu Hotel Barcelona,5,4.4,2362,222,TravelUp,289,866,2026-11-12,2026-11-15,3,2,USD,2026-10-09T09:42:47.184Z
Barcelona,Nobu Hotel Barcelona,5,4.4,2362,222,Hotelsnest.com,289,868,2026-11-12,2026-11-15,3,2,USD,2026-10-09T09:42:47.184Z
Barcelona,Nobu Hotel Barcelona,5,4.4,2362,222,eDreams,291,874,2026-11-12,2026-11-15,3,2,USD,2026-10-09T09:42:47.184Z
Barcelona,Nobu Hotel Barcelona,5,4.4,2362,222,Evendo,292,875,2026-11-12,2026-11-15,3,2,USD,2026-10-09T09:42:47.184Z
Barcelona,Nobu Hotel Barcelona,5,4.4,2362,222,CHECK24.es,314,943,2026-11-12,2026-11-15,3,2,USD,2026-10-09T09:42:47.184Z
Barcelona,Nobu Hotel Barcelona,5,4.4,2362,222,Qantas Hotels,343,1030,2026-11-12,2026-11-15,3,2,USD,2026-10-09T09:42:47.184Z
Barcelona,Nobu Hotel Barcelona,5,4.4,2362,222,Hotel prive,358,1074,2026-11-12,2026-11-15,3,2,USD,2026-10-09T09:42:47.184Z
Barcelona,Nobu Hotel Barcelona,5,4.4,2362,222,Tripening Hotels,404,1213,2026-11-12,2026-11-15,3,2,USD,2026-10-09T09:42:47.184Z
Barcelona,Casa Gràcia,4,3.9,3831,59,Booking.com,59,177,2026-11-12,2026-11-15,3,2,USD,2026-10-09T09:42:47.184Z
Barcelona,Casa Gràcia,4,3.9,3831,59,Hostelworld,70,209,2026-11-12,2026-11-15,3,2,USD,2026-10-09T09:42:47.184Z
Barcelona,Casa Gràcia,4,3.9,3831,59,Hotels.com,102,307,2026-11-12,2026-11-15,3,2,USD,2026-10-09T09:42:47.184Z
Barcelona,Casa Gràcia,4,3.9,3831,59,Traveluro,102,307,2026-11-12,2026-11-15,3,2,USD,2026-10-09T09:42:47.184Z
Barcelona,Casa Gràcia,4,3.9,3831,59,trivago DEALS,103,310,2026-11-12,2026-11-15,3,2,USD,2026-10-09T09:42:47.184Z
Barcelona,Casa Gràcia,4,3.9,3831,59,Expedia.com,104,312,2026-11-12,2026-11-15,3,2,USD,2026-10-09T09:42:47.184Z
Barcelona,Casa Gràcia,4,3.9,3831,59,Travelocity.com,104,312,2026-11-12,2026-11-15,3,2,USD,2026-10-09T09:42:47.184Z
Barcelona,Casa Gràcia,4,3.9,3831,59,Skyscanner,104,312,2026-11-12,2026-11-15,3,2,USD,2026-10-09T09:42:47.184Z
Barcelona,Casa Gràcia,4,3.9,3831,59,Orbitz.com,104,312,2026-11-12,2026-11-15,3,2,USD,2026-10-09T09:42:47.184Z
Barcelona,Casa Gràcia,4,3.9,3831,59,CheapTickets.com,104,312,2026-11-12,2026-11-15,3,2,USD,2026-10-09T09:42:47.184Z
Barcelona,Casa Gràcia,4,3.9,3831,59,müv AI,104,312,2026-11-12,2026-11-15,3,2,USD,2026-10-09T09:42:47.184Z
Barcelona,Casa Gràcia,4,3.9,3831,59,eDreams,106,318,2026-11-12,2026-11-15,3,2,USD,2026-10-09T09:42:47.184Z
Barcelona,Casa Gràcia,4,3.9,3831,59,Kiwi.com,107,321,2026-11-12,2026-11-15,3,2,USD,2026-10-09T09:42:47.184Z
Barcelona,Casa Gràcia,4,3.9,3831,59,Super.com,113,338,2026-11-12,2026-11-15,3,2,USD,2026-10-09T09:42:47.184Z
Barcelona,Casa Gràcia,4,3.9,3831,59,Reserving,121,364,2026-11-12,2026-11-15,3,2,USD,2026-10-09T09:42:47.184Z
Barcelona,Casa Gràcia,4,3.9,3831,59,Trip.com,123,368,2026-11-12,2026-11-15,3,2,USD,2026-10-09T09:42:47.184Z
Barcelona,Casa Gràcia,4,3.9,3831,59,Wego,125,375,2026-11-12,2026-11-15,3,2,USD,2026-10-09T09:42:47.184Z
Barcelona,Casa Gràcia,4,3.9,3831,59,CHECK24.es,133,399,2026-11-12,2026-11-15,3,2,USD,2026-10-09T09:42:47.184Z
Barcelona,Casa Gràcia,4,3.9,3831,59,Agoda,136,409,2026-11-12,2026-11-15,3,2,USD,2026-10-09T09:42:47.184Z
Barcelona,Casa Gràcia,4,3.9,3831,59,Stayforlong.com,138,415,2026-11-12,2026-11-15,3,2,USD,2026-10-09T09:42:47.184Z
Barcelona,Casa Gràcia,4,3.9,3831,59,Evendo,159,478,2026-11-12,2026-11-15,3,2,USD,2026-10-09T09:42:47.184Z
Barcelona,Casa Gràcia,4,3.9,3831,59,Tripening Hotels,181,544,2026-11-12,2026-11-15,3,2,USD,2026-10-09T09:42:47.184Z
Barcelona,Casa Gràcia,4,3.9,3831,59,Catchit.com,196,587,2026-11-12,2026-11-15,3,2,USD,2026-10-09T09:42:47.184Z
Barcelona,Casa Gràcia,4,3.9,3831,59,Closest Hotel,198,594,2026-11-12,2026-11-15,3,2,USD,2026-10-09T09:42:47.184Z
Barcelona,Casa Gràcia,4,3.9,3831,59,Qantas Hotels,204,612,2026-11-12,2026-11-15,3,2,USD,2026-10-09T09:42:47.184Z
Barcelona,W Barcelona,5,4.4,19026,459,HomeToGo,459,1376,2026-11-12,2026-11-15,3,2,USD,2026-10-09T09:42:47.184Z
Barcelona,W Barcelona,5,4.4,19026,459,Expedia.com,459,1378,2026-11-12,2026-11-15,3,2,USD,2026-10-09T09:42:47.184Z
Barcelona,W Barcelona,5,4.4,19026,459,Hotels.com,459,1378,2026-11-12,2026-11-15,3,2,USD,2026-10-09T09:42:47.184Z
Barcelona,W Barcelona,5,4.4,19026,459,Travelocity.com,459,1378,2026-11-12,2026-11-15,3,2,USD,2026-10-09T09:42:47.184Z
Barcelona,W Barcelona,5,4.4,19026,459,Orbitz.com,459,1378,2026-11-12,2026-11-15,3,2,USD,2026-10-09T09:42:47.184Z
Barcelona,W Barcelona,5,4.4,19026,459,CheapTickets.com,459,1378,2026-11-12,2026-11-15,3,2,USD,2026-10-09T09:42:47.184Z
Barcelona,W Barcelona,5,4.4,19026,459,W Barcelona,460,1379,2026-11-12,2026-11-15,3,2,USD,2026-10-09T09:42:47.184Z
Barcelona,W Barcelona,5,4.4,19026,459,Booking.com,460,1379,2026-11-12,2026-11-15,3,2,USD,2026-10-09T09:42:47.184Z
Barcelona,W Barcelona,5,4.4,19026,459,Agoda,460,1379,2026-11-12,2026-11-15,3,2,USD,2026-10-09T09:42:47.184Z
Barcelona,W Barcelona,5,4.4,19026,459,Trip.com,460,1379,2026-11-12,2026-11-15,3,2,USD,2026-10-09T09:42:47.184Z
Barcelona,W Barcelona,5,4.4,19026,459,Priceline,460,1379,2026-11-12,2026-11-15,3,2,USD,2026-10-09T09:42:47.184Z
Barcelona,W Barcelona,5,4.4,19026,459,eDreams,466,1397,2026-11-12,2026-11-15,3,2,USD,2026-10-09T09:42:47.184Z
Barcelona,W Barcelona,5,4.4,19026,459,Traveluro,467,1400,2026-11-12,2026-11-15,3,2,USD,2026-10-09T09:42:47.184Z
Barcelona,W Barcelona,5,4.4,19026,459,trivago DEALS,471,1412,2026-11-12,2026-11-15,3,2,USD,2026-10-09T09:42:47.184Z
Barcelona,W Barcelona,5,4.4,19026,459,Vio.com,488,1464,2026-11-12,2026-11-15,3,2,USD,2026-10-09T09:42:47.184Z
Barcelona,W Barcelona,5,4.4,19026,459,goseek.com,488,1464,2026-11-12,2026-11-15,3,2,USD,2026-10-09T09:42:47.184Z
Barcelona,W Barcelona,5,4.4,19026,459,dealbase.com,488,1464,2026-11-12,2026-11-15,3,2,USD,2026-10-09T09:42:47.184Z
Barcelona,W Barcelona,5,4.4,19026,459,Etrip.net,488,1464,2026-11-12,2026-11-15,3,2,USD,2026-10-09T09:42:47.184Z
Barcelona,W Barcelona,5,4.4,19026,459,CHECK24.es,489,1468,2026-11-12,2026-11-15,3,2,USD,2026-10-09T09:42:47.184Z
Barcelona,W Barcelona,5,4.4,19026,459,TravelUp,489,1466,2026-11-12,2026-11-15,3,2,USD,2026-10-09T09:42:47.184Z
Barcelona,W Barcelona,5,4.4,19026,459,Traveloka.com,489,1467,2026-11-12,2026-11-15,3,2,USD,2026-10-09T09:42:47.184Z
Barcelona,W Barcelona,5,4.4,19026,459,Bluepillow.com,489,1466,2026-11-12,2026-11-15,3,2,USD,2026-10-09T09:42:47.184Z
Barcelona,W Barcelona,5,4.4,19026,459,Stayforlong.com,494,1483,2026-11-12,2026-11-15,3,2,USD,2026-10-09T09:42:47.184Z
Barcelona,W Barcelona,5,4.4,19026,459,Reserving,506,1517,2026-11-12,2026-11-15,3,2,USD,2026-10-09T09:42:47.184Z
Barcelona,W Barcelona,5,4.4,19026,459,Kiwi.com,528,1585,2026-11-12,2026-11-15,3,2,USD,2026-10-09T09:42:47.184Z
Barcelona,W Barcelona,5,4.4,19026,459,lastminute.com,535,1606,2026-11-12,2026-11-15,3,2,USD,2026-10-09T09:42:47.184Z
Barcelona,W Barcelona,5,4.4,19026,459,Qantas Hotels,536,1609,2026-11-12,2026-11-15,3,2,USD,2026-10-09T09:42:47.184Z
Barcelona,W Barcelona,5,4.4,19026,459,Pilot,545,1635,2026-11-12,2026-11-15,3,2,USD,2026-10-09T09:42:47.184Z
Barcelona,W Barcelona,5,4.4,19026,459,Wego,586,1757,2026-11-12,2026-11-15,3,2,USD,2026-10-09T09:42:47.184Z
Barcelona,W Barcelona,5,4.4,19026,459,Hotel prive,642,1927,2026-11-12,2026-11-15,3,2,USD,2026-10-09T09:42:47.184Z
Barcelona,"Radisson Blu 1882 Hotel, Barcelona Sagrada Familia",4,4.5,1810,188,Radissonhotels.com,188,563,2026-11-12,2026-11-15,3,2,USD,2026-10-09T09:42:47.184Z
Barcelona,"Radisson Blu 1882 Hotel, Barcelona Sagrada Familia",4,4.5,1810,188,Super.com,194,583,2026-11-12,2026-11-15,3,2,USD,2026-10-09T09:42:47.184Z
Barcelona,"Radisson Blu 1882 Hotel, Barcelona Sagrada Familia",4,4.5,1810,188,Tripadvisor.com,220,661,2026-11-12,2026-11-15,3,2,USD,2026-10-09T09:42:47.184Z
Barcelona,"Radisson Blu 1882 Hotel, Barcelona Sagrada Familia",4,4.5,1810,188,Booking.com,221,662,2026-11-12,2026-11-15,3,2,USD,2026-10-09T09:42:47.184Z
Barcelona,"Radisson Blu 1882 Hotel, Barcelona Sagrada Familia",4,4.5,1810,188,Expedia.com,221,662,2026-11-12,2026-11-15,3,2,USD,2026-10-09T09:42:47.184Z
Barcelona,"Radisson Blu 1882 Hotel, Barcelona Sagrada Familia",4,4.5,1810,188,Agoda,221,662,2026-11-12,2026-11-15,3,2,USD,2026-10-09T09:42:47.184Z
Barcelona,"Radisson Blu 1882 Hotel, Barcelona Sagrada Familia",4,4.5,1810,188,Trip.com,221,663,2026-11-12,2026-11-15,3,2,USD,2026-10-09T09:42:47.184Z
Barcelona,"Radisson Blu 1882 Hotel, Barcelona Sagrada Familia",4,4.5,1810,188,Hotels.com,221,662,2026-11-12,2026-11-15,3,2,USD,2026-10-09T09:42:47.184Z
Barcelona,"Radisson Blu 1882 Hotel, Barcelona Sagrada Familia",4,4.5,1810,188,Priceline,221,662,2026-11-12,2026-11-15,3,2,USD,2026-10-09T09:42:47.184Z
Barcelona,"Radisson Blu 1882 Hotel, Barcelona Sagrada Familia",4,4.5,1810,188,Travelocity.com,221,662,2026-11-12,2026-11-15,3,2,USD,2026-10-09T09:42:47.184Z
Barcelona,"Radisson Blu 1882 Hotel, Barcelona Sagrada Familia",4,4.5,1810,188,Wego,221,662,2026-11-12,2026-11-15,3,2,USD,2026-10-09T09:42:47.184Z
Barcelona,"Radisson Blu 1882 Hotel, Barcelona Sagrada Familia",4,4.5,1810,188,Orbitz.com,221,662,2026-11-12,2026-11-15,3,2,USD,2026-10-09T09:42:47.184Z
Barcelona,"Radisson Blu 1882 Hotel, Barcelona Sagrada Familia",4,4.5,1810,188,CheapTickets.com,221,662,2026-11-12,2026-11-15,3,2,USD,2026-10-09T09:42:47.184Z
Barcelona,"Radisson Blu 1882 Hotel, Barcelona Sagrada Familia",4,4.5,1810,188,KAYAK.com,223,670,2026-11-12,2026-11-15,3,2,USD,2026-10-09T09:42:47.184Z
Barcelona,"Radisson Blu 1882 Hotel, Barcelona Sagrada Familia",4,4.5,1810,188,momondo.com,223,670,2026-11-12,2026-11-15,3,2,USD,2026-10-09T09:42:47.184Z
Barcelona,"Radisson Blu 1882 Hotel, Barcelona Sagrada Familia",4,4.5,1810,188,eDreams,224,673,2026-11-12,2026-11-15,3,2,USD,2026-10-09T09:42:47.184Z
Barcelona,"Radisson Blu 1882 Hotel, Barcelona Sagrada Familia",4,4.5,1810,188,HomeToGo,239,717,2026-11-12,2026-11-15,3,2,USD,2026-10-09T09:42:47.184Z
Barcelona,"Radisson Blu 1882 Hotel, Barcelona Sagrada Familia",4,4.5,1810,188,Evendo,240,719,2026-11-12,2026-11-15,3,2,USD,2026-10-09T09:42:47.184Z
Barcelona,"Radisson Blu 1882 Hotel, Barcelona Sagrada Familia",4,4.5,1810,188,TravelUp,241,724,2026-11-12,2026-11-15,3,2,USD,2026-10-09T09:42:47.184Z
Barcelona,"Radisson Blu 1882 Hotel, Barcelona Sagrada Familia",4,4.5,1810,188,Closest Hotel,241,723,2026-11-12,2026-11-15,3,2,USD,2026-10-09T09:42:47.184Z
Barcelona,"Radisson Blu 1882 Hotel, Barcelona Sagrada Familia",4,4.5,1810,188,Bluepillow.com,241,723,2026-11-12,2026-11-15,3,2,USD,2026-10-09T09:42:47.184Z
Barcelona,"Radisson Blu 1882 Hotel, Barcelona Sagrada Familia",4,4.5,1810,188,CHECK24.es,242,725,2026-11-12,2026-11-15,3,2,USD,2026-10-09T09:42:47.184Z
Barcelona,"Radisson Blu 1882 Hotel, Barcelona Sagrada Familia",4,4.5,1810,188,Catchit.com,242,725,2026-11-12,2026-11-15,3,2,USD,2026-10-09T09:42:47.184Z
Barcelona,"Radisson Blu 1882 Hotel, Barcelona Sagrada Familia",4,4.5,1810,188,Reserving,243,729,2026-11-12,2026-11-15,3,2,USD,2026-10-09T09:42:47.184Z
Barcelona,"Radisson Blu 1882 Hotel, Barcelona Sagrada Familia",4,4.5,1810,188,Luxury Escapes,245,736,2026-11-12,2026-11-15,3,2,USD,2026-10-09T09:42:47.184Z
Barcelona,"Radisson Blu 1882 Hotel, Barcelona Sagrada Familia",4,4.5,1810,188,Clicktrip.com,795,2386,2026-11-12,2026-11-15,3,2,USD,2026-10-09T09:42:47.184Z
Barcelona,Kimpton Vividora Barcelona,5,4.5,1437,237,Kiwi.com,237,711,2026-11-12,2026-11-15,3,2,USD,2026-10-09T09:42:47.184Z
Barcelona,Kimpton Vividora Barcelona,5,4.5,1437,237,KAYAK.com,243,730,2026-11-12,2026-11-15,3,2,USD,2026-10-09T09:42:47.184Z
Barcelona,Kimpton Vividora Barcelona,5,4.5,1437,237,Billabook.com,258,775,2026-11-12,2026-11-15,3,2,USD,2026-10-09T09:42:47.184Z
Barcelona,Kimpton Vividora Barcelona,5,4.5,1437,237,Kimpton Vividora Barcelona,273,819,2026-11-12,2026-11-15,3,2,USD,2026-10-09T09:42:47.184Z
Barcelona,Kimpton Vividora Barcelona,5,4.5,1437,237,Booking.com,273,819,2026-11-12,2026-11-15,3,2,USD,2026-10-09T09:42:47.184Z
Barcelona,Kimpton Vividora Barcelona,5,4.5,1437,237,Expedia.com,273,818,2026-11-12,2026-11-15,3,2,USD,2026-10-09T09:42:47.184Z
Barcelona,Kimpton Vividora Barcelona,5,4.5,1437,237,Agoda,273,819,2026-11-12,2026-11-15,3,2,USD,2026-10-09T09:42:47.184Z
Barcelona,Kimpton Vividora Barcelona,5,4.5,1437,237,Trip.com,273,819,2026-11-12,2026-11-15,3,2,USD,2026-10-09T09:42:47.184Z
Barcelona,Kimpton Vividora Barcelona,5,4.5,1437,237,Hotels.com,273,818,2026-11-12,2026-11-15,3,2,USD,2026-10-09T09:42:47.184Z
Barcelona,Kimpton Vividora Barcelona,5,4.5,1437,237,Michelin Guide Hotels,273,819,2026-11-12,2026-11-15,3,2,USD,2026-10-09T09:42:47.184Z
Barcelona,Kimpton Vividora Barcelona,5,4.5,1437,237,Priceline,273,819,2026-11-12,2026-11-15,3,2,USD,2026-10-09T09:42:47.184Z
Barcelona,Kimpton Vividora Barcelona,5,4.5,1437,237,Travelocity.com,273,818,2026-11-12,2026-11-15,3,2,USD,2026-10-09T09:42:47.184Z
Barcelona,Kimpton Vividora Barcelona,5,4.5,1437,237,Orbitz.com,273,818,2026-11-12,2026-11-15,3,2,USD,2026-10-09T09:42:47.184Z
Barcelona,Kimpton Vividora Barcelona,5,4.5,1437,237,CheapTickets.com,273,818,2026-11-12,2026-11-15,3,2,USD,2026-10-09T09:42:47.184Z
Barcelona,Kimpton Vividora Barcelona,5,4.5,1437,237,Vio.com,276,829,2026-11-12,2026-11-15,3,2,USD,2026-10-09T09:42:47.184Z
Barcelona,Kimpton Vividora Barcelona,5,4.5,1437,237,Etrip.net,276,829,2026-11-12,2026-11-15,3,2,USD,2026-10-09T09:42:47.184Z
Barcelona,Kimpton Vividora Barcelona,5,4.5,1437,237,eDreams,279,837,2026-11-12,2026-11-15,3,2,USD,2026-10-09T09:42:47.184Z
Barcelona,Kimpton Vividora Barcelona,5,4.5,1437,237,Evendo,292,876,2026-11-12,2026-11-15,3,2,USD,2026-10-09T09:42:47.184Z
Barcelona,Kimpton Vividora Barcelona,5,4.5,1437,237,Super.com,299,897,2026-11-12,2026-11-15,3,2,USD,2026-10-09T09:42:47.184Z
Barcelona,Kimpton Vividora Barcelona,5,4.5,1437,237,TravelUp,299,897,2026-11-12,2026-11-15,3,2,USD,2026-10-09T09:42:47.184Z
Barcelona,Kimpton Vividora Barcelona,5,4.5,1437,237,BusinessHotels.com,299,898,2026-11-12,2026-11-15,3,2,USD,2026-10-09T09:42:47.184Z
Barcelona,Kimpton Vividora Barcelona,5,4.5,1437,237,Closest Hotel,302,906,2026-11-12,2026-11-15,3,2,USD,2026-10-09T09:42:47.184Z
Barcelona,Kimpton Vividora Barcelona,5,4.5,1437,237,Stayforlong.com,302,906,2026-11-12,2026-11-15,3,2,USD,2026-10-09T09:42:47.184Z
Barcelona,Kimpton Vividora Barcelona,5,4.5,1437,237,Long Stay Discounts,302,905,2026-11-12,2026-11-15,3,2,USD,2026-10-09T09:42:47.184Z
Barcelona,Kimpton Vividora Barcelona,5,4.5,1437,237,HomeToGo,302,906,2026-11-12,2026-11-15,3,2,USD,2026-10-09T09:42:47.184Z
Barcelona,Kimpton Vividora Barcelona,5,4.5,1437,237,CHECK24.es,303,908,2026-11-12,2026-11-15,3,2,USD,2026-10-09T09:42:47.184Z
Barcelona,Kimpton Vividora Barcelona,5,4.5,1437,237,Luxury Escapes,311,933,2026-11-12,2026-11-15,3,2,USD,2026-10-09T09:42:47.184Z
Barcelona,Kimpton Vividora Barcelona,5,4.5,1437,237,Tripening Hotels,361,1083,2026-11-12,2026-11-15,3,2,USD,2026-10-09T09:42:47.184Z
Barcelona,Kimpton Vividora Barcelona,5,4.5,1437,237,Hotel prive,364,1093,2026-11-12,2026-11-15,3,2,USD,2026-10-09T09:42:47.184Z
Barcelona,Kimpton Vividora Barcelona,5,4.5,1437,237,Qantas Hotels,370,1110,2026-11-12,2026-11-15,3,2,USD,2026-10-09T09:42:47.184Z
Barcelona,Leonardo Royal Hotel Barcelona Fira,4,4.4,2102,111,Traveluro,111,333,2026-11-12,2026-11-15,3,2,USD,2026-10-09T09:42:47.184Z
Barcelona,Leonardo Royal Hotel Barcelona Fira,4,4.4,2102,111,trivago DEALS,113,338,2026-11-12,2026-11-15,3,2,USD,2026-10-09T09:42:47.184Z
Barcelona,Leonardo Royal Hotel Barcelona Fira,4,4.4,2102,111,Evendo,126,378,2026-11-12,2026-11-15,3,2,USD,2026-10-09T09:42:47.184Z
Barcelona,Leonardo Royal Hotel Barcelona Fira,4,4.4,2102,111,goseek.com,137,412,2026-11-12,2026-11-15,3,2,USD,2026-10-09T09:42:47.184Z
Barcelona,Leonardo Royal Hotel Barcelona Fira,4,4.4,2102,111,Billabook.com,142,425,2026-11-12,2026-11-15,3,2,USD,2026-10-09T09:42:47.184Z
Barcelona,Leonardo Royal Hotel Barcelona Fira,4,4.4,2102,111,Super.com,143,429,2026-11-12,2026-11-15,3,2,USD,2026-10-09T09:42:47.184Z
Barcelona,Leonardo Royal Hotel Barcelona Fira,4,4.4,2102,111,Tripadvisor.com,143,428,2026-11-12,2026-11-15,3,2,USD,2026-10-09T09:42:47.184Z
Barcelona,Leonardo Royal Hotel Barcelona Fira,4,4.4,2102,111,Agoda,143,429,2026-11-12,2026-11-15,3,2,USD,2026-10-09T09:42:47.184Z
Barcelona,Leonardo Royal Hotel Barcelona Fira,4,4.4,2102,111,Expedia.com,143,428,2026-11-12,2026-11-15,3,2,USD,2026-10-09T09:42:47.184Z
Barcelona,Leonardo Royal Hotel Barcelona Fira,4,4.4,2102,111,Priceline,143,429,2026-11-12,2026-11-15,3,2,USD,2026-10-09T09:42:47.184Z
Barcelona,Leonardo Royal Hotel Barcelona Fira,4,4.4,2102,111,Travelocity.com,143,428,2026-11-12,2026-11-15,3,2,USD,2026-10-09T09:42:47.184Z
Barcelona,Leonardo Royal Hotel Barcelona Fira,4,4.4,2102,111,Orbitz.com,143,428,2026-11-12,2026-11-15,3,2,USD,2026-10-09T09:42:47.184Z
Barcelona,Leonardo Royal Hotel Barcelona Fira,4,4.4,2102,111,CheapTickets.com,143,428,2026-11-12,2026-11-15,3,2,USD,2026-10-09T09:42:47.184Z
Barcelona,Leonardo Royal Hotel Barcelona Fira,4,4.4,2102,111,Reserving,144,433,2026-11-12,2026-11-15,3,2,USD,2026-10-09T09:42:47.184Z
Barcelona,Leonardo Royal Hotel Barcelona Fira,4,4.4,2102,111,Vio.com,145,434,2026-11-12,2026-11-15,3,2,USD,2026-10-09T09:42:47.184Z
Barcelona,Leonardo Royal Hotel Barcelona Fira,4,4.4,2102,111,Kiwi.com,145,434,2026-11-12,2026-11-15,3,2,USD,2026-10-09T09:42:47.184Z
Barcelona,Leonardo Royal Hotel Barcelona Fira,4,4.4,2102,111,eDreams,145,435,2026-11-12,2026-11-15,3,2,USD,2026-10-09T09:42:47.184Z
Barcelona,Leonardo Royal Hotel Barcelona Fira,4,4.4,2102,111,Etrip.net,145,434,2026-11-12,2026-11-15,3,2,USD,2026-10-09T09:42:47.184Z
Barcelona,Leonardo Royal Hotel Barcelona Fira,4,4.4,2102,111,Booking.com,146,438,2026-11-12,2026-11-15,3,2,USD,2026-10-09T09:42:47.184Z
Barcelona,Leonardo Royal Hotel Barcelona Fira,4,4.4,2102,111,Hotels.com,146,438,2026-11-12,2026-11-15,3,2,USD,2026-10-09T09:42:47.184Z
Barcelona,Leonardo Royal Hotel Barcelona Fira,4,4.4,2102,111,TravelUp,147,442,2026-11-12,2026-11-15,3,2,USD,2026-10-09T09:42:47.184Z
Barcelona,Leonardo Royal Hotel Barcelona Fira,4,4.4,2102,111,Stayforlong.com,151,452,2026-11-12,2026-11-15,3,2,USD,2026-10-09T09:42:47.184Z
Barcelona,Leonardo Royal Hotel Barcelona Fira,4,4.4,2102,111,Leonardo Hotels,157,472,2026-11-12,2026-11-15,3,2,USD,2026-10-09T09:42:47.184Z
Barcelona,Leonardo Royal Hotel Barcelona Fira,4,4.4,2102,111,Clicktrip.com,158,473,2026-11-12,2026-11-15,3,2,USD,2026-10-09T09:42:47.184Z
Barcelona,Leonardo Royal Hotel Barcelona Fira,4,4.4,2102,111,HomeToGo,162,485,2026-11-12,2026-11-15,3,2,USD,2026-10-09T09:42:47.184Z
Barcelona,Leonardo Royal Hotel Barcelona Fira,4,4.4,2102,111,Bluepillow.com,163,490,2026-11-12,2026-11-15,3,2,USD,2026-10-09T09:42:47.184Z
Barcelona,Leonardo Royal Hotel Barcelona Fira,4,4.4,2102,111,klook,166,498,2026-11-12,2026-11-15,3,2,USD,2026-10-09T09:42:47.184Z
Barcelona,Leonardo Royal Hotel Barcelona Fira,4,4.4,2102,111,Luxury Escapes,166,498,2026-11-12,2026-11-15,3,2,USD,2026-10-09T09:42:47.184Z
Barcelona,Leonardo Royal Hotel Barcelona Fira,4,4.4,2102,111,lastminute.com,171,513,2026-11-12,2026-11-15,3,2,USD,2026-10-09T09:42:47.184Z
Barcelona,Leonardo Royal Hotel Barcelona Fira,4,4.4,2102,111,Qantas Hotels,178,535,2026-11-12,2026-11-15,3,2,USD,2026-10-09T09:42:47.184Z
Barcelona,Hotel NH Collection Barcelona Gran Hotel Calderón,5,4.5,4682,203,Vio.com,203,609,2026-11-12,2026-11-15,3,2,USD,2026-10-09T09:42:47.184Z
Barcelona,Hotel NH Collection Barcelona Gran Hotel Calderón,5,4.5,4682,203,Traveluro,207,620,2026-11-12,2026-11-15,3,2,USD,2026-10-09T09:42:47.184Z
Barcelona,Hotel NH Collection Barcelona Gran Hotel Calderón,5,4.5,4682,203,trivago DEALS,209,626,2026-11-12,2026-11-15,3,2,USD,2026-10-09T09:42:47.184Z
Barcelona,Hotel NH Collection Barcelona Gran Hotel Calderón,5,4.5,4682,203,dealbase.com,211,633,2026-11-12,2026-11-15,3,2,USD,2026-10-09T09:42:47.184Z
Barcelona,Hotel NH Collection Barcelona Gran Hotel Calderón,5,4.5,4682,203,Priceline,213,640,2026-11-12,2026-11-15,3,2,USD,2026-10-09T09:42:47.184Z
Barcelona,Hotel NH Collection Barcelona Gran Hotel Calderón,5,4.5,4682,203,Super.com,216,647,2026-11-12,2026-11-15,3,2,USD,2026-10-09T09:42:47.184Z
Barcelona,Hotel NH Collection Barcelona Gran Hotel Calderón,5,4.5,4682,203,Billabook.com,221,662,2026-11-12,2026-11-15,3,2,USD,2026-10-09T09:42:47.184Z
Barcelona,Hotel NH Collection Barcelona Gran Hotel Calderón,5,4.5,4682,203,KAYAK.com,228,684,2026-11-12,2026-11-15,3,2,USD,2026-10-09T09:42:47.184Z
Barcelona,Hotel NH Collection Barcelona Gran Hotel Calderón,5,4.5,4682,203,NH Collection Barcelona Gran Hotel Calderón,238,715,2026-11-12,2026-11-15,3,2,USD,2026-10-09T09:42:47.184Z
Barcelona,Hotel NH Collection Barcelona Gran Hotel Calderón,5,4.5,4682,203,Booking.com,238,715,2026-11-12,2026-11-15,3,2,USD,2026-10-09T09:42:47.184Z
Barcelona,Hotel NH Collection Barcelona Gran Hotel Calderón,5,4.5,4682,203,Expedia.com,238,714,2026-11-12,2026-11-15,3,2,USD,2026-10-09T09:42:47.184Z
Barcelona,Hotel NH Collection Barcelona Gran Hotel Calderón,5,4.5,4682,203,Agoda,238,715,2026-11-12,2026-11-15,3,2,USD,2026-10-09T09:42:47.184Z
Barcelona,Hotel NH Collection Barcelona Gran Hotel Calderón,5,4.5,4682,203,Tripadvisor.com,238,714,2026-11-12,2026-11-15,3,2,USD,2026-10-09T09:42:47.184Z
Barcelona,Hotel NH Collection Barcelona Gran Hotel Calderón,5,4.5,4682,203,Trip.com,238,715,2026-11-12,2026-11-15,3,2,USD,2026-10-09T09:42:47.184Z
Barcelona,Hotel NH Collection Barcelona Gran Hotel Calderón,5,4.5,4682,203,Hotels.com,238,714,2026-11-12,2026-11-15,3,2,USD,2026-10-09T09:42:47.184Z
Barcelona,Hotel NH Collection Barcelona Gran Hotel Calderón,5,4.5,4682,203,Travelocity.com,238,714,2026-11-12,2026-11-15,3,2,USD,2026-10-09T09:42:47.184Z
Barcelona,Hotel NH Collection Barcelona Gran Hotel Calderón,5,4.5,4682,203,Orbitz.com,238,714,2026-11-12,2026-11-15,3,2,USD,2026-10-09T09:42:47.184Z
Barcelona,Hotel NH Collection Barcelona Gran Hotel Calderón,5,4.5,4682,203,CheapTickets.com,238,714,2026-11-12,2026-11-15,3,2,USD,2026-10-09T09:42:47.184Z
Barcelona,Hotel NH Collection Barcelona Gran Hotel Calderón,5,4.5,4682,203,müv AI,238,714,2026-11-12,2026-11-15,3,2,USD,2026-10-09T09:42:47.184Z
Barcelona,Hotel NH Collection Barcelona Gran Hotel Calderón,5,4.5,4682,203,Kiwi.com,240,721,2026-11-12,2026-11-15,3,2,USD,2026-10-09T09:42:47.184Z
Barcelona,Hotel NH Collection Barcelona Gran Hotel Calderón,5,4.5,4682,203,ZenHotels.com,242,726,2026-11-12,2026-11-15,3,2,USD,2026-10-09T09:42:47.184Z
Barcelona,Hotel NH Collection Barcelona Gran Hotel Calderón,5,4.5,4682,203,Reserving,247,740,2026-11-12,2026-11-15,3,2,USD,2026-10-09T09:42:47.184Z
Barcelona,Hotel NH Collection Barcelona Gran Hotel Calderón,5,4.5,4682,203,Clicktrip.com,248,745,2026-11-12,2026-11-15,3,2,USD,2026-10-09T09:42:47.184Z
Barcelona,Hotel NH Collection Barcelona Gran Hotel Calderón,5,4.5,4682,203,Evendo,257,770,2026-11-12,2026-11-15,3,2,USD,2026-10-09T09:42:47.184Z
Barcelona,Hotel NH Collection Barcelona Gran Hotel Calderón,5,4.5,4682,203,HomeToGo,267,802,2026-11-12,2026-11-15,3,2,USD,2026-10-09T09:42:47.184Z
Barcelona,Hotel NH Collection Barcelona Gran Hotel Calderón,5,4.5,4682,203,Bluepillow.com,267,802,2026-11-12,2026-11-15,3,2,USD,2026-10-09T09:42:47.184Z
Barcelona,Hotel NH Collection Barcelona Gran Hotel Calderón,5,4.5,4682,203,TRAVELKO,267,800,2026-11-12,2026-11-15,3,2,USD,2026-10-09T09:42:47.184Z
Barcelona,Hotel NH Collection Barcelona Gran Hotel Calderón,5,4.5,4682,203,CHECK24.es,268,803,2026-11-12,2026-11-15,3,2,USD,2026-10-09T09:42:47.184Z
Barcelona,Hotel NH Collection Barcelona Gran Hotel Calderón,5,4.5,4682,203,Traveloka.com,269,806,2026-11-12,2026-11-15,3,2,USD,2026-10-09T09:42:47.184Z
Barcelona,Hotel NH Collection Barcelona Gran Hotel Calderón,5,4.5,4682,203,BusinessHotels.com,271,812,2026-11-12,2026-11-15,3,2,USD,2026-10-09T09:42:47.184Z
Barcelona,Andante,3,4.4,1678,153,Vio.com,153,458,2026-11-12,2026-11-15,3,2,USD,2026-10-09T09:42:47.184Z
Barcelona,Andante,3,4.4,1678,153,goseek.com,153,458,2026-11-12,2026-11-15,3,2,USD,2026-10-09T09:42:47.184Z
Barcelona,Andante,3,4.4,1678,153,Kiwi.com,156,469,2026-11-12,2026-11-15,3,2,USD,2026-10-09T09:42:47.184Z
Barcelona,Andante,3,4.4,1678,153,Super.com,162,486,2026-11-12,2026-11-15,3,2,USD,2026-10-09T09:42:47.184Z
Barcelona,Andante,3,4.4,1678,153,Booking.com,176,527,2026-11-12,2026-11-15,3,2,USD,2026-10-09T09:42:47.184Z
Barcelona,Andante,3,4.4,1678,153,Expedia.com,176,527,2026-11-12,2026-11-15,3,2,USD,2026-10-09T09:42:47.184Z
Barcelona,Andante,3,4.4,1678,153,Hotels.com,176,527,2026-11-12,2026-11-15,3,2,USD,2026-10-09T09:42:47.184Z
Barcelona,Andante,3,4.4,1678,153,Priceline,176,527,2026-11-12,2026-11-15,3,2,USD,2026-10-09T09:42:47.184Z
Barcelona,Andante,3,4.4,1678,153,Travelocity.com,176,527,2026-11-12,2026-11-15,3,2,USD,2026-10-09T09:42:47.184Z
Barcelona,Andante,3,4.4,1678,153,Orbitz.com,176,527,2026-11-12,2026-11-15,3,2,USD,2026-10-09T09:42:47.184Z
Barcelona,Andante,3,4.4,1678,153,CheapTickets.com,176,527,2026-11-12,2026-11-15,3,2,USD,2026-10-09T09:42:47.184Z
Barcelona,Andante,3,4.4,1678,153,Long Stay Discounts,185,555,2026-11-12,2026-11-15,3,2,USD,2026-10-09T09:42:47.184Z
Barcelona,Andante,3,4.4,1678,153,Bluepillow.com,190,569,2026-11-12,2026-11-15,3,2,USD,2026-10-09T09:42:47.184Z
Barcelona,Andante,3,4.4,1678,153,CHECK24.es,193,579,2026-11-12,2026-11-15,3,2,USD,2026-10-09T09:42:47.184Z
Barcelona,Andante,3,4.4,1678,153,Reserving,193,580,2026-11-12,2026-11-15,3,2,USD,2026-10-09T09:42:47.184Z
Barcelona,Andante,3,4.4,1678,153,Catchit.com,193,579,2026-11-12,2026-11-15,3,2,USD,2026-10-09T09:42:47.184Z
Barcelona,Andante,3,4.4,1678,153,Stayforlong.com,205,616,2026-11-12,2026-11-15,3,2,USD,2026-10-09T09:42:47.184Z
Barcelona,Andante,3,4.4,1678,153,Hotel prive,246,737,2026-11-12,2026-11-15,3,2,USD,2026-10-09T09:42:47.184Z
Barcelona,Hotel NH Collection Barcelona Pòdium,4,4.6,2769,170,Traveluro,170,509,2026-11-12,2026-11-15,3,2,USD,2026-10-09T09:42:47.184Z
Barcelona,Hotel NH Collection Barcelona Pòdium,4,4.6,2769,170,trivago DEALS,174,522,2026-11-12,2026-11-15,3,2,USD,2026-10-09T09:42:47.184Z
Barcelona,Hotel NH Collection Barcelona Pòdium,4,4.6,2769,170,Super.com,174,522,2026-11-12,2026-11-15,3,2,USD,2026-10-09T09:42:47.184Z
Barcelona,Hotel NH Collection Barcelona Pòdium,4,4.6,2769,170,Billabook.com,186,557,2026-11-12,2026-11-15,3,2,USD,2026-10-09T09:42:47.184Z
Barcelona,Hotel NH Collection Barcelona Pòdium,4,4.6,2769,170,NH Collection Barcelona Pódium,196,589,2026-11-12,2026-11-15,3,2,USD,2026-10-09T09:42:47.184Z
Barcelona,Hotel NH Collection Barcelona Pòdium,4,4.6,2769,170,Booking.com,196,589,2026-11-12,2026-11-15,3,2,USD,2026-10-09T09:42:47.184Z
Barcelona,Hotel NH Collection Barcelona Pòdium,4,4.6,2769,170,Expedia.com,196,588,2026-11-12,2026-11-15,3,2,USD,2026-10-09T09:42:47.184Z
Barcelona,Hotel NH Collection Barcelona Pòdium,4,4.6,2769,170,Hotels.com,196,588,2026-11-12,2026-11-15,3,2,USD,2026-10-09T09:42:47.184Z
Barcelona,Hotel NH Collection Barcelona Pòdium,4,4.6,2769,170,Agoda,196,589,2026-11-12,2026-11-15,3,2,USD,2026-10-09T09:42:47.184Z
Barcelona,Hotel NH Collection Barcelona Pòdium,4,4.6,2769,170,Priceline,196,589,2026-11-12,2026-11-15,3,2,USD,2026-10-09T09:42:47.184Z
Barcelona,Hotel NH Collection Barcelona Pòdium,4,4.6,2769,170,Trip.com,196,588,2026-11-12,2026-11-15,3,2,USD,2026-10-09T09:42:47.184Z
Barcelona,Hotel NH Collection Barcelona Pòdium,4,4.6,2769,170,Travelocity.com,196,588,2026-11-12,2026-11-15,3,2,USD,2026-10-09T09:42:47.184Z
Barcelona,Hotel NH Collection Barcelona Pòdium,4,4.6,2769,170,Orbitz.com,196,588,2026-11-12,2026-11-15,3,2,USD,2026-10-09T09:42:47.184Z
Barcelona,Hotel NH Collection Barcelona Pòdium,4,4.6,2769,170,CheapTickets.com,196,588,2026-11-12,2026-11-15,3,2,USD,2026-10-09T09:42:47.184Z
Barcelona,Hotel NH Collection Barcelona Pòdium,4,4.6,2769,170,müv AI,196,588,2026-11-12,2026-11-15,3,2,USD,2026-10-09T09:42:47.184Z
Barcelona,Hotel NH Collection Barcelona Pòdium,4,4.6,2769,170,KAYAK.com,199,596,2026-11-12,2026-11-15,3,2,USD,2026-10-09T09:42:47.184Z
Barcelona,Hotel NH Collection Barcelona Pòdium,4,4.6,2769,170,eDreams,199,598,2026-11-12,2026-11-15,3,2,USD,2026-10-09T09:42:47.184Z
Barcelona,Hotel NH Collection Barcelona Pòdium,4,4.6,2769,170,Hotelscombined.com,199,596,2026-11-12,2026-11-15,3,2,USD,2026-10-09T09:42:47.184Z
Barcelona,Hotel NH Collection Barcelona Pòdium,4,4.6,2769,170,momondo.com,199,596,2026-11-12,2026-11-15,3,2,USD,2026-10-09T09:42:47.184Z
Barcelona,Hotel NH Collection Barcelona Pòdium,4,4.6,2769,170,Stayforlong.com,210,630,2026-11-12,2026-11-15,3,2,USD,2026-10-09T09:42:47.184Z
Barcelona,Hotel NH Collection Barcelona Pòdium,4,4.6,2769,170,TravelUp,215,644,2026-11-12,2026-11-15,3,2,USD,2026-10-09T09:42:47.184Z
Barcelona,Hotel NH Collection Barcelona Pòdium,4,4.6,2769,170,CHECK24.es,217,651,2026-11-12,2026-11-15,3,2,USD,2026-10-09T09:42:47.184Z
Barcelona,Hotel NH Collection Barcelona Pòdium,4,4.6,2769,170,HomeToGo,217,650,2026-11-12,2026-11-15,3,2,USD,2026-10-09T09:42:47.184Z
Barcelona,Hotel NH Collection Barcelona Pòdium,4,4.6,2769,170,Bluepillow.com,217,650,2026-11-12,2026-11-15,3,2,USD,2026-10-09T09:42:47.184Z
Barcelona,Hotel NH Collection Barcelona Pòdium,4,4.6,2769,170,Catchit.com,225,675,2026-11-12,2026-11-15,3,2,USD,2026-10-09T09:42:47.184Z
Barcelona,Hotel NH Collection Barcelona Pòdium,4,4.6,2769,170,Evendo,228,684,2026-11-12,2026-11-15,3,2,USD,2026-10-09T09:42:47.184Z
Barcelona,Hotel NH Collection Barcelona Pòdium,4,4.6,2769,170,lastminute.com,237,711,2026-11-12,2026-11-15,3,2,USD,2026-10-09T09:42:47.184Z
Barcelona,Hotel NH Collection Barcelona Pòdium,4,4.6,2769,170,Qantas Hotels,237,711,2026-11-12,2026-11-15,3,2,USD,2026-10-09T09:42:47.184Z
